claim_id,evidence_rank,citation,evidence_type,source_url,evidence_excerpt
043902b3c15aa603:C02,1,8 CFR 214.2(f)(5)(i),regulatory_text,,"(5) Period of Stay--(i) General. An F-1 student is admitted for a fixed period of time, which is the period necessary to complete the course of study indicated on the Form I-20, or successor form, not to exceed a period of 4 years, plus additional times noted in this paragraph. A continuing F-1 student may be granted additional time following the completion of studies to engage in post-completion optional practical training (OPT) and Science Technology Engineering and Mathematics (STEM) OPT, as described in paragraph (f)(5)(i)(D) of this section. An F-1 student described in this section may be admitted for a period of up to 30 days before the indicated report date or program start date listed on Form I-20 or successor form. An alien described in this paragraph may remain in the United States for an additional 30 days as provided in paragraph (f)(5)(v) of this section. The 30-day period before the indicated report date or program start date and 30 additional days following the program end date or the 4-year maximum period of admission do not count toward the maximum length of stay. The admission periods described in this paragraph are subject to the following exceptions:"
043902b3c15aa603:C02,2,8 CFR 214.2(j)(1)(ii)(A),regulatory_text,,"(ii) Admission period and period of stay. (A) J-1 exchange visitor. A J-1 exchange visitor may be admitted for the duration of the exchange visitor program, as stated by the program end date noted on Form DS-2019 or successor form, not to exceed a period of 4 years."
043902b3c15aa603:C02,3,8 CFR 214.2(f)(7)(i),regulatory_text,,"(i) Eligibility. USCIS may grant an extension of stay to an F-1 student who has maintained his or her F-1 status, but who is unable to complete his or her program by the end of his or her authorized period of admission. Such student may be eligible for an extension if the designated school official issues a new Form I-20 or successor form certifying that the student is eligible under this paragraph. An F-1 student may be granted an extension if it is established that the student:"
043902b3c15aa603:C02,4,90 FR 42094,agency_explanation,,"The length of the extension granted could be up to the period of time needed to complete the program or requested practical training, not to exceed 4 years, unless the alien is a border commuter, enrolled in language training, or attending a public high school, in which case further restrictions apply, as described above. By permitting admission only ""up to"" the prescribed period, USCIS and CBP are afforded discretion as to the ultimate length of time to grant the applicant and consider factors such as program length."
043902b3c15aa603:C02,5,90 FR 42081,agency_explanation,,"Under this proposal, aliens applying for admission in either F or J status who, under this proposal, would be eligible to be admitted for a maximum period of 4 years or the length of program as specified on Form I-20 or DS-2019, whichever is shorter, or the end date of the approved employment authorization for post-completion OPT and Science Technology Engineering and Mathematics (STEM) OPT, as applicable, plus additional 30 day periods for arrival and a 30-day period to prepare for departure or to otherwise seek to obtain lawful authorization to remain in the United States. See proposed 8 CFR 214.1(a)(4)(i) through (iii); and 8 CFR 214.2(f)(5) and (j)(1)(ii)."
043902b3c15aa603:C03,1,8 CFR 214.1(m)(1),regulatory_text,,"(1) Transition from duration of status admission to a fixed admission period for aliens properly maintaining F and J status on [DHS WILL INSERT DATE 60 DAYS AFTER DATE OF PUBLICATION OF THE FINAL RULE]. Aliens with F or J status who are properly maintaining their status on [DHS WILL INSERT DATE 60 DAYS AFTER DATE OF PUBLICATION OF THE FINAL RULE] and who were admitted for duration of status are authorized to remain in the United States in F or J nonimmigrant status until the later date of either the expiration date on an Employment Authorization Document, Form I-766, or successor form or the program end date noted on their Form I-20 or Form DS-2019, as applicable, not to exceed a period of 4 years from [DHS WILL INSERT DATE 60 DAYS AFTER DATE OF PUBLICATION OF THE FINAL RULE], plus the departure period of 60 days for F nonimmigrants, which is [DHS WILL INSERT DATE 4 YEARS AND 120 DAYS AFTER DATE OF PUBLICATION OF THE FINAL RULE], and 30 days for J nonimmigrants, which is [DHS WILL INSERT DATE 4 YEARS AND 90 DAYS AFTER DATE OF PUBLICATION OF THE FINAL RULE]. Subject to 8 CFR 274a.14, any authorized employment or training continues until the program end date on such F or J nonimmigrant's Form I-20 or DS-2019, as applicable and as endorsed by the designated school official or responsible officer for employment or training, or expiration date on the alien's Employment Authorization Document, Form I-766, or successor form. Aliens who need additional time to complete their current program of study, including requests for post-completion optional practical training (OPT) and Science Technology Engineering and Mathematics (STEM) OPT, or exchange visitor program, including academic training, or would like to start a new program of study or exchange visitor program must apply for an extension of stay with USCIS in accordance with paragraph (c)(2) of this section for an admission period to a fixed date."
043902b3c15aa603:C03,2,90 FR 42073,agency_explanation,,Requiring any nonimmigrant who has completed a program at one educational level to only be allowed to begin another program at a higher educational level while in F-1 status and prohibiting a change to the same or a lower educational level while in F-1 status;
043902b3c15aa603:C03,3,90 FR 42072,agency_explanation,,"Striking all references to D/S for F, J, and I nonimmigrants;"
043902b3c15aa603:C03,4,90 FR 42098–42099,agency_explanation,,"In order to be granted I classification, an alien would need to meet his or her burden of proof to establish eligibility for admission in that nonimmigrant classification. DHS believes that evidence presented by such individuals to establish employment as a bona fide representative of foreign press, radio, film or other journalistic information media should be provided in a letter from the employing foreign media organization verifying the employment, the work to be performed, and the remuneration involved. See proposed 8 CFR 214.2(i)(2). This evidence would provide a standard basis for DHS to evaluate whether the applicant intends to comply with the I classification and only engage in the regular gathering, production or dissemination via print, radio, television, internet distribution or other media of journalistic information and represents, as an employee or under contract, an organization with an office in a foreign country. For example, such a letter would be able to describe the content that the foreign information media representative is covering in the United States, which must be primarily journalistic information in nature, such as the reporting on recent or important events, investigative reporting, or producing educational materials, such as documentaries. Foreign media organizations would be able to describe how the content is primarily designed to provide information rather than entertainment, such as scripted or contrived situations, such as most ""reality television"" shows, which do not qualify an individual for admission under the I nonimmigrant classification.[^142]"
043902b3c15aa603:C03,5,90 FR 42080,agency_explanation,,"Admitting most I nonimmigrants for D/S affords them different treatment from most other nonimmigrants, who are admitted for a specified period of time. The Department believes admitting aliens temporarily in the United States for a fixed period would strengthen vetting and information collection and help immigration officers ensure that the I nonimmigrants are, and will be, engaged in activities that are permissible under INA 101(a)(15)(I). In addition, this rulemaking proposes to require individuals who wish to remain in I nonimmigrant status beyond the end date for their authorized stay to apply for an EOS with USCIS, at which point immigration officers can review their activities in the United States. It also clarifies what DHS would require these individuals to present as evidence supporting their EOS request.[^86]"
043902b3c15aa603:C04,1,8 CFR 214.2(i)(3)(ii),regulatory_text,,"(ii) Foreign nationals travelling on a passport issued by the People's Republic of China (with the exception of Hong Kong Special Administrative Region passport holders and Macau Special Administrative Region passport holders). An alien who presents a passport from the People's Republic of China (with the exception of Hong Kong Special Administrative Region passport holders and Macau Special Administrative Region passport holders), may be admitted until the activities or assignments consistent with the I classification are completed, not to exceed 90 days."
043902b3c15aa603:C04,2,8 CFR 214.1(m)(1),regulatory_text,,"(1) Transition from duration of status admission to a fixed admission period for aliens properly maintaining F and J status on [DHS WILL INSERT DATE 60 DAYS AFTER DATE OF PUBLICATION OF THE FINAL RULE]. Aliens with F or J status who are properly maintaining their status on [DHS WILL INSERT DATE 60 DAYS AFTER DATE OF PUBLICATION OF THE FINAL RULE] and who were admitted for duration of status are authorized to remain in the United States in F or J nonimmigrant status until the later date of either the expiration date on an Employment Authorization Document, Form I-766, or successor form or the program end date noted on their Form I-20 or Form DS-2019, as applicable, not to exceed a period of 4 years from [DHS WILL INSERT DATE 60 DAYS AFTER DATE OF PUBLICATION OF THE FINAL RULE], plus the departure period of 60 days for F nonimmigrants, which is [DHS WILL INSERT DATE 4 YEARS AND 120 DAYS AFTER DATE OF PUBLICATION OF THE FINAL RULE], and 30 days for J nonimmigrants, which is [DHS WILL INSERT DATE 4 YEARS AND 90 DAYS AFTER DATE OF PUBLICATION OF THE FINAL RULE]. Subject to 8 CFR 274a.14, any authorized employment or training continues until the program end date on such F or J nonimmigrant's Form I-20 or DS-2019, as applicable and as endorsed by the designated school official or responsible officer for employment or training, or expiration date on the alien's Employment Authorization Document, Form I-766, or successor form. Aliens who need additional time to complete their current program of study, including requests for post-completion optional practical training (OPT) and Science Technology Engineering and Mathematics (STEM) OPT, or exchange visitor program, including academic training, or would like to start a new program of study or exchange visitor program must apply for an extension of stay with USCIS in accordance with paragraph (c)(2) of this section for an admission period to a fixed date."
043902b3c15aa603:C04,3,8 CFR 214.2(j)(1)(ii)(C),regulatory_text,,"(C) Period of stay. A J-1 exchange visitor and J-2 spouse and unmarried children under the age of 21 may be admitted for a period up to 30 days before the report date or start of the approved program listed on Form DS-2019 or successor form. The dependents accompanying a J-1 exchange visitor are eligible for admission in J-2 status if the exchange visitor is admitted in J-1 status. A J-1 exchange visitor and J-2 accompanying dependents may remain in the United States for a period of 30 days from the program end date or the 4-year maximum period of admission, whichever is earlier, for the purposes of departure or to otherwise seek to maintain lawful status. The 30-day period will be reflected on the alien's Arrival/Departure Record, Form I-94 or successor form. The 30-day period before the indicated report date or program start date and 30 additional days following the program end date or the 4-year maximum period of admission do not count towards the maximum period of admission."
043902b3c15aa603:C04,4,90 FR 42071,agency_explanation,,"For F and J visa holders, the Immigration and Nationality Act (INA) specifically states that aliens must have a residence in a foreign country which they have no intention of abandoning and seek to enter the United States temporarily.[^15] Yet, DHS has many examples of students and exchange visitors staying for decades in their student or exchange visitor status.[^16]"
043902b3c15aa603:C04,5,90 FR 42077,agency_explanation,,"Apart from concerns about DSOs and school owners involved in fraudulent schemes, DHS also has concerns about the actions of the aliens themselves. Some aliens have used the F classification to reside in the United States for decades by continuously enrolling in or transferring between schools, a practice facilitated by the D/S framework.[^64] DHS has identified over 2,100 aliens who first entered as F-1 students between 2000 and 2010 and remain in active F-1 status as of April 6, 2025.[^65] To extend their stay, these aliens enrolled in consecutive educational programs, they transferred to new schools, or DSOs repeatedly extended their program end dates. This practice is not limited to any one particular type of school; students at community or junior colleges, universities, and language training schools have maintained F-1 status for lengthy periods. While these instances of extended stay may not always result in technical violations of the law, DHS is concerned that such stays violate the spirit of the law, given that student status is meant to be temporary, with the alien having no intention of abandoning their residence in a foreign country, and for the primary purpose of studying, not as a way to remain in the United States indefinitely.[^66]"
043902b3c15aa603:C05,1,90 FR 42072,agency_explanation,,"Striking all references to D/S for F, J, and I nonimmigrants;"
043902b3c15aa603:C05,2,8 CFR 214.2(i)(3)(ii),regulatory_text,,"(ii) Foreign nationals travelling on a passport issued by the People's Republic of China (with the exception of Hong Kong Special Administrative Region passport holders and Macau Special Administrative Region passport holders). An alien who presents a passport from the People's Republic of China (with the exception of Hong Kong Special Administrative Region passport holders and Macau Special Administrative Region passport holders), may be admitted until the activities or assignments consistent with the I classification are completed, not to exceed 90 days."
043902b3c15aa603:C05,3,90 FR 42070,front_matter,,"Comments must be received on or before September 29, 2025. Information collection comment period: Comments on the information collection described in the Paperwork Reduction Act section below must be received by October 27, 2025."
043902b3c15aa603:C05,4,90 FR 42093,agency_explanation,,"The requirements to timely request an extension of the program end date would remain largely unchanged; however, DHS proposes a technical change to replace all references to the DSO ""granting"" an extension of the program with the term ""recommend"" an extension of the program in order for the student to file for EOS because USCIS, not the DSO, would ""grant"" the EOS. See proposed 8 CFR 214.2(f)(7)(ii). For example, a student may not necessarily be granted an EOS by USCIS if an adjudicator determines the student has not actually maintained status or does not actually have compelling academic or documented medical reasons for the delay, despite the DSO's recommendation for program extension. Where the alien requests a recommendation to extend the program end date, the DSO could only make a recommendation to extend the program if the alien requested the extension before the program end date noted on the most recent Form I-20, or successor form. Additionally, consistent with proposed changes throughout this NPRM, once the DSO recommends the extension of the program, the alien would need to timely file for an EOS on the form and in the manner designated by USCIS, with the required fees and in accordance with the filing instructions, including any biometrics required by 8 CFR 103.16 and a valid, properly endorsed Form I-20 or successor form, showing the new program end date barring extraordinary circumstances. See 8 CFR 214.1(c)(4) and proposed 8 CFR 214.2(f)(7)(ii) and (f)(7)(iii)."
043902b3c15aa603:C05,5,90 FR 42080,agency_explanation,,"Exchange visitor program categories include college and university students, which share similarities with the F-1 nonimmigrant classification. Students enrolled in such programs are pursuing post-secondary studies alongside F-1 nonimmigrants. J-1 college and university students in a degree program may be authorized to participate in the exchange visitor program so long as they meet the requirements for duration of participation, including pursuing a full course of study, echoing the full course of study requirements for F-1 nonimmigrants. Their programs may also be extended by the ROs, subject to regulation and/or approval by DOS, without an application to DHS. These similarities give rise to the same concerns related to F-1s about national security, as described above, and about fraud and abuse by J-1s and their ROs. By requiring the same fixed period of admission for F-1s and J-1s, J-1 college and university students in exchange visitor programs would be unable to circumvent the intent of this proposed rule, [^83] which is to protect the integrity of these programs and provide additional protections and mechanisms for oversight. Because J exchange visitors are also tracked in SEVIS, DHS believes it would be more effective for an immigration officer to periodically confirm that an alien has properly maintained status, rather than relying on the checks of an RO that the J-1 is pursuing the activities permitted by the exchange visitor program. As noted above, DHS believes it is more appropriate for immigration officers, with their background checks, clearances, and training from the U.S. government, to adjudicate maintenance of nonimmigrant status and whether an alien is eligible for an additional admission period. Switching from D/S to a fixed period of admission would permit immigration officers the opportunity to determine whether an alien is eligible for an additional period of time. If an officer finds a violation of status while adjudicating the alien's request, the consequences could be immediate. Applicants for EOS must also establish that they are admissible, and failure to do so will result in denial of the EOS.[^84] Admissibility grounds are complex and are properly assessed by a trained DHS officer. Such an assessment is not currently made when J exchange visitors apply for an extension of their program with their RO.[^85] Thus, admitting J exchange visitors for a fixed period, instead of for D/S, would give DHS more frequent opportunities to directly vet these foreign visitors and ensure they are bona fide exchange visitors and it would prevent and deter nefarious actors within the J exchange visitor population. Under the proposed changes to the period of admission of J exchange visitors and the applicable EOS process, DHS would more frequently collect biometrics and other information from J exchange visitors, enhancing the Government's oversight and monitoring of these aliens."
5ac3f396d3af9b42:C01,1,90 FR 42073,agency_explanation,,Decreasing from 60 to 30 days the allowed period for F-1 nonimmigrants to prepare to depart from the United States after completion of a course of study or authorized period of post-completion practical training;
5ac3f396d3af9b42:C01,2,8 CFR 214.1(m)(1),regulatory_text,,"(1) Transition from duration of status admission to a fixed admission period for aliens properly maintaining F and J status on [DHS WILL INSERT DATE 60 DAYS AFTER DATE OF PUBLICATION OF THE FINAL RULE]. Aliens with F or J status who are properly maintaining their status on [DHS WILL INSERT DATE 60 DAYS AFTER DATE OF PUBLICATION OF THE FINAL RULE] and who were admitted for duration of status are authorized to remain in the United States in F or J nonimmigrant status until the later date of either the expiration date on an Employment Authorization Document, Form I-766, or successor form or the program end date noted on their Form I-20 or Form DS-2019, as applicable, not to exceed a period of 4 years from [DHS WILL INSERT DATE 60 DAYS AFTER DATE OF PUBLICATION OF THE FINAL RULE], plus the departure period of 60 days for F nonimmigrants, which is [DHS WILL INSERT DATE 4 YEARS AND 120 DAYS AFTER DATE OF PUBLICATION OF THE FINAL RULE], and 30 days for J nonimmigrants, which is [DHS WILL INSERT DATE 4 YEARS AND 90 DAYS AFTER DATE OF PUBLICATION OF THE FINAL RULE]. Subject to 8 CFR 274a.14, any authorized employment or training continues until the program end date on such F or J nonimmigrant's Form I-20 or DS-2019, as applicable and as endorsed by the designated school official or responsible officer for employment or training, or expiration date on the alien's Employment Authorization Document, Form I-766, or successor form. Aliens who need additional time to complete their current program of study, including requests for post-completion optional practical training (OPT) and Science Technology Engineering and Mathematics (STEM) OPT, or exchange visitor program, including academic training, or would like to start a new program of study or exchange visitor program must apply for an extension of stay with USCIS in accordance with paragraph (c)(2) of this section for an admission period to a fixed date."
5ac3f396d3af9b42:C01,3,8 CFR 214.2(f)(5)(i),regulatory_text,,"(5) Period of Stay--(i) General. An F-1 student is admitted for a fixed period of time, which is the period necessary to complete the course of study indicated on the Form I-20, or successor form, not to exceed a period of 4 years, plus additional times noted in this paragraph. A continuing F-1 student may be granted additional time following the completion of studies to engage in post-completion optional practical training (OPT) and Science Technology Engineering and Mathematics (STEM) OPT, as described in paragraph (f)(5)(i)(D) of this section. An F-1 student described in this section may be admitted for a period of up to 30 days before the indicated report date or program start date listed on Form I-20 or successor form. An alien described in this paragraph may remain in the United States for an additional 30 days as provided in paragraph (f)(5)(v) of this section. The 30-day period before the indicated report date or program start date and 30 additional days following the program end date or the 4-year maximum period of admission do not count toward the maximum length of stay. The admission periods described in this paragraph are subject to the following exceptions:"
5ac3f396d3af9b42:C01,4,8 CFR 214.2(f)(7)(vi),regulatory_text,,"(vi) Period of Stay. If an application for extension is granted, the F-1 student and the student's F-2 spouse and children, if applicable, are to be given an extension of stay for the period of time necessary to complete the program as listed on the F-1 student's Form I-20, or successor form, or requested practical training, not to exceed 4 years. The 30-day period before the indicated report date or program start date and 30 additional days following the program end date or the 4-year maximum period of admission do not count toward the maximum length of an extension. Extensions of stay for F-2 dependents may not exceed the authorized admission period of the principal F-1 student."
5ac3f396d3af9b42:C07,1,90 FR 42073,agency_explanation,,Prohibiting F-1 students at the graduate education level from changing programs at any point during a program of study.
5ac3f396d3af9b42:C07,2,90 FR 42073,agency_explanation,,Requiring any nonimmigrant who has completed a program at one educational level to only be allowed to begin another program at a higher educational level while in F-1 status and prohibiting a change to the same or a lower educational level while in F-1 status;
5ac3f396d3af9b42:C07,3,90 FR 42073,agency_explanation,,"For F-1 students changing educational objectives or transferring to an SEVP-certified school, requiring that the student complete his or her first academic year of a program of study at the school that initially issued his or her Form I-20 or successor form, unless an exception is authorized by SEVP;"
5ac3f396d3af9b42:C07,4,8 CFR 214.2(f)(5)(ii)(A),regulatory_text,,"(A) An F-1 student at any level below the graduate degree level may not change programs or educational objectives, i.e. programs, majors, or educational levels, within the first academic year of a program of study, unless an exception is authorized by SEVP for extenuating circumstances that may include, but are not limited to, a school closure or a school's prolonged inability to hold in-person classes due to a natural disaster or other cause. An F-1 student at the graduate degree level or above may not change programs at any point during a program of study."
5ac3f396d3af9b42:C07,5,90 FR 42088,agency_explanation,,"While there may be legitimate cases of students who wish to change their educational objective to gain knowledge at a lower or at the same educational level, the traditional path of study typically progresses from a lower educational program to a higher one. The existing regulations present a model consistent with the majority of bona fide students who follow this traditional trajectory. The term ""full course of study"" as defined in the existing regulations requires that the program ""lead to the attainment of a specific educational or professional objective."" [^109] Repeated changes to a program of study either within the same educational level or to move to a lower level, as well as immediate changes to a program of study upon initial entry into the United States, are not consistent with attainment of such an educational or professional objective. This understanding was reflected in the preamble to a 1986 rulemaking proposing changes to the F regulations, which stated: ""The proposed regulation . . . places limitations on the length of time a student may remain in any one level of study. Thus, the Service has eliminated applications for [EOS] for students who are progressing from one educational level to another but has placed a control over students who, for an inordinate length of time, remain in one level of study."" [^110] But, by 1991, INS eliminated all EOS applications and began to rely on DSO's to make the decision on whether educational progress was being made. In the decades that have followed, it has become clear that this has enabled thousands to stay here for decades by switching programs and not making any upward progress.[^111]"
5ac3f396d3af9b42:C08,1,8 CFR 214.2(f)(7)(i)(C)(1),regulatory_text,,"(1) A currently issued Form I-20, or successor form, indicating additional time is left to complete his or her program of study; or"
5ac3f396d3af9b42:C08,2,8 CFR 214.2(f)(7)(i),regulatory_text,,"(i) Eligibility. USCIS may grant an extension of stay to an F-1 student who has maintained his or her F-1 status, but who is unable to complete his or her program by the end of his or her authorized period of admission. Such student may be eligible for an extension if the designated school official issues a new Form I-20 or successor form certifying that the student is eligible under this paragraph. An F-1 student may be granted an extension if it is established that the student:"
5ac3f396d3af9b42:C08,3,90 FR 42073,agency_explanation,,Requiring any nonimmigrant who has completed a program at one educational level to only be allowed to begin another program at a higher educational level while in F-1 status and prohibiting a change to the same or a lower educational level while in F-1 status;
5ac3f396d3af9b42:C08,4,90 FR 42084,agency_explanation,,"In all events, when an F-1 or a J-2 nonimmigrant travels while the employment authorization or EOS application is pending, he or she is still expected to respond to any Request for Evidence (RFE) and to timely submit the requested documents. Because an RFE may arrive after an alien departs, either electronically or at a U.S. address, aliens traveling outside the United States while applications are pending are advised to make necessary arrangements to determine whether they have received an RFE relating to their application and to timely respond to any RFE.[^97] Failure to do so could result in USCIS denying an employment authorization or EOS application for abandonment."
5ac3f396d3af9b42:C08,5,90 FR 42097,agency_explanation,,"As noted above in the discussion concerning EOS applications for F nonimmigrants, DHS considered but declined to adopt a policy that will result in abandonment of the EOS application upon traveling outside the United States while the EOS is pending. A J-1 or J-2 alien who travels during the time the EOS is pending may not be considered to have abandoned the EOS application. See proposed 8 CFR 214.1(c)(8)."
5ac3f396d3af9b42:C13,1,90 FR 42073,agency_explanation,,Prohibiting F-1 students at the graduate education level from changing programs at any point during a program of study.
5ac3f396d3af9b42:C13,2,90 FR 42073,agency_explanation,,Requiring any nonimmigrant who has completed a program at one educational level to only be allowed to begin another program at a higher educational level while in F-1 status and prohibiting a change to the same or a lower educational level while in F-1 status;
5ac3f396d3af9b42:C13,3,8 CFR 214.1(m)(1),regulatory_text,,"(1) Transition from duration of status admission to a fixed admission period for aliens properly maintaining F and J status on [DHS WILL INSERT DATE 60 DAYS AFTER DATE OF PUBLICATION OF THE FINAL RULE]. Aliens with F or J status who are properly maintaining their status on [DHS WILL INSERT DATE 60 DAYS AFTER DATE OF PUBLICATION OF THE FINAL RULE] and who were admitted for duration of status are authorized to remain in the United States in F or J nonimmigrant status until the later date of either the expiration date on an Employment Authorization Document, Form I-766, or successor form or the program end date noted on their Form I-20 or Form DS-2019, as applicable, not to exceed a period of 4 years from [DHS WILL INSERT DATE 60 DAYS AFTER DATE OF PUBLICATION OF THE FINAL RULE], plus the departure period of 60 days for F nonimmigrants, which is [DHS WILL INSERT DATE 4 YEARS AND 120 DAYS AFTER DATE OF PUBLICATION OF THE FINAL RULE], and 30 days for J nonimmigrants, which is [DHS WILL INSERT DATE 4 YEARS AND 90 DAYS AFTER DATE OF PUBLICATION OF THE FINAL RULE]. Subject to 8 CFR 274a.14, any authorized employment or training continues until the program end date on such F or J nonimmigrant's Form I-20 or DS-2019, as applicable and as endorsed by the designated school official or responsible officer for employment or training, or expiration date on the alien's Employment Authorization Document, Form I-766, or successor form. Aliens who need additional time to complete their current program of study, including requests for post-completion optional practical training (OPT) and Science Technology Engineering and Mathematics (STEM) OPT, or exchange visitor program, including academic training, or would like to start a new program of study or exchange visitor program must apply for an extension of stay with USCIS in accordance with paragraph (c)(2) of this section for an admission period to a fixed date."
5ac3f396d3af9b42:C03,1,8 CFR 214.2(f)(5)(i)(A),regulatory_text,,"(A) F-1 students whose course of study is in an English language training program are restricted to a maximum of admission period of 24 months, plus an additional 30-day period of stay for the purposes of departure or to otherwise seek to maintain lawful status."
5ac3f396d3af9b42:C03,2,8 CFR 214.2(f)(5)(i)(C),regulatory_text,,"(C) F-1 students attending a public high school, which may also include a charter school or other similar school funded by U.S. taxpayers, are restricted to an aggregate of no more than 12 months to complete their course of study, including any school breaks and annual vacations."
5ac3f396d3af9b42:C03,3,8 CFR 214.2(f)(5)(i),regulatory_text,,"(5) Period of stay--(i) General. An F-1 student is admitted for a fixed period of time, which is the period necessary to complete the course of study indicated on the Form I-20, or successor form, not to exceed a period of 4 years, plus additional times noted in this paragraph (f)(5)(i). A continuing F-1 student may be granted additional time to complete their program of study, as described in paragraphs (f)(7) and (f)(8)(iv) of this section, begin a new program of study, as described in paragraphs (f)(5)(ii)(D) and (f)(7) of this section, or following the completion of studies to engage in post-completion optional practical training (OPT) and the Science, Technology, Engineering and Mathematics (STEM) extension of OPT, as described in paragraph (f)(5)(i)(D) of this section. An F-1 student described in this section may be admitted for a period of up to 30 days before the indicated report date or program start date listed on the Form I-20 or successor form. An alien described in this paragraph (f)(5)(i) may remain in the United States for an additional 30 days as provided in paragraph (f)(5)(v) of this section. The 30-day period before the indicated report date or program start date and 30 additional days following the program end date or the 4-year maximum period of admission do not count toward the maximum length of stay. The admission periods described in this paragraph (f)(5)(i) are subject to the following exceptions:"
5ac3f396d3af9b42:C03,4,91 FR 45103,agency_explanation,,"Fifth, F-1 students in a language training program will be restricted to an aggregate of 24 months of language study, which will include breaks and an annual vacation. See new 8 CFR 214.2(f)(5)(i)(A). This limitation is a way to prevent abuse of the F-1 program. Public Law 111-306, enacted on December 14, 2010, and effective since 2011, requires language training schools enrolling F-1 students to be accredited by an accrediting agency recognized by the ED. DHS has found students enrolling in lengthy periods of language training, in some cases for more than two decades.[^307] DHS has also identified students who enrolled in language training programs despite previously being enrolled in or completing undergraduate and graduate programs requiring English language proficiency.[^308] Unlike degree programs that typically have prescribed course completion requirements, there are no nationally-recognized, standard completion requirements for language training programs and students are able to enroll in language training programs for lengthy periods of time. The lengthy enrollment in a language program, including enrollment in language courses for long periods subsequent to completion of a program of study that requires proficiency in English, raises concerns about whether the F-1 nonimmigrants meet the statutory definition of a bona fide student with the intent of entering the United States for temporary study.[^309] Therefore, there is a 24-month aggregate limit for F-1 students to participate in a language training program, as it will provide a reasonable period of time for students to attain proficiency while mitigating DHS's concerns about the integrity of the program. This timeframe generally comports with the amount of time needed to gain the highest level of English proficiency under the Cambridge English Exam.[^310] This is retained in the final rule."
5ac3f396d3af9b42:C03,5,91 FR 44979,agency_explanation,,"Limiting language training students to an aggregate 24-month period of stay, including breaks and an annual vacation;"
5ac3f396d3af9b42:C04,1,8 CFR 214.2(f)(5)(i)(C),regulatory_text,,"(C) F-1 students attending a public high school, which may also include a charter school or other similar school funded by U.S. taxpayers, are restricted to an aggregate of no more than 12 months to complete their course of study, including any school breaks and annual vacations."
5ac3f396d3af9b42:C04,2,91 FR 45102,agency_explanation,,"Second, the NPRM proposed retaining in the regulations the statutory limitation that restricts public high school students to an aggregate of 12 months of study at any public high school(s) while also clarifying that the 12-month aggregate period includes any school breaks and annual vacations. This is retained in the final rule with clarification that a public high school may also include a charter school or other similar school funded by U.S. taxpayers. See new 8 CFR 214.2(f)(5)(i)(C). Current requirements, including paying the full cost of education, also remain in place."
5ac3f396d3af9b42:C04,3,91 FR 45110,agency_explanation,,"The length of the extension granted could be up to the period of time needed to complete the program or requested practical training, not to exceed 4 years, unless the alien is a border commuter, enrolled in language training, or attending a public high school. By permitting admission only ""up to"" the prescribed period, USCIS and CBP are afforded discretion as to the ultimate length of time to grant the applicant and consider factors such as program length."
6ef49be7ff558976:C12,1,8 CFR 214.1(m)(1)(i),regulatory_text,,"(i) Notwithstanding paragraph (m)(1) of this section, an F-1 student recommended for post-completion OPT who files before his or her period of admission expires, including the 60 day departure period, an Application for Employment Authorization, Form I-765, or successor form on the form and in the manner designated by USCIS, with the required fee, as described in the form's instructions, on or before [DHS WILL INSERT DATE SIX MONTHS AFTER THE EFFECTIVE DATE OF THE FINAL RULE], is not required to file an Application to Extend/Change Nonimmigrant Status, Form I-539, or successor form for the requested period of post-completion OPT. An F-1 student recommended for STEM OPT who files, prior to his or her current OPT Employment Authorization Document, Form I-766, or successor form expires, an Application for Employment Authorization, Form I-765, or successor form on or before [DHS WILL INSERT DATE SIX MONTHS AFTER THE EFFECTIVE DATE OF THE FINAL RULE], is not required to file an Application to Extend/Change Nonimmigrant Status, Form I-539, or successor form for the requested period of STEM OPT. If the alien's application for post-completion OPT or STEM-OPT employment authorization is approved, the alien will be authorized to remain in the United States in F status until the expiration date of the employment authorization document, plus 60 days. If the employment authorization application is denied, the F-1 student would continue to be authorized to remain in the United States until the program end date listed on their Form I-20, valid on [DHS WILL INSERT DATE 60 DAYS AFTER DATE OF PUBLICATION OF THE FINAL RULE] plus 60 days, as long as he or she continues to pursue a full course of study and otherwise meets the requirements for F-1 status, or until the end date of the employment authorization document for post-completion OPT, as long as he or she continues to meet the requirements for F-1 status, plus 60 days."
6ef49be7ff558976:C12,2,90 FR 42084,agency_explanation,,"For those aliens in F-1 status, admitted for D/S, present in the United States 60 days after the final rule publication who have timely filed on or before 6 months after the effective date of the final rule for an application for post-completion OPT or a STEM OPT extension, there would not be a requirement to file an EOS application, and, instead, they would be required to file the application for employment authorization for post-completion OPT or a STEM OPT extension. See proposed 8 CFR 214.1(m)(1)(i). An F-1 nonimmigrant who departs the United States before filing the application for post-completion OPT or STEM OPT, and is subsequently admitted to the United States with a fixed period of admission would be required to file both an application for employment authorization, (Form I-765 or successor form) and an EOS (Form I-539, or successor form), pursuant to 8 CFR 214.2(f)(11)(i)(B)(2) or (C). As discussed above concerning the general period of admissibility, an F-1 nonimmigrant who departs the United States while the application for employment authorization for post-completion OPT or STEM OPT is pending or once approved would be admitted for a fixed admission period pursuant to 8 CFR 214.1(a)(4)(iii). F-1 nonimmigrants who file for employment authorization for STEM OPT would remain eligible for the 180-day extension of their post-completion OPT EAD while their application for STEM OPT is pending pursuant to 8 CFR 274a.12(b)(6)(iv)."
6ef49be7ff558976:C09,1,8 CFR 214.2(f)(5)(ii)(A),regulatory_text,,"(A) An F-1 student at any level below the graduate degree level may not change programs or educational objectives, i.e. programs, majors, or educational levels, within the first academic year of a program of study, unless an exception is authorized by SEVP for extenuating circumstances that may include, but are not limited to, a school closure or a school's prolonged inability to hold in-person classes due to a natural disaster or other cause. An F-1 student at the graduate degree level or above may not change programs at any point during a program of study."
6ef49be7ff558976:C09,2,90 FR 42073,agency_explanation,,Prohibiting F-1 students at the graduate education level from changing programs at any point during a program of study.
6ef49be7ff558976:C05,1,8 CFR 214.2(f)(5)(i)(A),regulatory_text,,"(A) F-1 students whose course of study is in an English language training program are restricted to a maximum of admission period of 24 months, plus an additional 30-day period of stay for the purposes of departure or to otherwise seek to maintain lawful status."
6ef49be7ff558976:C05,2,91 FR 44979,agency_explanation,,"Limiting language training students to an aggregate 24-month period of stay, including breaks and an annual vacation;"
6ef49be7ff558976:C05,3,91 FR 45103,agency_explanation,,"Fifth, F-1 students in a language training program will be restricted to an aggregate of 24 months of language study, which will include breaks and an annual vacation. See new 8 CFR 214.2(f)(5)(i)(A). This limitation is a way to prevent abuse of the F-1 program. Public Law 111-306, enacted on December 14, 2010, and effective since 2011, requires language training schools enrolling F-1 students to be accredited by an accrediting agency recognized by the ED. DHS has found students enrolling in lengthy periods of language training, in some cases for more than two decades.[^307] DHS has also identified students who enrolled in language training programs despite previously being enrolled in or completing undergraduate and graduate programs requiring English language proficiency.[^308] Unlike degree programs that typically have prescribed course completion requirements, there are no nationally-recognized, standard completion requirements for language training programs and students are able to enroll in language training programs for lengthy periods of time. The lengthy enrollment in a language program, including enrollment in language courses for long periods subsequent to completion of a program of study that requires proficiency in English, raises concerns about whether the F-1 nonimmigrants meet the statutory definition of a bona fide student with the intent of entering the United States for temporary study.[^309] Therefore, there is a 24-month aggregate limit for F-1 students to participate in a language training program, as it will provide a reasonable period of time for students to attain proficiency while mitigating DHS's concerns about the integrity of the program. This timeframe generally comports with the amount of time needed to gain the highest level of English proficiency under the Cambridge English Exam.[^310] This is retained in the final rule."
6ef49be7ff558976:C14,1,8 CFR 214.2(f)(7)(i),regulatory_text,,"(i) Eligibility. USCIS may grant an extension of stay to an F-1 student who has maintained his or her F-1 status, but who is unable to complete his or her program by the end of his or her authorized period of admission. Such student may be eligible for an extension if the designated school official issues a new Form I-20 or successor form certifying that the student is eligible under this paragraph. An F-1 student may be granted an extension if it is established that the student:"
6ef49be7ff558976:C14,2,8 CFR 214.2(f)(7)(i)(C)(1),regulatory_text,,"(1) A currently issued Form I-20, or successor form, indicating additional time is left to complete his or her program of study; or"
6ef49be7ff558976:C14,3,90 FR 42091,agency_explanation,,"Therefore, DHS proposes not to use a ""normal progress"" standard with respect to seeking a program extension of an authorized period of stay. In addition to the requirement that the applicant obtain a Form I-20 from the DSO recommending extension of the program, the applicant would be required to file an EOS application to request additional time to complete their current course of study beyond their authorized period of admission. See proposed 8 CFR 214.2(f)(7)(i)."
2359f21b8ccc125e:C08,1,8 CFR 214.2(f)(7)(i),regulatory_text,,"(i) Eligibility. USCIS may grant an extension of stay to an F-1 student who has maintained his or her F-1 status, but who is unable to complete his or her program by the end of his or her authorized period of admission. Such student may be eligible for an extension if the designated school official issues a new Form I-20 or successor form certifying that the student is eligible under this paragraph. An F-1 student may be granted an extension if it is established that the student:"
2359f21b8ccc125e:C08,2,8 CFR 214.2(i)(3)(ii),regulatory_text,,"(ii) Foreign nationals travelling on a passport issued by the People's Republic of China (with the exception of Hong Kong Special Administrative Region passport holders and Macau Special Administrative Region passport holders). An alien who presents a passport from the People's Republic of China (with the exception of Hong Kong Special Administrative Region passport holders and Macau Special Administrative Region passport holders), may be admitted until the activities or assignments consistent with the I classification are completed, not to exceed 90 days."
2359f21b8ccc125e:C08,3,90 FR 42073,agency_explanation,,Decreasing from 60 to 30 days the allowed period for F-1 nonimmigrants to prepare to depart from the United States after completion of a course of study or authorized period of post-completion practical training;
2359f21b8ccc125e:C08,4,90 FR 42094,agency_explanation,,"USCIS generally would need to receive the extension applications on or before the expiration of the previously authorized period of admission, including the 30-day period following the completion of the course of study, as indicated on the F-2 dependent's I-94. To qualify for an EOS, the F-2 dependent would need to demonstrate the qualifying relationship with the principal F-1 student who is maintaining status, also be maintaining his or her own status, and not have engaged in any unauthorized employment. See proposed 8 CFR 214.2(f)(7)(iv). Extensions of stay for F-2 dependents would not be able to exceed the authorized admission period of the principal F-1 student. By removing duration of stay for family members, DHS is ensuring that a spouse who engages in unauthorized employment would be denied extensions of stays and must return home."
2359f21b8ccc125e:C08,5,90 FR 42081,agency_explanation,,"The period of time remaining on their previously authorized period of admission. CBP could admit the alien for a period of time not to exceed the unexpired period of stay that was authorized before the alien's departure, plus a period of 30 days to prepare for departure or to otherwise seek to obtain lawful authorization to remain in the United States. In this scenario, in accordance with proposed 8 CFR 214.1(c)(8), an alien's EOS application would not be considered abandoned and USCIS could grant a new period of stay upon subsequent adjudication of the EOS application. See proposed 8 CFR 214.1(a)(4)(i) and (a)(4)(ii)."
2359f21b8ccc125e:C01,1,90 FR 42073,agency_explanation,,"For F-1 students changing educational objectives or transferring to an SEVP-certified school, requiring that the student complete his or her first academic year of a program of study at the school that initially issued his or her Form I-20 or successor form, unless an exception is authorized by SEVP;"
2359f21b8ccc125e:C04,1,90 FR 42073,agency_explanation,,Prohibiting F-1 students at the graduate education level from changing programs at any point during a program of study.
2359f21b8ccc125e:C04,2,90 FR 42073,agency_explanation,,Requiring any nonimmigrant who has completed a program at one educational level to only be allowed to begin another program at a higher educational level while in F-1 status and prohibiting a change to the same or a lower educational level while in F-1 status;
2359f21b8ccc125e:C04,3,90 FR 42073,agency_explanation,,Decreasing from 60 to 30 days the allowed period for F-1 nonimmigrants to prepare to depart from the United States after completion of a course of study or authorized period of post-completion practical training;
2359f21b8ccc125e:C04,4,90 FR 42082,agency_explanation,,"Although some F and J nonimmigrants may have program end dates longer than 4 years, DHS believes that using the program end date on the Form I-20 or DS-2019, up to a maximum 4-year period of admission, as the fixed date of admission is the best option because it aligns with the general structure of post-secondary education while still allowing for the government to have increased oversight of this population through the requirement that those nonimmigrants who wish to remain beyond their authorized period of admission either apply to extend their stay or depart the United States and seek readmission. According to the U.S. Department of Education (ED), students can normally earn a bachelor's degree in 4 years [^91] and non-resident students normally earn their bachelor's degrees within 4 years of entry.[^92] The total number of F-1 students pursuing a bachelor's degree in 2023 was 457,906, constituting almost 34 percent of the 2023 nonimmigrant student population. The total number of F-1 students pursuing a master's degree, generally 2-year programs, in 2023 was 608,857, representing almost 45 percent of the nonimmigrant student population. Taken together this population represents almost 79 percent of the nonimmigrant students in the United States.[^93] Therefore, DHS believes that a 4-year period of admission would not pose an undue burden to most nonimmigrant students, because many F and J nonimmigrants would complete their studies within a 4-year period and not have to request additional time from DHS. The smaller proportion of students not pursuing a bachelor's or master's degree are enrolled in different programs, which may last more or less than 4 years.[^94] While DHS acknowledges the additional burden that this rule would impose on students engaged in programs lasting longer than 4 years, DHS believes that the benefit to program integrity of this rule would outweigh the burden to this population."
2359f21b8ccc125e:C04,5,90 FR 42082–42083,agency_explanation,,"Before arriving at the 4-year admission periods, DHS considered various options. DHS considered a standard 2-year admission for all F and J nonimmigrants. This option would give the Department more frequent direct check-in points with nonimmigrants than a 4-year maximum period of admission would. However, DHS was concerned it would unduly burden many F and J nonimmigrants. As discussed above, 4 years best accounts for the normal progress for most programs. With a 2-year admission period, students and exchange visitors participating in programs of greater duration would need to apply for additional time. Even considering those F or J nonimmigrants who are admitted into the U.S. after having already completed a portion of their program outside of the U.S., instituting a 2-year maximum period of stay would have required each nonimmigrant pursuing a 4-year program to extend, while 4 years allows additional time to complete a 4-year degree. This alternative also would place greater administrative burdens on USCIS and CBP compared to the proposed 4-year maximum period of admission. USCIS would have to adjudicate EOS applications more frequently, and CBP's workload would increase as individuals would travel to request admission at the POE, with a 2-year maximum period of stay rather than a 4-year one. Therefore, DHS believes an admission for the program end date, not to exceed 4 years, is the best option."
2359f21b8ccc125e:C05,1,90 FR 42073,agency_explanation,,"For F-1 students changing educational objectives or transferring to an SEVP-certified school, requiring that the student complete his or her first academic year of a program of study at the school that initially issued his or her Form I-20 or successor form, unless an exception is authorized by SEVP;"
2359f21b8ccc125e:C05,2,8 CFR 214.2(f)(7)(i)(C)(1),regulatory_text,,"(1) A currently issued Form I-20, or successor form, indicating additional time is left to complete his or her program of study; or"
2359f21b8ccc125e:C05,3,8 CFR 214.2(f)(5)(i),regulatory_text,,"(5) Period of Stay--(i) General. An F-1 student is admitted for a fixed period of time, which is the period necessary to complete the course of study indicated on the Form I-20, or successor form, not to exceed a period of 4 years, plus additional times noted in this paragraph. A continuing F-1 student may be granted additional time following the completion of studies to engage in post-completion optional practical training (OPT) and Science Technology Engineering and Mathematics (STEM) OPT, as described in paragraph (f)(5)(i)(D) of this section. An F-1 student described in this section may be admitted for a period of up to 30 days before the indicated report date or program start date listed on Form I-20 or successor form. An alien described in this paragraph may remain in the United States for an additional 30 days as provided in paragraph (f)(5)(v) of this section. The 30-day period before the indicated report date or program start date and 30 additional days following the program end date or the 4-year maximum period of admission do not count toward the maximum length of stay. The admission periods described in this paragraph are subject to the following exceptions:"
2359f21b8ccc125e:C05,4,90 FR 42100,agency_explanation,,"DHS is proposing to add two provisions to 8 CFR part 248, which governs changes of status. First, DHS is proposing to clarify that aliens who were granted a change to F or J status before the effective date of the final rule, and are applying for admission as an F or J after the final rule's effective date may be admitted up to the program end date as noted on the Form I-20 or DS-2019 that accompanied the change of status application that was approved prior to the alien's departure, not to exceed 4 years, plus a period of 30 days following their program end date, to prepare for departure or to otherwise seek to obtain lawful authorization to remain in the United States. See proposed 8 CFR 248.1(e). CBP may admit these aliens into the United States up to the program end date, on the Form I-20 or DS-2019 that accompanied the approved change of status prior to the alien's departure, plus an additional 30 days, thus ensuring that they do not get more time than allocated by their program end date, since these F and J nonimmigrants would have received an admission period for D/S on the I-94 that accompanied the change of status approval."
2359f21b8ccc125e:C05,5,90 FR 42084,agency_explanation,,"Regarding pending applications for employment authorization during the transition period, aliens in F status who are subject to the transition and who are seeking post-completion OPT and STEM-OPT employment authorization would be authorized to lawfully remain in the United States while the application is pending with USCIS if: (1) they are in the United States on the effective date of the final rule with admission for D/S; (2) they properly filed an application for employment authorization; (3) their application is pending on the final rule's effective date; and (4) they are not otherwise removable under the INA. Unless otherwise advised by USCIS, they would not have to file for an EOS or re-file an application for employment authorization. See proposed 8 CFR 214.1(m)(2). If the application for employment authorization is approved, the F-1 student would be authorized to remain in the United States in F-1 status until the expiration date of the EAD, plus 60 days as provided in their previous admission. If the employment application is denied, the F-1 student would continue to be authorized to remain in the United States until the program end date listed on their Form I-20, plus 60 days as provided in their previous admission, as long as he or she continues to pursue a full course of study and otherwise meets the requirements for F-1 status."
2359f21b8ccc125e:C06,1,91 FR 44979,agency_explanation,,Decreasing the period allowed for F-1 nonimmigrants to prepare to depart from the United States after completion of a course of study or an authorized period of post-completion practical training from 60 to 30 days;
2359f21b8ccc125e:C06,2,8 CFR 214.1(m)(1),regulatory_text,,"(m) Transition period from duration of status to a fixed admission date--(1) Transition from duration of status admission to a fixed admission period for aliens properly maintaining F and J status on September 15, 2026. Aliens with F or J status who are properly maintaining their status on September 15, 2026, and who were admitted for duration of status are authorized to remain in the United States in F or J nonimmigrant status until the later date of either the expiration date on an Employment Authorization Document, Form I-766, or successor form, or the program end date noted on their Form I-20 or Form DS-2019, as applicable, not to exceed a period of 4 years from September 15, 2026, plus the departure period of 60 days for F nonimmigrants, which is November 14, 2030, and 30 days for J nonimmigrants, which is October 15, 2030. Subject to 8 CFR 274a.14, any authorized employment or training continues until the program end date on such F or J nonimmigrant's Form I-20 or DS-2019, as applicable and as endorsed by the designated school official or responsible officer for employment or training, or expiration date on the alien's Employment Authorization Document, Form I-766, or successor form. Aliens who need additional time to complete their current program of study, including requests for post-completion optional practical training (OPT) and the Science, Technology, Engineering and Mathematics (STEM) OPT extension, or exchange visitor program, including academic training, or would like to start a new program of study or exchange visitor program must apply for an extension of stay with USCIS in accordance with paragraph (c)(2) of this section for an admission period to a fixed date."
2359f21b8ccc125e:C06,3,91 FR 45105,agency_explanation,,"Since an F-1 student now has 30 days, rather than the previously allotted 60 days, to depart the country or to otherwise maintain status after their completion of their program or program end date, it follows that they need to file a Form I-765 or successor form for post-completion OPT within 30 days, rather than the previously allotted 60 days, after their program end date. See new 8 CFR 214.2(f)(11)(i)(B)(2). This has been retained in the final rule."
2359f21b8ccc125e:C06,4,91 FR 45106,agency_explanation,,"Many F-1 students complete a program of study or post-completion OPT in mid-spring or early summer. Per existing regulations, after completing their program or post-completion OPT, F-1 students have 60 days (which DHS is proposing to change to 30 days) to take the steps necessary to maintain legal status or depart the United States. See new 8 CFR 214.2(f)(5)(v). However, because the change to H-1B status cannot occur until October 1, an F-1 student whose program or post-completion OPT expires in mid-spring has two or more months following the 60-day period before the authorized period of H-1B status can commence. To address this situation, commonly known as the ""cap-gap,"" DHS established regulations that automatically extended F-1 D/S and, if applicable, post-completion OPT employment authorization for certain F-1 nonimmigrants until April 1 of the fiscal year for which the H-1B status is being requested or until the validity start date of the approved petition, whichever is earlier. See redesignated 8 CFR 214.2(f)(5)(vii). The extension of F-1 D/S and OPT employment authorization is commonly known as the ""cap-gap extension."" This rule does not change the ""cap-gap extension"" provisions; it simply removes the reference to D/S and makes clear that an automatic extension will be granted to those with a fixed period of stay."
2359f21b8ccc125e:C06,5,91 FR 45101,agency_explanation,,"Regarding pending applications for employment authorization during the transition period, aliens in F status who are subject to the transition and who are seeking post-completion OPT and STEM OPT employment authorization will be authorized to lawfully remain in the United States while the application is pending with USCIS if: (1) they are in the United States on the effective date of the final rule with admission for D/S; (2) they properly filed an application for employment authorization; (3) their application is pending on the final rule's effective date; and (4) they are not otherwise removable under the INA. Unless otherwise advised by USCIS, they will not have to file for an EOS or re-file an application for employment authorization. See new 8 CFR 214.1(m)(2). If the application for employment authorization is approved, the F-1 student will be authorized to remain in the United States in F-1 status until the expiration date of the EAD, plus 60 days as provided in their previous admission. If the employment application is denied, the F-1 student will continue to be authorized to remain in the United States until the program end date listed on their Form I-20, plus 60 days as provided in their previous admission, as long as he or she continues to pursue a full course of study and otherwise meets the requirements for F-1 status. See new 8 CFR 214.1(m)(2)(i)."
2359f21b8ccc125e:C03,1,90 FR 42073,agency_explanation,,Prohibiting F-1 students at the graduate education level from changing programs at any point during a program of study.
2359f21b8ccc125e:C03,2,90 FR 42073,agency_explanation,,Requiring any nonimmigrant who has completed a program at one educational level to only be allowed to begin another program at a higher educational level while in F-1 status and prohibiting a change to the same or a lower educational level while in F-1 status;
2359f21b8ccc125e:C03,3,8 CFR 214.2(f)(7)(i),regulatory_text,,"(i) Eligibility. USCIS may grant an extension of stay to an F-1 student who has maintained his or her F-1 status, but who is unable to complete his or her program by the end of his or her authorized period of admission. Such student may be eligible for an extension if the designated school official issues a new Form I-20 or successor form certifying that the student is eligible under this paragraph. An F-1 student may be granted an extension if it is established that the student:"
2359f21b8ccc125e:C03,4,90 FR 42087,agency_explanation,,"Under existing regulations, all F-1 students who change from one educational level to another or pursue multiple degrees in the same educational level are considered to be maintaining status. See 8 CFR 214.2(f)(5)(ii). DHS has observed that some students continuously enroll in different programs at the same degree level, such as by pursuing multiple associate, master's, undergraduate, bachelor's, or certificate programs. Alternatively, some students change to a lower educational level, such as completing a master's degree and then changing to an associate's program or an English language training program.[^105] This has enabled some aliens to remain in the United States for lengthy periods of time in F-1 student status, raising concerns about the temporary nature of their stay. In 2024, DHS identified nearly 77,000 F-1 students who have spent more than 10 years in student status since SEVIS was implemented in 2003.[^106] This includes individuals who enrolled in programs at the same educational level as many as 19 times, as well as students who completed graduate programs and then enrolled in undergraduate programs, including associate's degrees."
2359f21b8ccc125e:C03,5,90 FR 42094–42095,agency_explanation,,"As discussed above, a significant concern with the current D/S framework is that it has enabled fraudulent ""pay-to-stay"" schemes in which students were falsely reported as maintaining status in return for cash payments to DSOs. In some cases, school owners have operated multiple schools and transferred students between these schools to conceal this fraud. For example, in 2018, a defendant was sentenced by a federal judge in the Central District of California to 15 months in prison and ordered to forfeit more than $450,000 for running such a scheme involving three schools that he owned.[^130] Furthermore, as discussed more thoroughly above, the D/S framework has enabled some aliens to become ""professional students"" who spend years enrolled in programs at the same educational level (for example, multiple associate degree programs) or complete programs at one educational level and enroll in lower educational levels (such as completing a master's degree and then enrolling in an associate program). DHS believes the proposed changes previously discussed regarding admission for a fixed time period and limitations on program changes within and between educational levels will help to address these concerns and serve to further strengthen the integrity of the F nonimmigrant visa classification by better ensuring that aliens are in the United States primarily to study, rather than to reside permanently in the United States. See proposed 8 CFR 214.2(f)(8)(i)."
6d40b2196b44f01e:C12,1,91 FR 44983,agency_explanation,,"DHS is aware that the F-1 program is subject to fraud, exploitation, and abuse. Since 2008, multiple school owners and others have been criminally prosecuted for ""pay-to-stay"" fraud, in which school officials, in return for cash payments, falsely report that F-1 students who do not attend school are maintaining their student status.[^60] In some cases, convicted school owners operated multiple schools and transferred students among them to conceal the fraud.[^61] DHS is also concerned that DSOs at these schools were complicit in these abuses; some DSOs intentionally recorded a student's status inaccurately.[^62] Further, DSOs have issued program extensions to students who did not have compelling medical or academic reasons for failing to complete their program by its end date and DHS continues to observe F-1 students enrolling in schools for extended periods of time. For example, DHS previously identified in the NPRM a nonimmigrant who was an F-1 student at a dance school from 1991-2021. Although the reported normal length of the dance program is 5 years, the school issued 17 program extensions between 2003 (when the use of SEVIS was mandated) and 2020, claiming that the student needed more time despite nearly 30 years of enrollment. The student subsequently transferred to an English language training program at another school with a program start date in November 2022, despite more than 30 years in the United States as an F-1 student. She remained enrolled there until December 2025, when she transferred to another school to commence additional language training with a program start date of January 19, 2026, and a program end date of January 19, 2029. She has been an F-1 student for approximately 35 years. If she remains at the school through the current program end date, she will have spent nearly 38 years in the United States in F-1 status.[^63] In another case, DHS also identified a nonimmigrant who has been in F-1 student status for more than 18 years since he enrolled in an English language training program that began on April 21, 2008. He has enrolled in four language training programs, four bachelor's programs, and is currently enrolled in a master's in theology/theological studies program with a program end date in August 2027.[^64] Another student who was enrolled at the same school from 2009 to 2020 and had been an F-1 student since 2005, was granted 14 program extensions. DHS also identified three F-1 students in doctoral programs that have taken over 20 years to complete their programs, and 5 F-1 students at community colleges have been enrolled in associate degree programs for periods in excess of 5 years--some for as long as a decade.[^65] There are also examples where some DSOs permitted students who failed to maintain status to transfer to another school rather than apply for reinstatement.[^66] Beyond cases publicly identified by DHS and the U.S. Department of Justice (DOJ), DHS is concerned about cases where DSOs were not aware of status violations by students."
6d40b2196b44f01e:C12,2,91 FR 44983–44984,agency_explanation,,"Apart from concerns about DSOs and school owners involved in fraudulent schemes, DHS also has concerns about the actions of the aliens themselves. Some aliens have used the F classification to reside in the United States for decades by continuously enrolling in or transferring between schools, a practice facilitated by the D/S framework.[^67] DHS identified over 2,100 aliens who first entered as F-1 students between 2000 and 2010 and remain in active F-1 status as of April 6, 2025.[^68] To extend their stay, these aliens enrolled in consecutive educational programs, repeatedly transferred to new schools, or DSOs repeatedly extended their program end dates. This practice is not limited to any one particular type of school; students at community or junior colleges, universities, and language training schools have maintained F-1 status for lengthy periods. DHS is concerned that such instances of extended stays may violate the underlying statutory intent given that student status is meant to be temporary, with the alien having no intention of abandoning their residence in a foreign country, and for the primary purpose of studying, not as a way to remain in the United States indefinitely.[^69]"
6d40b2196b44f01e:C12,3,91 FR 45111,agency_explanation,,"The proposed rule discussed several examples of fraudulent ""pay-to-stay"" schemes in which students were falsely reported as maintaining status in return for cash payments to DSOs.[^339] Furthermore, the D/S framework has enabled some aliens to become ""professional students"" who spend years enrolled in programs at the same educational level (for example, multiple associate degree programs) or complete programs at one educational level and enroll in lower educational levels (such as completing a master's degree and then enrolling in an associate program).[^340] While admission for a fixed time period will help to address these concerns, DHS proposed limitations on program changes within and between educational levels to further strengthen the integrity of the F nonimmigrant visa classification by better ensuring that aliens are in the United States primarily to study, rather than to reside permanently in the United States. See new 8 CFR 214.2(f)(8)(i). The final rule retains this provision."
6d40b2196b44f01e:C01,1,90 FR 42072,agency_explanation,,"Striking all references to D/S for F, J, and I nonimmigrants;"
6d40b2196b44f01e:C01,2,8 CFR 214.2(f)(5)(i),regulatory_text,,"(5) Period of Stay--(i) General. An F-1 student is admitted for a fixed period of time, which is the period necessary to complete the course of study indicated on the Form I-20, or successor form, not to exceed a period of 4 years, plus additional times noted in this paragraph. A continuing F-1 student may be granted additional time following the completion of studies to engage in post-completion optional practical training (OPT) and Science Technology Engineering and Mathematics (STEM) OPT, as described in paragraph (f)(5)(i)(D) of this section. An F-1 student described in this section may be admitted for a period of up to 30 days before the indicated report date or program start date listed on Form I-20 or successor form. An alien described in this paragraph may remain in the United States for an additional 30 days as provided in paragraph (f)(5)(v) of this section. The 30-day period before the indicated report date or program start date and 30 additional days following the program end date or the 4-year maximum period of admission do not count toward the maximum length of stay. The admission periods described in this paragraph are subject to the following exceptions:"
6d40b2196b44f01e:C01,3,8 CFR 214.2(f)(7)(i),regulatory_text,,"(i) Eligibility. USCIS may grant an extension of stay to an F-1 student who has maintained his or her F-1 status, but who is unable to complete his or her program by the end of his or her authorized period of admission. Such student may be eligible for an extension if the designated school official issues a new Form I-20 or successor form certifying that the student is eligible under this paragraph. An F-1 student may be granted an extension if it is established that the student:"
6d40b2196b44f01e:C01,4,90 FR 42071,agency_explanation,,"For F and J visa holders, the Immigration and Nationality Act (INA) specifically states that aliens must have a residence in a foreign country which they have no intention of abandoning and seek to enter the United States temporarily.[^15] Yet, DHS has many examples of students and exchange visitors staying for decades in their student or exchange visitor status.[^16]"
6d40b2196b44f01e:C01,5,90 FR 42071–42072,agency_explanation,,"The events of 9/11 highlighted the potential for abuse of the student visa. In the wake of 9/11, a Homeland Security Presidential Directive titled, Combating Terrorism Through Immigration Policies directed, among other things, that a program be developed to track the status of foreign students. It also mandated that the government develop guidelines that may include control mechanisms such as limited duration of student status.[^17] The 9/11 Commission reiterated the need to track foreign students and place tighter controls on student visas.[^18] From these mandates and the statutory authorities described below, the Student and Exchange Visitor Program (SEVP) was created, and the electronic Student and Exchange Visitor Information System (SEVIS) was implemented. SEVIS is a DHS computer system that stores and processes information on foreign students and exchange visitors in the U.S."
6d40b2196b44f01e:C01,6,90 FR 42081,agency_explanation,,"However, certain nonimmigrant classifications, including F academic students, J exchange visitors, and I representatives of foreign information media, and their dependents, may be admitted into the United States for D/S instead of a period of time with a specific departure date. DHS is proposing changes to the admission provisions for these particular nonimmigrant classifications, including replacing admissions for ""duration of status"" with a fixed admission period. This would enable immigration officers to independently and directly verify the continued eligibility of foreign visitors in F, J, or I nonimmigrant status. It would also require aliens who fall under certain criteria to apply more frequently for additional admission periods."
6d40b2196b44f01e:C04,1,8 CFR 214.2(f)(5)(i)(A),regulatory_text,,"(A) F-1 students whose course of study is in an English language training program are restricted to a maximum of admission period of 24 months, plus an additional 30-day period of stay for the purposes of departure or to otherwise seek to maintain lawful status."
6d40b2196b44f01e:C04,2,91 FR 44979,agency_explanation,,Decreasing the period allowed for F-1 nonimmigrants to prepare to depart from the United States after completion of a course of study or an authorized period of post-completion practical training from 60 to 30 days;
6d40b2196b44f01e:C04,3,8 CFR 214.1(m)(1)(i),regulatory_text,,"(i) Notwithstanding this paragraph (m)(1), an F-1 student recommended for post-completion OPT who files before his or her period of admission expires, including the 60 day departure period, an Application for Employment Authorization, Form I-765, or successor form on the form and in the manner designated by USCIS, with the required fee, as described in the form's instructions, on or before March 18, 2027, is not required to file an Application to Extend/Change Nonimmigrant Status, Form I-539, or successor form for the requested period of post-completion OPT. An F-1 student recommended for STEM OPT who files, prior to the expiration of his or her current OPT Employment Authorization Document, Form I-766, or successor form, an Application for Employment Authorization, Form I-765, or successor form on or before March 18, 2027, is not required to file an Application to Extend/Change Nonimmigrant Status, Form I-539, or successor form for the requested period of STEM OPT. If the alien's application for post-completion OPT or STEM OPT employment authorization is approved, the alien will be authorized to remain in the United States in F status until the expiration date of the Employment Authorization Document, plus 60 days. If the employment authorization application is denied, the F-1 student would continue to be authorized to remain in the United States until the program end date listed on their Form I-20, valid on September 15, 2026, plus 60 days, as long as he or she continues to pursue a full course of study and otherwise meets the requirements for F-1 status, or until the end date of the Employment Authorization Document for post-completion OPT, as long as he or she continues to meet the requirements for F-1 status, plus 60 days."
6d40b2196b44f01e:C04,4,91 FR 45099,agency_explanation,,"Although some F and J nonimmigrants may have program end dates longer than 4 years, DHS believes that using the program end date on the Form I-20 or DS-2019, up to a maximum 4-year period of admission, as the fixed date of admission is the best option because it aligns with the general structure of post-secondary education while still allowing for the government to have increased oversight of this population through the requirement that those nonimmigrants who wish to remain beyond their authorized period of admission either apply to extend their stay or depart the United States and seek readmission. According to the ED, students can normally earn a bachelor's degree in 4 years [^296] and non-resident students normally earn their bachelor's degrees within 4 years of entry.[^297] The total number of F-1 students pursuing a bachelor's degree in 2023 was 457,906, constituting almost 34 percent of the 2023 nonimmigrant student population. The total number of F-1 students pursuing a master's degree, generally 2-year programs, in 2023 was 608,857, representing almost 45 percent of the nonimmigrant student population. Taken together this population represents almost 79 percent of the nonimmigrant students in the United States.[^298] Therefore, DHS believes that a 4-year period of admission will not pose an undue burden on them, because many F and J nonimmigrants will complete their program within a 4-year period and not have to request additional time from DHS. The smaller proportion of students not pursuing a bachelor's or master's degree are enrolled in different programs, which may last more or less than 4 years.[^299] While DHS acknowledges the additional burden that this rule would impose on students engaged in programs lasting longer than 4 years, DHS believes that the benefit to program integrity of this rule would outweigh the burden to this population. Before arriving at the 4-year admission periods, DHS considered various options, which were discussed within the NPRM.[^300]"
6d40b2196b44f01e:C04,5,91 FR 44983,agency_explanation,,"DHS is aware that the F-1 program is subject to fraud, exploitation, and abuse. Since 2008, multiple school owners and others have been criminally prosecuted for ""pay-to-stay"" fraud, in which school officials, in return for cash payments, falsely report that F-1 students who do not attend school are maintaining their student status.[^60] In some cases, convicted school owners operated multiple schools and transferred students among them to conceal the fraud.[^61] DHS is also concerned that DSOs at these schools were complicit in these abuses; some DSOs intentionally recorded a student's status inaccurately.[^62] Further, DSOs have issued program extensions to students who did not have compelling medical or academic reasons for failing to complete their program by its end date and DHS continues to observe F-1 students enrolling in schools for extended periods of time. For example, DHS previously identified in the NPRM a nonimmigrant who was an F-1 student at a dance school from 1991-2021. Although the reported normal length of the dance program is 5 years, the school issued 17 program extensions between 2003 (when the use of SEVIS was mandated) and 2020, claiming that the student needed more time despite nearly 30 years of enrollment. The student subsequently transferred to an English language training program at another school with a program start date in November 2022, despite more than 30 years in the United States as an F-1 student. She remained enrolled there until December 2025, when she transferred to another school to commence additional language training with a program start date of January 19, 2026, and a program end date of January 19, 2029. She has been an F-1 student for approximately 35 years. If she remains at the school through the current program end date, she will have spent nearly 38 years in the United States in F-1 status.[^63] In another case, DHS also identified a nonimmigrant who has been in F-1 student status for more than 18 years since he enrolled in an English language training program that began on April 21, 2008. He has enrolled in four language training programs, four bachelor's programs, and is currently enrolled in a master's in theology/theological studies program with a program end date in August 2027.[^64] Another student who was enrolled at the same school from 2009 to 2020 and had been an F-1 student since 2005, was granted 14 program extensions. DHS also identified three F-1 students in doctoral programs that have taken over 20 years to complete their programs, and 5 F-1 students at community colleges have been enrolled in associate degree programs for periods in excess of 5 years--some for as long as a decade.[^65] There are also examples where some DSOs permitted students who failed to maintain status to transfer to another school rather than apply for reinstatement.[^66] Beyond cases publicly identified by DHS and the U.S. Department of Justice (DOJ), DHS is concerned about cases where DSOs were not aware of status violations by students."
6d40b2196b44f01e:C04,6,91 FR 45120,procedural,,"Under the Paperwork Reduction Act of 1995, Public Law 104-13, 109 Stat. 163 (1995) (PRA), all Departments are required to submit to OMB, for review and approval, any reporting or recordkeeping requirements inherent in a rule. To conform with the requirements set forth by the PRA, on August 28, 2025, at 90 FR 42070, DHS, USCIS and ICE requested comments on the following information collections. Several comments were received on these information collections during the comment period. ICE responded to these comments above in Section IV above. Each of the forms will require non-substantive edits to comply with this rulemaking. Accordingly, ICE has submitted PRA Change Worksheet, Form OMB 83-C, and amended information collection instruments to OMB for review and approval in accordance with the PRA. Any change in the number of respondents and public burden is reflected below. At this time, the following forms are not open for comment."
6d40b2196b44f01e:C02,1,90 FR 42072,agency_explanation,,"Striking all references to D/S for F, J, and I nonimmigrants;"
6d40b2196b44f01e:C02,2,8 CFR 214.1(m)(1),regulatory_text,,"(1) Transition from duration of status admission to a fixed admission period for aliens properly maintaining F and J status on [DHS WILL INSERT DATE 60 DAYS AFTER DATE OF PUBLICATION OF THE FINAL RULE]. Aliens with F or J status who are properly maintaining their status on [DHS WILL INSERT DATE 60 DAYS AFTER DATE OF PUBLICATION OF THE FINAL RULE] and who were admitted for duration of status are authorized to remain in the United States in F or J nonimmigrant status until the later date of either the expiration date on an Employment Authorization Document, Form I-766, or successor form or the program end date noted on their Form I-20 or Form DS-2019, as applicable, not to exceed a period of 4 years from [DHS WILL INSERT DATE 60 DAYS AFTER DATE OF PUBLICATION OF THE FINAL RULE], plus the departure period of 60 days for F nonimmigrants, which is [DHS WILL INSERT DATE 4 YEARS AND 120 DAYS AFTER DATE OF PUBLICATION OF THE FINAL RULE], and 30 days for J nonimmigrants, which is [DHS WILL INSERT DATE 4 YEARS AND 90 DAYS AFTER DATE OF PUBLICATION OF THE FINAL RULE]. Subject to 8 CFR 274a.14, any authorized employment or training continues until the program end date on such F or J nonimmigrant's Form I-20 or DS-2019, as applicable and as endorsed by the designated school official or responsible officer for employment or training, or expiration date on the alien's Employment Authorization Document, Form I-766, or successor form. Aliens who need additional time to complete their current program of study, including requests for post-completion optional practical training (OPT) and Science Technology Engineering and Mathematics (STEM) OPT, or exchange visitor program, including academic training, or would like to start a new program of study or exchange visitor program must apply for an extension of stay with USCIS in accordance with paragraph (c)(2) of this section for an admission period to a fixed date."
6d40b2196b44f01e:C02,3,8 CFR 214.2(i)(3)(ii),regulatory_text,,"(ii) Foreign nationals travelling on a passport issued by the People's Republic of China (with the exception of Hong Kong Special Administrative Region passport holders and Macau Special Administrative Region passport holders). An alien who presents a passport from the People's Republic of China (with the exception of Hong Kong Special Administrative Region passport holders and Macau Special Administrative Region passport holders), may be admitted until the activities or assignments consistent with the I classification are completed, not to exceed 90 days."
6d40b2196b44f01e:C02,4,90 FR 42081,agency_explanation,,"However, certain nonimmigrant classifications, including F academic students, J exchange visitors, and I representatives of foreign information media, and their dependents, may be admitted into the United States for D/S instead of a period of time with a specific departure date. DHS is proposing changes to the admission provisions for these particular nonimmigrant classifications, including replacing admissions for ""duration of status"" with a fixed admission period. This would enable immigration officers to independently and directly verify the continued eligibility of foreign visitors in F, J, or I nonimmigrant status. It would also require aliens who fall under certain criteria to apply more frequently for additional admission periods."
6d40b2196b44f01e:C02,5,90 FR 42085,agency_explanation,,"DHS believes that this transition proposal would not be unreasonably burdensome on F and J nonimmigrants, and it would enable DHS to transition F and J nonimmigrants without unduly burdening nonimmigrants, USCIS, or CBP. Many would be able to complete their programs per the terms of their initial admission (D/S) using the original program end date as an expiration of their authorized period of stay. DHS would grant such periods, which include an additional 60 days for F nonimmigrants and 30 days for J nonimmigrants as provided in their previous admission, automatically without an application or fee. With this option, DHS believes that the majority of F and J nonimmigrants will be shifted to a fixed period of admission of 4 years or less, except for some F-1 students and J-1 exchange visitors. For example, J-1 research scholars and alien physicians who have program end dates for up to 5 or 7 years respectively, would need to apply for an EOS before the 4-year maximum period of stay expires, i.e., the date that falls 4 years after the rule becomes effective."
6d40b2196b44f01e:C03,1,8 CFR 214.2(i)(3)(ii),regulatory_text,,"(ii) Foreign nationals travelling on a passport issued by the People's Republic of China (with the exception of Hong Kong Special Administrative Region passport holders and Macau Special Administrative Region passport holders). An alien who presents a passport from the People's Republic of China (with the exception of Hong Kong Special Administrative Region passport holders and Macau Special Administrative Region passport holders), may be admitted until the activities or assignments consistent with the I classification are completed, not to exceed 90 days."
6d40b2196b44f01e:C03,2,8 CFR 214.2(f)(5)(i),regulatory_text,,"(5) Period of Stay--(i) General. An F-1 student is admitted for a fixed period of time, which is the period necessary to complete the course of study indicated on the Form I-20, or successor form, not to exceed a period of 4 years, plus additional times noted in this paragraph. A continuing F-1 student may be granted additional time following the completion of studies to engage in post-completion optional practical training (OPT) and Science Technology Engineering and Mathematics (STEM) OPT, as described in paragraph (f)(5)(i)(D) of this section. An F-1 student described in this section may be admitted for a period of up to 30 days before the indicated report date or program start date listed on Form I-20 or successor form. An alien described in this paragraph may remain in the United States for an additional 30 days as provided in paragraph (f)(5)(v) of this section. The 30-day period before the indicated report date or program start date and 30 additional days following the program end date or the 4-year maximum period of admission do not count toward the maximum length of stay. The admission periods described in this paragraph are subject to the following exceptions:"
6d40b2196b44f01e:C03,3,8 CFR 214.2(f)(7)(i),regulatory_text,,"(i) Eligibility. USCIS may grant an extension of stay to an F-1 student who has maintained his or her F-1 status, but who is unable to complete his or her program by the end of his or her authorized period of admission. Such student may be eligible for an extension if the designated school official issues a new Form I-20 or successor form certifying that the student is eligible under this paragraph. An F-1 student may be granted an extension if it is established that the student:"
6d40b2196b44f01e:C03,4,90 FR 42094,agency_explanation,,"Under proposed 8 CFR 214.2(f)(7)(vii), if USCIS denies the request for an extension, and the period of admission for the student and his or her dependents has expired, then the student and his or her dependents would need to immediately depart the United States. As with other nonimmigrant classifications, they would not be given any period of time to prepare for departure from the United States after the denial, and there may be significant immigration consequences for failing to depart the country immediately. For example, such aliens generally would begin to accrue unlawful presence the day after the issuance of the denial. DHS believes this standard provides parity across nonimmigrant classifications and invites the public to submit comments on this issue as well as the proposed EOS application process."
6d40b2196b44f01e:C03,5,90 FR 42086,agency_explanation,,"Under this proposal, if the EOS request is denied, the alien must cease working and depart the United States immediately. As with most other nonimmigrant classifications, they would not be given any period of time to prepare for departure from the United States after the denial, and there may be significant immigration consequences for failing to depart the country immediately. For example, such aliens generally would begin to accrue unlawful presence the day after the issuance of the denial. DHS believes this proposed standard provides parity across nonimmigrant classifications."
6d40b2196b44f01e:C05,1,90 FR 42073,agency_explanation,,"Providing for collection of biometric information in conjunction with an EOS application for F, J, and I nonimmigrants as may be required by 8 CFR 103.16;"
6d40b2196b44f01e:C05,2,90 FR 42072,agency_explanation,,"Striking all references to D/S for F, J, and I nonimmigrants;"
6d40b2196b44f01e:C05,3,8 CFR 214.2(j)(1)(ii)(C),regulatory_text,,"(C) Period of stay. A J-1 exchange visitor and J-2 spouse and unmarried children under the age of 21 may be admitted for a period up to 30 days before the report date or start of the approved program listed on Form DS-2019 or successor form. The dependents accompanying a J-1 exchange visitor are eligible for admission in J-2 status if the exchange visitor is admitted in J-1 status. A J-1 exchange visitor and J-2 accompanying dependents may remain in the United States for a period of 30 days from the program end date or the 4-year maximum period of admission, whichever is earlier, for the purposes of departure or to otherwise seek to maintain lawful status. The 30-day period will be reflected on the alien's Arrival/Departure Record, Form I-94 or successor form. The 30-day period before the indicated report date or program start date and 30 additional days following the program end date or the 4-year maximum period of admission do not count towards the maximum period of admission."
6d40b2196b44f01e:C05,4,90 FR 42076,agency_explanation,,"The Department uses SEVIS, a web-based system, to maintain information regarding: SEVP-certified schools; F-1 students studying in the United States (and their F-2 dependents); M-1 students enrolled in vocational programs in the United States (and their M-2 dependents); DOS-designated Exchange Visitor Program sponsors; and J-1 Exchange Visitor Program participants (and their J-2 dependents). SEVIS is necessary for national security and is consistent with the requirements in IIRIRA, the USA PATRIOT Act, and the 9/11 Commission Report."
6d40b2196b44f01e:C05,5,8 CFR 214.2(j)(1)(viii),regulatory_text,,"(viii) Use of SEVIS. The use of the Student and Exchange Visitor Information System (SEVIS) is mandatory for designated program sponsors. All designated program sponsors must issue a SEVIS Form DS-2019 to any exchange visitor requiring a reportable action (e.g., program extensions and requests for employment authorization), or for any aliens who must obtain a new nonimmigrant J visa. As of 2003, the records of all current or continuing exchange visitors must be entered in SEVIS."
b5e564589c6021a7:C03,1,90 FR 42073,agency_explanation,,Requiring any nonimmigrant who has completed a program at one educational level to only be allowed to begin another program at a higher educational level while in F-1 status and prohibiting a change to the same or a lower educational level while in F-1 status;
b5e564589c6021a7:C03,2,8 CFR 214.1(m)(1),regulatory_text,,"(1) Transition from duration of status admission to a fixed admission period for aliens properly maintaining F and J status on [DHS WILL INSERT DATE 60 DAYS AFTER DATE OF PUBLICATION OF THE FINAL RULE]. Aliens with F or J status who are properly maintaining their status on [DHS WILL INSERT DATE 60 DAYS AFTER DATE OF PUBLICATION OF THE FINAL RULE] and who were admitted for duration of status are authorized to remain in the United States in F or J nonimmigrant status until the later date of either the expiration date on an Employment Authorization Document, Form I-766, or successor form or the program end date noted on their Form I-20 or Form DS-2019, as applicable, not to exceed a period of 4 years from [DHS WILL INSERT DATE 60 DAYS AFTER DATE OF PUBLICATION OF THE FINAL RULE], plus the departure period of 60 days for F nonimmigrants, which is [DHS WILL INSERT DATE 4 YEARS AND 120 DAYS AFTER DATE OF PUBLICATION OF THE FINAL RULE], and 30 days for J nonimmigrants, which is [DHS WILL INSERT DATE 4 YEARS AND 90 DAYS AFTER DATE OF PUBLICATION OF THE FINAL RULE]. Subject to 8 CFR 274a.14, any authorized employment or training continues until the program end date on such F or J nonimmigrant's Form I-20 or DS-2019, as applicable and as endorsed by the designated school official or responsible officer for employment or training, or expiration date on the alien's Employment Authorization Document, Form I-766, or successor form. Aliens who need additional time to complete their current program of study, including requests for post-completion optional practical training (OPT) and Science Technology Engineering and Mathematics (STEM) OPT, or exchange visitor program, including academic training, or would like to start a new program of study or exchange visitor program must apply for an extension of stay with USCIS in accordance with paragraph (c)(2) of this section for an admission period to a fixed date."
b5e564589c6021a7:C03,3,90 FR 42073,agency_explanation,,"Limiting language training students to an aggregate 24-month period of stay, including breaks and an annual vacation;"
b5e564589c6021a7:C03,4,90 FR 42075,agency_explanation,,"On April 5, 1983, D/S was reinstituted with, among other changes, the implementation of new notification procedures for transfers between schools, improved reporting requirements for Designated School Officials (DSOs),[^33] a limit for enrollment in one educational level, and a requirement for F-1 students to apply for an EOS and, if applicable, a school transfer to pursue another educational program at the same level of educational attainment.[^34]"
b5e564589c6021a7:C03,5,90 FR 42077,agency_explanation,,"Apart from concerns about DSOs and school owners involved in fraudulent schemes, DHS also has concerns about the actions of the aliens themselves. Some aliens have used the F classification to reside in the United States for decades by continuously enrolling in or transferring between schools, a practice facilitated by the D/S framework.[^64] DHS has identified over 2,100 aliens who first entered as F-1 students between 2000 and 2010 and remain in active F-1 status as of April 6, 2025.[^65] To extend their stay, these aliens enrolled in consecutive educational programs, they transferred to new schools, or DSOs repeatedly extended their program end dates. This practice is not limited to any one particular type of school; students at community or junior colleges, universities, and language training schools have maintained F-1 status for lengthy periods. While these instances of extended stay may not always result in technical violations of the law, DHS is concerned that such stays violate the spirit of the law, given that student status is meant to be temporary, with the alien having no intention of abandoning their residence in a foreign country, and for the primary purpose of studying, not as a way to remain in the United States indefinitely.[^66]"
b5e564589c6021a7:C05,1,8 CFR 214.2(i)(3)(ii),regulatory_text,,"(ii) Foreign nationals travelling on a passport issued by the People's Republic of China (with the exception of Hong Kong Special Administrative Region passport holders and Macau Special Administrative Region passport holders). An alien who presents a passport from the People's Republic of China (with the exception of Hong Kong Special Administrative Region passport holders and Macau Special Administrative Region passport holders), may be admitted until the activities or assignments consistent with the I classification are completed, not to exceed 90 days."
b5e564589c6021a7:C05,2,90 FR 42073,agency_explanation,,"Providing for collection of biometric information in conjunction with an EOS application for F, J, and I nonimmigrants as may be required by 8 CFR 103.16;"
b5e564589c6021a7:C05,3,8 CFR 214.2(f)(7)(i),regulatory_text,,"(i) Eligibility. USCIS may grant an extension of stay to an F-1 student who has maintained his or her F-1 status, but who is unable to complete his or her program by the end of his or her authorized period of admission. Such student may be eligible for an extension if the designated school official issues a new Form I-20 or successor form certifying that the student is eligible under this paragraph. An F-1 student may be granted an extension if it is established that the student:"
b5e564589c6021a7:C05,4,90 FR 42078,agency_explanation,,"The U.S. Government Accountability Office (GAO) has reported on DHS's concerns about DSOs and nonimmigrant students. In 2019, GAO and ICE published a report identifying fraud risks to SEVP related to managing school recertification and program training. The report included vulnerabilities associated with involving school owners and DSOs in overseeing the maintenance of status of F-1 students.[^69] In the report, GAO identified fraud vulnerabilities on the part of both students and schools. Examples include students claiming to maintain status when they are not, such as failing to attend class or working without appropriate authorization, or school owners not requiring enrolled students to attend classes or creating fraudulent documentation for students who are ineligible for the academic program. GAO recommended that ICE develop a fraud risk profile and use data analytics to identify potential fraud indicators in schools petitioning for certification, develop and implement fraud training for DSOs, and strengthen background checks for DSOs.[^70]"
b5e564589c6021a7:C05,5,90 FR 42070,procedural,,"DHS will post your comments to the federal e-Rulemaking Portal at https://www.regulations.gov and will include any personal information you provide. Therefore, submitting this information makes it public. You may wish to consider limiting the amount of personal information that you provide in any voluntary public comment submission. DHS may withhold from public viewing information provided in comments that it determines is offensive. For more information, please read the ""Privacy & Security Notice"" via the link in the footer of https://www.regulations.gov. DHS will consider all comments and materials received during the comment period and may change this rule based on your comments."
ea2038472c019f65:C01,1,90 FR 42072,agency_explanation,,"Striking all references to D/S for F, J, and I nonimmigrants;"
ea2038472c019f65:C01,2,8 CFR 214.2(f)(5)(i),regulatory_text,,"(5) Period of Stay--(i) General. An F-1 student is admitted for a fixed period of time, which is the period necessary to complete the course of study indicated on the Form I-20, or successor form, not to exceed a period of 4 years, plus additional times noted in this paragraph. A continuing F-1 student may be granted additional time following the completion of studies to engage in post-completion optional practical training (OPT) and Science Technology Engineering and Mathematics (STEM) OPT, as described in paragraph (f)(5)(i)(D) of this section. An F-1 student described in this section may be admitted for a period of up to 30 days before the indicated report date or program start date listed on Form I-20 or successor form. An alien described in this paragraph may remain in the United States for an additional 30 days as provided in paragraph (f)(5)(v) of this section. The 30-day period before the indicated report date or program start date and 30 additional days following the program end date or the 4-year maximum period of admission do not count toward the maximum length of stay. The admission periods described in this paragraph are subject to the following exceptions:"
ea2038472c019f65:C01,3,90 FR 42070,front_matter,,"Comments must be received on or before September 29, 2025. Information collection comment period: Comments on the information collection described in the Paperwork Reduction Act section below must be received by October 27, 2025."
ea2038472c019f65:C03,1,90 FR 42073,agency_explanation,,Prohibiting F-1 students at the graduate education level from changing programs at any point during a program of study.
ea2038472c019f65:C03,2,90 FR 42073,agency_explanation,,"For F-1 students changing educational objectives or transferring to an SEVP-certified school, requiring that the student complete his or her first academic year of a program of study at the school that initially issued his or her Form I-20 or successor form, unless an exception is authorized by SEVP;"
ea2038472c019f65:C03,3,90 FR 42090,agency_explanation,,"Each year, a number of U.S. employers seek to employ F-1 students and file a Form I-129, Petition for a Nonimmigrant Worker, with USCIS, along with a change of status request, to obtain classification of the F-1 student as an H-1B nonimmigrant worker. The H-1B nonimmigrant visa program allows U.S. employers to temporarily employ foreign workers in specialty occupations, defined by statute as occupations that require the theoretical and practical application of a body of highly specialized knowledge and a bachelor's or higher degree in the specific specialty, or its equivalent. See INA sections 101(a)(15)(H)(i)(b) and 214(i); 8 U.S.C. 1101(a)(15)(H)(i)(b) and 1184(i). The H-1B classification, however, is subject to annual numerical allocations, commonly referred to as a ""cap."" See INA sections 214(g)(1)(A) and (g)(5)(C); 8 U.S.C. 1184(g)(1)(A) and (g)(5)(C).[^117] For purposes of the H-1B numerical allocations, each fiscal year begins on October 1. Petitioners may not file H-1B petitions more than 6 months before the date of actual need for the employee.[^118] Thus, the earliest date an H-1B cap-subject petition may be filed for an allocation for a given fiscal year is April 1, 6 months prior to the start of the applicable fiscal year for which initial H-1B classification is sought. Many F-1 students complete a program of study or post-completion OPT in mid-spring or early summer. Per existing regulations, after completing their program or post-completion OPT, F-1 students have 60 days (which DHS is proposing to change to 30 days) to take the steps necessary to maintain legal status or depart the United States. See 8 CFR 214.2(f)(5)(iv) and proposed 8 CFR 214.2(f)(5)(v). However, because the change to H-1B status cannot occur until October 1, an F-1 student whose program or post-completion OPT expires in mid-spring has two or more months following the 60-day period before the authorized period of H-1B status can commence. To address this situation, commonly known as the ""cap-gap,"" DHS established regulations that automatically extended F-1 D/S and, if applicable, post-completion OPT employment authorization for certain F-1 nonimmigrants until April 1 of the fiscal year for which the H-1B status is being requested or until the validity start date of the approved petition, whichever is earlier. See 8 CFR 214.2(f)(5)(vi). The extension of F-1 D/S and OPT employment authorization is commonly known as the ""cap-gap extension."""
ea2038472c019f65:C03,4,90 FR 42082–42083,agency_explanation,,"Before arriving at the 4-year admission periods, DHS considered various options. DHS considered a standard 2-year admission for all F and J nonimmigrants. This option would give the Department more frequent direct check-in points with nonimmigrants than a 4-year maximum period of admission would. However, DHS was concerned it would unduly burden many F and J nonimmigrants. As discussed above, 4 years best accounts for the normal progress for most programs. With a 2-year admission period, students and exchange visitors participating in programs of greater duration would need to apply for additional time. Even considering those F or J nonimmigrants who are admitted into the U.S. after having already completed a portion of their program outside of the U.S., instituting a 2-year maximum period of stay would have required each nonimmigrant pursuing a 4-year program to extend, while 4 years allows additional time to complete a 4-year degree. This alternative also would place greater administrative burdens on USCIS and CBP compared to the proposed 4-year maximum period of admission. USCIS would have to adjudicate EOS applications more frequently, and CBP's workload would increase as individuals would travel to request admission at the POE, with a 2-year maximum period of stay rather than a 4-year one. Therefore, DHS believes an admission for the program end date, not to exceed 4 years, is the best option."
ea2038472c019f65:C03,5,90 FR 42070,front_matter,,"Comments must be received on or before September 29, 2025. Information collection comment period: Comments on the information collection described in the Paperwork Reduction Act section below must be received by October 27, 2025."
ea2038472c019f65:C04,1,8 CFR 214.1(m)(1),regulatory_text,,"(1) Transition from duration of status admission to a fixed admission period for aliens properly maintaining F and J status on [DHS WILL INSERT DATE 60 DAYS AFTER DATE OF PUBLICATION OF THE FINAL RULE]. Aliens with F or J status who are properly maintaining their status on [DHS WILL INSERT DATE 60 DAYS AFTER DATE OF PUBLICATION OF THE FINAL RULE] and who were admitted for duration of status are authorized to remain in the United States in F or J nonimmigrant status until the later date of either the expiration date on an Employment Authorization Document, Form I-766, or successor form or the program end date noted on their Form I-20 or Form DS-2019, as applicable, not to exceed a period of 4 years from [DHS WILL INSERT DATE 60 DAYS AFTER DATE OF PUBLICATION OF THE FINAL RULE], plus the departure period of 60 days for F nonimmigrants, which is [DHS WILL INSERT DATE 4 YEARS AND 120 DAYS AFTER DATE OF PUBLICATION OF THE FINAL RULE], and 30 days for J nonimmigrants, which is [DHS WILL INSERT DATE 4 YEARS AND 90 DAYS AFTER DATE OF PUBLICATION OF THE FINAL RULE]. Subject to 8 CFR 274a.14, any authorized employment or training continues until the program end date on such F or J nonimmigrant's Form I-20 or DS-2019, as applicable and as endorsed by the designated school official or responsible officer for employment or training, or expiration date on the alien's Employment Authorization Document, Form I-766, or successor form. Aliens who need additional time to complete their current program of study, including requests for post-completion optional practical training (OPT) and Science Technology Engineering and Mathematics (STEM) OPT, or exchange visitor program, including academic training, or would like to start a new program of study or exchange visitor program must apply for an extension of stay with USCIS in accordance with paragraph (c)(2) of this section for an admission period to a fixed date."
ea2038472c019f65:C04,2,8 CFR 214.2(f)(7)(i)(C)(1),regulatory_text,,"(1) A currently issued Form I-20, or successor form, indicating additional time is left to complete his or her program of study; or"
ea2038472c019f65:C04,3,90 FR 42072,agency_explanation,,"Striking all references to D/S for F, J, and I nonimmigrants;"
ea2038472c019f65:C04,4,90 FR 42092,agency_explanation,,"Therefore, DHS is proposing to eliminate a reference to ""normal progress"" with respect to seeking a program extension and incorporate a new standard clarifying that acceptable reasons for requesting an extension of a stay for additional time to complete a program are: (1) compelling academic reasons; (2) a documented illness or medical condition; or (3) exceptional circumstances beyond the control of the alien. See proposed 8 CFR 214.2(f)(7)(i)(C).[^126] The first two factors are based on the current regulatory provisions for program extension, 8 CFR 214.2(f)(7)(iii), from current text (e.g., changes of major or research topics, and unexpected research problems). DHS proposes to clarify that, in addition to academic probation and suspension, a student's repeated inability or unwillingness to complete his or her course of study, as demonstrated by a pattern of failing classes and requesting multiple program extension, is not an acceptable reason to request an EOS for additional time to complete a program. See proposed 8 CFR 214.2(f)(7)(i)(C)(1). DHS expects bona fide students to be committed to their studies, attending classes as required, carrying a full course of study, and making reasonable efforts toward program completion. Repeatedly failing classes demonstrates that the student is not making reasonable efforts toward completing his or her program of study. Therefore, a student who has a pattern of failing classes that has resulted in multiple program extensions would not be qualified for an EOS. The prohibition against requesting an EOS would not include students such as those who, pursuant to DHS regulations, are making normal progress toward completing their program of study and still may not complete the program within 4 years due to the standard timeline and requirements for the program. Absent such factors as being placed on academic probation or suspension, or repeatedly failing classes, these students would be eligible for extension based upon compelling academic reasons. The prohibition would also not include cases in which the DSO properly authorized the student to drop below a full course of study as well as cases in which the status has been reinstated following a loss of status. In such a case, the student is eligible for reinstatement if the reduced course load was within a DSO's power to authorize. A student would be expected to provide evidence demonstrating the compelling academic reason in order for the DSO to recommend a program extension. The student may then apply for an EOS. While a letter from the student may be sufficient to meet his or her burden of proof, an immigration officer will evaluate the individual case and make the determination as to whether additional evidence (such as a letter from a member of the school administration or faculty) is needed to adjudicate the case."
ea2038472c019f65:C04,5,90 FR 42091,agency_explanation,,"Under existing regulations, F-1 students may obtain a program extension from a DSO as long as they are maintaining status and making normal progress toward the completion of their educational objectives. See existing 8 CFR 214.2(f)(7)(i) and (iii). The problem with the ""normal progress"" standard is that it is undefined, and DHS believes that retaining it could lead to inconsistent adjudications. Even now, the lack of a standard definition for normal progress leads DSOs to inconsistently extend F-1 students' program end dates and thus their stay in the United States. Some DSOs use a strict standard, evaluating, for example, documentation to support a student's claim of a compelling medical condition or illness that serve as the basis for the student's request for extension of the student's current program. However, other DSOs claim that the student is making ""normal progress"" whenever a student simply needs more time to complete the program. This inconsistency results in some students being able to remain in F-1 status for years simply by having the DSO update the Form I-20 without providing a justification as to how the student is making ""normal progress"" and what academic or medical circumstances necessitate the extension of the program."
09b09e28efee3db8:C03,1,90 FR 42073,agency_explanation,,"Limiting language training students to an aggregate 24-month period of stay, including breaks and an annual vacation;"
09b09e28efee3db8:C03,2,90 FR 42073,agency_explanation,,Decreasing from 60 to 30 days the allowed period for F-1 nonimmigrants to prepare to depart from the United States after completion of a course of study or authorized period of post-completion practical training;
09b09e28efee3db8:C03,3,8 CFR 214.1(m)(1),regulatory_text,,"(1) Transition from duration of status admission to a fixed admission period for aliens properly maintaining F and J status on [DHS WILL INSERT DATE 60 DAYS AFTER DATE OF PUBLICATION OF THE FINAL RULE]. Aliens with F or J status who are properly maintaining their status on [DHS WILL INSERT DATE 60 DAYS AFTER DATE OF PUBLICATION OF THE FINAL RULE] and who were admitted for duration of status are authorized to remain in the United States in F or J nonimmigrant status until the later date of either the expiration date on an Employment Authorization Document, Form I-766, or successor form or the program end date noted on their Form I-20 or Form DS-2019, as applicable, not to exceed a period of 4 years from [DHS WILL INSERT DATE 60 DAYS AFTER DATE OF PUBLICATION OF THE FINAL RULE], plus the departure period of 60 days for F nonimmigrants, which is [DHS WILL INSERT DATE 4 YEARS AND 120 DAYS AFTER DATE OF PUBLICATION OF THE FINAL RULE], and 30 days for J nonimmigrants, which is [DHS WILL INSERT DATE 4 YEARS AND 90 DAYS AFTER DATE OF PUBLICATION OF THE FINAL RULE]. Subject to 8 CFR 274a.14, any authorized employment or training continues until the program end date on such F or J nonimmigrant's Form I-20 or DS-2019, as applicable and as endorsed by the designated school official or responsible officer for employment or training, or expiration date on the alien's Employment Authorization Document, Form I-766, or successor form. Aliens who need additional time to complete their current program of study, including requests for post-completion optional practical training (OPT) and Science Technology Engineering and Mathematics (STEM) OPT, or exchange visitor program, including academic training, or would like to start a new program of study or exchange visitor program must apply for an extension of stay with USCIS in accordance with paragraph (c)(2) of this section for an admission period to a fixed date."
09b09e28efee3db8:C03,4,90 FR 42087,agency_explanation,,"Fifth, F-1 students in a language training program would be restricted to an aggregate of 24 months of language study, which would include breaks and an annual vacation. See proposed 8 CFR 214.2(f)(5)(i)(A). DHS is proposing this limitation as a way to prevent abuse of the F-1 program. Public Law 111-306, enacted on December 14, 2010, and effective since 2011, requires language training schools enrolling F-1 students to be accredited by an accrediting agency recognized by ED. DHS has found students enrolling in lengthy periods of language training, in some cases for more than two decades.[^101] DHS has also identified students who enrolled in language training programs despite previously being enrolled in or completing undergraduate and graduate programs requiring English language proficiency.[^102] Unlike degree programs that typically have prescribed course completion requirements, there are no nationally-recognized, standard completion requirements for language training programs and students are able to enroll in language training programs for lengthy periods of time. The lengthy enrollment in a language program, including enrollment in language courses for long periods subsequent to completion of a program of study that requires proficiency in English, raises concerns about whether the F-1 nonimmigrants meet the statutory definition of a bona fide student with the intent of entering the United States for temporary study.[^103] Therefore, DHS proposes a 24-month aggregate limit for F-1 students to participate in a language training program, as it would provide a reasonable period of time for students to attain proficiency while mitigating the Department's concerns about the integrity of the program. This timeframe generally comports with the amount of time needed to gain the highest level of English proficiency under the Cambridge English Exam.[^104]"
09b09e28efee3db8:C03,5,90 FR 42095,agency_explanation,,"DHS proposes to retain some of the current school transfer and change of educational level conditions. First, as is the case currently, aliens would need to begin classes at the transfer school or program within 5 months of transferring out of the current school or within 5 months of the program completion date on his or her current Form I-20; and second, if the alien is authorized to engage in post-completion OPT, he or she must be able to resume classes within 5 months of changing programs or transferring out of the school that recommended OPT or the date the OPT authorization ends, whichever is earlier. See proposed CFR 214.2(f)(8)(i)(E) and (F)."
09b09e28efee3db8:C01,1,90 FR 42072,agency_explanation,,"Striking all references to D/S for F, J, and I nonimmigrants;"
09b09e28efee3db8:C01,2,8 CFR 214.2(j)(1)(ii)(A),regulatory_text,,"(ii) Admission period and period of stay. (A) J-1 exchange visitor. A J-1 exchange visitor may be admitted for the duration of the exchange visitor program, as stated by the program end date noted on Form DS-2019 or successor form, not to exceed a period of 4 years."
09b09e28efee3db8:C01,3,8 CFR 214.2(j)(1)(ii)(C),regulatory_text,,"(C) Period of stay. A J-1 exchange visitor and J-2 spouse and unmarried children under the age of 21 may be admitted for a period up to 30 days before the report date or start of the approved program listed on Form DS-2019 or successor form. The dependents accompanying a J-1 exchange visitor are eligible for admission in J-2 status if the exchange visitor is admitted in J-1 status. A J-1 exchange visitor and J-2 accompanying dependents may remain in the United States for a period of 30 days from the program end date or the 4-year maximum period of admission, whichever is earlier, for the purposes of departure or to otherwise seek to maintain lawful status. The 30-day period will be reflected on the alien's Arrival/Departure Record, Form I-94 or successor form. The 30-day period before the indicated report date or program start date and 30 additional days following the program end date or the 4-year maximum period of admission do not count towards the maximum period of admission."
09b09e28efee3db8:C01,4,90 FR 42080,agency_explanation,,"Exchange visitor program categories include college and university students, which share similarities with the F-1 nonimmigrant classification. Students enrolled in such programs are pursuing post-secondary studies alongside F-1 nonimmigrants. J-1 college and university students in a degree program may be authorized to participate in the exchange visitor program so long as they meet the requirements for duration of participation, including pursuing a full course of study, echoing the full course of study requirements for F-1 nonimmigrants. Their programs may also be extended by the ROs, subject to regulation and/or approval by DOS, without an application to DHS. These similarities give rise to the same concerns related to F-1s about national security, as described above, and about fraud and abuse by J-1s and their ROs. By requiring the same fixed period of admission for F-1s and J-1s, J-1 college and university students in exchange visitor programs would be unable to circumvent the intent of this proposed rule, [^83] which is to protect the integrity of these programs and provide additional protections and mechanisms for oversight. Because J exchange visitors are also tracked in SEVIS, DHS believes it would be more effective for an immigration officer to periodically confirm that an alien has properly maintained status, rather than relying on the checks of an RO that the J-1 is pursuing the activities permitted by the exchange visitor program. As noted above, DHS believes it is more appropriate for immigration officers, with their background checks, clearances, and training from the U.S. government, to adjudicate maintenance of nonimmigrant status and whether an alien is eligible for an additional admission period. Switching from D/S to a fixed period of admission would permit immigration officers the opportunity to determine whether an alien is eligible for an additional period of time. If an officer finds a violation of status while adjudicating the alien's request, the consequences could be immediate. Applicants for EOS must also establish that they are admissible, and failure to do so will result in denial of the EOS.[^84] Admissibility grounds are complex and are properly assessed by a trained DHS officer. Such an assessment is not currently made when J exchange visitors apply for an extension of their program with their RO.[^85] Thus, admitting J exchange visitors for a fixed period, instead of for D/S, would give DHS more frequent opportunities to directly vet these foreign visitors and ensure they are bona fide exchange visitors and it would prevent and deter nefarious actors within the J exchange visitor population. Under the proposed changes to the period of admission of J exchange visitors and the applicable EOS process, DHS would more frequently collect biometrics and other information from J exchange visitors, enhancing the Government's oversight and monitoring of these aliens."
09b09e28efee3db8:C01,5,90 FR 42085,agency_explanation,,"DHS believes that this transition proposal would not be unreasonably burdensome on F and J nonimmigrants, and it would enable DHS to transition F and J nonimmigrants without unduly burdening nonimmigrants, USCIS, or CBP. Many would be able to complete their programs per the terms of their initial admission (D/S) using the original program end date as an expiration of their authorized period of stay. DHS would grant such periods, which include an additional 60 days for F nonimmigrants and 30 days for J nonimmigrants as provided in their previous admission, automatically without an application or fee. With this option, DHS believes that the majority of F and J nonimmigrants will be shifted to a fixed period of admission of 4 years or less, except for some F-1 students and J-1 exchange visitors. For example, J-1 research scholars and alien physicians who have program end dates for up to 5 or 7 years respectively, would need to apply for an EOS before the 4-year maximum period of stay expires, i.e., the date that falls 4 years after the rule becomes effective."
21b8f78374b09148:C14,1,91 FR 44976,front_matter,,"This rule has been classified as a major rule subject to congressional review. The effective date is September 15, 2026. However, at the conclusion of the congressional review, if the effective date has been changed, DHS will publish a document in the Federal Register to establish the actual effective date or to terminate the rule."
21b8f78374b09148:C14,2,8 CFR 214.1(m)(1),regulatory_text,,"(m) Transition period from duration of status to a fixed admission date--(1) Transition from duration of status admission to a fixed admission period for aliens properly maintaining F and J status on September 15, 2026. Aliens with F or J status who are properly maintaining their status on September 15, 2026, and who were admitted for duration of status are authorized to remain in the United States in F or J nonimmigrant status until the later date of either the expiration date on an Employment Authorization Document, Form I-766, or successor form, or the program end date noted on their Form I-20 or Form DS-2019, as applicable, not to exceed a period of 4 years from September 15, 2026, plus the departure period of 60 days for F nonimmigrants, which is November 14, 2030, and 30 days for J nonimmigrants, which is October 15, 2030. Subject to 8 CFR 274a.14, any authorized employment or training continues until the program end date on such F or J nonimmigrant's Form I-20 or DS-2019, as applicable and as endorsed by the designated school official or responsible officer for employment or training, or expiration date on the alien's Employment Authorization Document, Form I-766, or successor form. Aliens who need additional time to complete their current program of study, including requests for post-completion optional practical training (OPT) and the Science, Technology, Engineering and Mathematics (STEM) OPT extension, or exchange visitor program, including academic training, or would like to start a new program of study or exchange visitor program must apply for an extension of stay with USCIS in accordance with paragraph (c)(2) of this section for an admission period to a fixed date."
21b8f78374b09148:C08,1,91 FR 44978,agency_explanation,,"These changes will ensure that DHS has an effective mechanism to periodically and directly assess whether these nonimmigrants are complying with the conditions of their classifications and U.S. immigration laws, and to obtain timely and accurate information about the activities these aliens have engaged in and plan to engage in during their temporary stay in the United States. If immigration officers discover a nonimmigrant in one of these classifications has overstayed or otherwise violated his or her status, the alien will accrue unlawful presence for purposes of unlawful presence-related statutory grounds of inadmissibility under the INA. Unlawful presence in the United States may result in an alien becoming inadmissible upon departing the United States.[^22] As a result of this inadmissibility, the alien may become ineligible for a nonimmigrant or immigrant visa, admission to the United States, or benefits for which admissibility is required, such as adjustment of status to that of a lawful permanent resident.[^23] This will encourage aliens to maintain lawful status and reduce instances in which F, J, and I nonimmigrants unlawfully remain in the United States after their program, practical training, or activities or assignments consistent with the I classification end. DHS believes this greater oversight will deter F, J, or I nonimmigrants from engaging in fraud and abuse and will strengthen the integrity of these nonimmigrant classifications while enhancing national security."
21b8f78374b09148:C08,2,91 FR 44976,front_matter,,"The Department of Homeland Security (DHS) is amending its regulations to change the admission period in the F, J, and I classifications from duration of status to an admission for a fixed time period, and additional changes to admission and extension requirements. This final rule will provide additional protections and oversight of these nonimmigrant categories and will allow DHS to better evaluate whether these nonimmigrants are maintaining status while temporarily in the United States. This final rule provides amendments to the proposed rule covering this topic that was published in the Federal Register on August 28, 2025."
21b8f78374b09148:C08,3,8 CFR 214.2(f)(5)(i),regulatory_text,,"(5) Period of stay--(i) General. An F-1 student is admitted for a fixed period of time, which is the period necessary to complete the course of study indicated on the Form I-20, or successor form, not to exceed a period of 4 years, plus additional times noted in this paragraph (f)(5)(i). A continuing F-1 student may be granted additional time to complete their program of study, as described in paragraphs (f)(7) and (f)(8)(iv) of this section, begin a new program of study, as described in paragraphs (f)(5)(ii)(D) and (f)(7) of this section, or following the completion of studies to engage in post-completion optional practical training (OPT) and the Science, Technology, Engineering and Mathematics (STEM) extension of OPT, as described in paragraph (f)(5)(i)(D) of this section. An F-1 student described in this section may be admitted for a period of up to 30 days before the indicated report date or program start date listed on the Form I-20 or successor form. An alien described in this paragraph (f)(5)(i) may remain in the United States for an additional 30 days as provided in paragraph (f)(5)(v) of this section. The 30-day period before the indicated report date or program start date and 30 additional days following the program end date or the 4-year maximum period of admission do not count toward the maximum length of stay. The admission periods described in this paragraph (f)(5)(i) are subject to the following exceptions:"
21b8f78374b09148:C13,1,91 FR 44976,front_matter,,"The Department of Homeland Security (DHS) is amending its regulations to change the admission period in the F, J, and I classifications from duration of status to an admission for a fixed time period, and additional changes to admission and extension requirements. This final rule will provide additional protections and oversight of these nonimmigrant categories and will allow DHS to better evaluate whether these nonimmigrants are maintaining status while temporarily in the United States. This final rule provides amendments to the proposed rule covering this topic that was published in the Federal Register on August 28, 2025."
21b8f78374b09148:C13,2,8 CFR 214.2(i)(3)(ii),regulatory_text,,"(ii) Foreign nationals travelling on a passport issued by the People's Republic of China (with the exception of Hong Kong Special Administrative Region passport holders and Macau Special Administrative Region passport holders). An alien who presents a passport from the People's Republic of China (with the exception of Hong Kong Special Administrative Region passport holders and Macau Special Administrative Region passport holders), may be admitted until the activities or assignments consistent with the I classification are completed, not to exceed 90 days."
21b8f78374b09148:C13,3,8 CFR 214.2(f)(7)(i)(C)(1),regulatory_text,,"(1) A currently issued Form I-20, or successor form, indicating additional time is left to complete his or her program of study; or"
21b8f78374b09148:C13,4,91 FR 45112,agency_explanation,,"As with other nonimmigrant classifications, the period of stay for J-2 dependents cannot exceed the period of stay authorized for the principal J-1 exchange visitor, including any EOS granted. And, as with other nonimmigrant classifications, if a dependent is aging out before the program end date listed on the DS-2019, the entire family, including the J-1 principal, will receive an EOS only until the J-2's 21st birthday, which will then require the remaining family members and the principal J-1 to apply for an EOS for the remainder of the program and for the aged out J-2 to leave the country or change status to a different nonimmigrant category. Also, as with other nonimmigrant classifications, if an EOS request is denied, the aliens will need to immediately depart the United States once their authorized period of stay expires."
21b8f78374b09148:C10,1,91 FR 45119,procedural,,"The affected population of the rule are the F, J, and I visa holders, and the educational institutions and sponsors responsible for the visa holders. The major costs associated with this rule are the familiarization and advising burden incurred in year 1, EOS filing costs for visa holders, and DSO/RO burden for assisting with EOS requests. The familiarization and advising burden applies to the full population, however in different amounts. The DSOs/ROs are expected to take on more familiarization burden as they are expected to advise the F and J nonimmigrants. The DSO/RO burden for EOS requests will be borne by the educational institutions and sponsors, while the EOS filing costs will be borne by the visa holders. Familiarization costs are only accrued in the first year, and the advising burden for educational institutions and sponsors responsible for F and J visa holders is scaled to the number of F and J visa holders. Institutions that choose to engage with large numbers of F and J visa holders will incur more costs related to familiarization and adaptation. These familiarization and adaptation costs are expected to decrease after first year the rule is in effect. Educational institutions and sponsors will only accrue EOS processing costs if they enroll nonimmigrants who remain in the country beyond their program length or 4 years, whichever is shorter. Nonimmigrants who remain in the country for their allotted program length (if less than 4 years) or 4 years will not be required to file an EOS request, and not incur costs related to this rule. Only the visa holders filing EOS requests will incur these costs. DHS presents the impacts of these provisions more fully in the RIA, which is available in the docket for this final rule on www.regulations.gov."
21b8f78374b09148:C10,2,91 FR 44978,agency_explanation,,"Following careful consideration of public comments received, DHS has made several changes to the regulatory text proposed in the NPRM.[^24] However, most of the changes proposed in the NPRM have been adopted. A summary of the changes as compared to the NPRM is outlined in section V.A. below. As discussed in detail elsewhere in this preamble, the changes this final rule makes to the Code of Federal Regulations (CFR) include the following:"
21b8f78374b09148:C10,3,91 FR 45121,procedural,,"This final rule does not have tribal implications under Executive Order 13175, Consultation and Coordination with Indian Tribal Governments, because it will not have a substantial direct effect on one or more Indian tribes, on the relationship between the Federal Government and Indian tribes, or on the distribution of power and responsibilities between the Federal Government and Indian tribes."
21b8f78374b09148:C01,1,91 FR 44976,front_matter,,"The Department of Homeland Security (DHS) is amending its regulations to change the admission period in the F, J, and I classifications from duration of status to an admission for a fixed time period, and additional changes to admission and extension requirements. This final rule will provide additional protections and oversight of these nonimmigrant categories and will allow DHS to better evaluate whether these nonimmigrants are maintaining status while temporarily in the United States. This final rule provides amendments to the proposed rule covering this topic that was published in the Federal Register on August 28, 2025."
21b8f78374b09148:C01,2,8 CFR 214.1(m)(1),regulatory_text,,"(m) Transition period from duration of status to a fixed admission date--(1) Transition from duration of status admission to a fixed admission period for aliens properly maintaining F and J status on September 15, 2026. Aliens with F or J status who are properly maintaining their status on September 15, 2026, and who were admitted for duration of status are authorized to remain in the United States in F or J nonimmigrant status until the later date of either the expiration date on an Employment Authorization Document, Form I-766, or successor form, or the program end date noted on their Form I-20 or Form DS-2019, as applicable, not to exceed a period of 4 years from September 15, 2026, plus the departure period of 60 days for F nonimmigrants, which is November 14, 2030, and 30 days for J nonimmigrants, which is October 15, 2030. Subject to 8 CFR 274a.14, any authorized employment or training continues until the program end date on such F or J nonimmigrant's Form I-20 or DS-2019, as applicable and as endorsed by the designated school official or responsible officer for employment or training, or expiration date on the alien's Employment Authorization Document, Form I-766, or successor form. Aliens who need additional time to complete their current program of study, including requests for post-completion optional practical training (OPT) and the Science, Technology, Engineering and Mathematics (STEM) OPT extension, or exchange visitor program, including academic training, or would like to start a new program of study or exchange visitor program must apply for an extension of stay with USCIS in accordance with paragraph (c)(2) of this section for an admission period to a fixed date."
21b8f78374b09148:C01,3,8 CFR 214.2(j)(1)(ii)(A),regulatory_text,,"(ii) Admission period and period of stay--(A) J-1 exchange visitor. A J-1 exchange visitor may be admitted for the duration of the exchange visitor program, as stated by the program end date noted on Form DS-2019 or successor form, not to exceed a period of 4 years."
21b8f78374b09148:C04,1,8 CFR 214.2(f)(7)(i),regulatory_text,,"(7) Extension of stay--(i) Eligibility. USCIS may grant an extension of stay to an F-1 student who has maintained his or her F-1 status, but who is unable to complete his or her program by the end of his or her authorized period of admission. Such student may be eligible for an extension if the designated school official issues a new Form I-20 or successor form certifying that the student is eligible under this paragraph (f)(7)(i). An F-1 student may be granted an extension if it is established that the student:"
21b8f78374b09148:C04,2,91 FR 45110,agency_explanation,,"F-1 applicants will generally need to timely file their EOS application--meaning that USCIS will need to receive the application on or before the date the authorized admission period expires. See new 8 CFR 214.2(f)(7)(iii)(B). This application timeframe for timely filing an EOS application will include the 30-day period of preparation for departure allowed after the completion of studies or any authorized practical training. However, if the extension application is received during the 30-day period of preparation for departure provided in 8 CFR 214.2(f)(5)(v) following the completion of studies, the alien in F-1 status may continue studying but may not continue or begin engaging in practical training or other employment until the extension request is approved and, as applicable, an EAD is issued. See new 8 CFR 214.2(f)(7)(iii)(B). To avoid this scenario, DHS continues to encourage nonimmigrants to file their EOS applications within the six months [^338] preceding the expiration of their stay."
21b8f78374b09148:C04,3,91 FR 45101,agency_explanation,,"As discussed in the NPRM, DHS believes that this transition will not be unreasonably burdensome on F and J nonimmigrants, and it will enable DHS to transition F and J nonimmigrants without unduly burdening nonimmigrants, USCIS, or CBP. Many would be able to complete their programs per the terms of their initial D/S using the original program end date as an expiration of their authorized period of stay. DHS may grant such periods, which include an additional 60 days for F nonimmigrants and 30 days for J nonimmigrants as provided in their previous admission, automatically without an application or fee. With this option, DHS believes that the majority of F and J nonimmigrants will be shifted to a fixed initial period of admission of 4 years or less. For example, J-1 research scholars and alien physicians who have program end dates for up to 5 or 7 years respectively will need to apply for an EOS before the 4-year maximum period of stay expires, i.e., the date that falls 4 years after the rule becomes effective and is listed in this rule for each program."
6190b0444c6018fe:C02,1,91 FR 44976,front_matter,,"The Department of Homeland Security (DHS) is amending its regulations to change the admission period in the F, J, and I classifications from duration of status to an admission for a fixed time period, and additional changes to admission and extension requirements. This final rule will provide additional protections and oversight of these nonimmigrant categories and will allow DHS to better evaluate whether these nonimmigrants are maintaining status while temporarily in the United States. This final rule provides amendments to the proposed rule covering this topic that was published in the Federal Register on August 28, 2025."
6190b0444c6018fe:C02,2,8 CFR 214.1(m)(1),regulatory_text,,"(m) Transition period from duration of status to a fixed admission date--(1) Transition from duration of status admission to a fixed admission period for aliens properly maintaining F and J status on September 15, 2026. Aliens with F or J status who are properly maintaining their status on September 15, 2026, and who were admitted for duration of status are authorized to remain in the United States in F or J nonimmigrant status until the later date of either the expiration date on an Employment Authorization Document, Form I-766, or successor form, or the program end date noted on their Form I-20 or Form DS-2019, as applicable, not to exceed a period of 4 years from September 15, 2026, plus the departure period of 60 days for F nonimmigrants, which is November 14, 2030, and 30 days for J nonimmigrants, which is October 15, 2030. Subject to 8 CFR 274a.14, any authorized employment or training continues until the program end date on such F or J nonimmigrant's Form I-20 or DS-2019, as applicable and as endorsed by the designated school official or responsible officer for employment or training, or expiration date on the alien's Employment Authorization Document, Form I-766, or successor form. Aliens who need additional time to complete their current program of study, including requests for post-completion optional practical training (OPT) and the Science, Technology, Engineering and Mathematics (STEM) OPT extension, or exchange visitor program, including academic training, or would like to start a new program of study or exchange visitor program must apply for an extension of stay with USCIS in accordance with paragraph (c)(2) of this section for an admission period to a fixed date."
6190b0444c6018fe:C02,3,8 CFR 214.2(j)(1)(ii)(A),regulatory_text,,"(ii) Admission period and period of stay--(A) J-1 exchange visitor. A J-1 exchange visitor may be admitted for the duration of the exchange visitor program, as stated by the program end date noted on Form DS-2019 or successor form, not to exceed a period of 4 years."
6190b0444c6018fe:C02,4,91 FR 45121,procedural,,"Under DHS NEPA implementing procedures, for an action to be categorically excluded, it must satisfy each of the following three conditions: (1) The entire action clearly fits within one or more of the categorical exclusions; (2) the action is not a piece of a larger action; and (3) no extraordinary circumstances exist that create the potential for a significant environmental effect.[^354] DHS s amending its regulations to eliminate the practice of admitting F-1 nonimmigrant students, I nonimmigrant representatives of information media, and J-1 exchange visitors (and F-2/J-2 family members) for D/S. The final rule would provide for nonimmigrants seeking entry under F, J, or I visas to be admitted for the period required to complete their academic program, foreign information media employment, or exchange program, not to exceed the periods of time defined in this final rule. The final rule would also require nonimmigrants seeking to continue their studies, foreign information media employment, or exchange program beyond the admission period granted at entry to apply for extension."
6190b0444c6018fe:C02,5,91 FR 45098,agency_explanation,,"Aliens who departed the United States and are applying for admission before their timely filed EOS application has been adjudicated, but before their previously authorized period of stay has expired, could be eligible to be admitted either for: the length of time as indicated by the program end date noted in their most recent Form I-20 or DS-2019, not to exceed 4 years, plus a period of 30 days to prepare for departure or to request admission for the previous period authorized admission and wait for USCIS to adjudicate the EOS. If the alien is admitted for the program length (not to exceed 4 years, as applicable), USCIS would consider the alien's EOS application abandoned because the alien's new fixed date of admission based on the most recent I-20 or DS-2019 had already been determined by CBP upon the most recent admission to the United States, and thus the pending EOS application is extraneous; or the period of time remaining on their previously authorized period of admission. CBP could admit the alien for a period of time not to exceed the unexpired period of stay that was authorized before the alien's departure, plus a period of 30 days to prepare for departure. In this scenario, in accordance with new 8 CFR 214.1(c)(8), an alien's EOS application is not considered abandoned and USCIS could grant a new period of stay upon subsequent adjudication of the EOS application. See new 8 CFR 214.1(a)(4)(i) and (a)(4)(ii). DHS is providing additional clarification here in this preamble that in order to facilitate admission in this scenario, aliens should be prepared to provide evidence of a timely filed extension in the form of a receipt notice issued by DHS for either instance detailed above."
6190b0444c6018fe:C04,1,8 CFR 214.2(i)(3)(ii),regulatory_text,,"(ii) Foreign nationals travelling on a passport issued by the People's Republic of China (with the exception of Hong Kong Special Administrative Region passport holders and Macau Special Administrative Region passport holders). An alien who presents a passport from the People's Republic of China (with the exception of Hong Kong Special Administrative Region passport holders and Macau Special Administrative Region passport holders), may be admitted until the activities or assignments consistent with the I classification are completed, not to exceed 90 days."
6190b0444c6018fe:C04,2,8 CFR 214.2(i)(5)(iv),regulatory_text,,"(iv) Documentation. The facially expired Arrival/Departure Record, Form I-94, or successor form of an alien described in paragraphs (i)(5)(i) through (iii) of this section is considered unexpired when combined with a USCIS receipt notice indicating receipt of a timely filed extension of stay application. An application is considered timely filed if the receipt notice for the application is on or before the date the admission period expires. Such extension may not exceed the earlier of 240 days (90 days for aliens who present a passport issued by the People's Republic of China (with the exception of Hong Kong Special Administrative Region passport holders and Macau Special Administrative Region passport holders)) as provided in 8 CFR 274a.12(b)(20), or the date of denial of the alien's application for an extension of stay."
6190b0444c6018fe:C04,3,8 CFR 214.2(i)(5)(iii)(B),regulatory_text,,"(B) If an extension of stay application remains pending at the end of this 90-day period, the I nonimmigrant alien, whose status has expired, may remain in the United States so long as the extension of stay application is pending, he or she has timely filed a subsequent extension of stay request to remain beyond the period requested in the preceding request, and he or she does not otherwise violate the terms of his or her authorized period of stay. The alien, however, must cease working until his or her initial extension of stay application is approved. USCIS may deny the extension of stay application if the alien did not cease working after the 90-day period and before the extension of stay request was approved."
6190b0444c6018fe:C09,1,8 CFR 214.1(m)(1)(i),regulatory_text,,"(i) Notwithstanding this paragraph (m)(1), an F-1 student recommended for post-completion OPT who files before his or her period of admission expires, including the 60 day departure period, an Application for Employment Authorization, Form I-765, or successor form on the form and in the manner designated by USCIS, with the required fee, as described in the form's instructions, on or before March 18, 2027, is not required to file an Application to Extend/Change Nonimmigrant Status, Form I-539, or successor form for the requested period of post-completion OPT. An F-1 student recommended for STEM OPT who files, prior to the expiration of his or her current OPT Employment Authorization Document, Form I-766, or successor form, an Application for Employment Authorization, Form I-765, or successor form on or before March 18, 2027, is not required to file an Application to Extend/Change Nonimmigrant Status, Form I-539, or successor form for the requested period of STEM OPT. If the alien's application for post-completion OPT or STEM OPT employment authorization is approved, the alien will be authorized to remain in the United States in F status until the expiration date of the Employment Authorization Document, plus 60 days. If the employment authorization application is denied, the F-1 student would continue to be authorized to remain in the United States until the program end date listed on their Form I-20, valid on September 15, 2026, plus 60 days, as long as he or she continues to pursue a full course of study and otherwise meets the requirements for F-1 status, or until the end date of the Employment Authorization Document for post-completion OPT, as long as he or she continues to meet the requirements for F-1 status, plus 60 days."
6190b0444c6018fe:C09,2,91 FR 44979,agency_explanation,,Decreasing the period allowed for F-1 nonimmigrants to prepare to depart from the United States after completion of a course of study or an authorized period of post-completion practical training from 60 to 30 days;
6190b0444c6018fe:C09,3,8 CFR 214.2(i)(3)(i),regulatory_text,,"(3) Admission--(i) Length of admission. Generally, aliens seeking admission in I nonimmigrant status may be admitted for a period of time necessary to complete the planned activities or assignments consistent with the I classification, not to exceed 240 days unless paragraph (i)(3)(ii) of this section applies."
6190b0444c6018fe:C09,4,91 FR 44984,agency_explanation,,"Even when employment is authorized under programs such as the Optional Practical Training (OPT), DHS has found fraud that enabled students to stay in the U.S. without actually having legitimate jobs. ICE Acting Director Todd Lyons told reporters at a press conference on May 12, 2026, that ICE had identified more than 10,000 cases of potential fraud associated with the OPT program. The cases were identified after site visits and other investigative techniques showed that some employers were just shell companies helping recent graduates stay in the U.S. without actual work at a legitimate U.S. company or working for supposedly U.S. based companies managed from abroad, which violates the law requiring U.S. training and direction.[^71]"
6190b0444c6018fe:C09,5,91 FR 44977,agency_explanation,,"The significant increase in the volume of F academic students, J exchange visitors, and I representatives of information media under D/S poses a challenge to DHS's ability to monitor and oversee these nonimmigrants while they are in the United States. During the length of their stay for D/S, a period of admission without a specified end date, these nonimmigrants are not required to have direct interaction with DHS, except for a few limited instances, such as when applying for employment authorization for optional practical training (OPT), or for reinstatement if they have failed to maintain status. Admission for D/S, in general, does not afford immigration officers enough predetermined opportunities to directly verify that aliens granted such nonimmigrant statuses are engaging only in those activities their respective classifications authorize while they are in the United States. In turn, this has undermined DHS's ability to effectively enforce compliance with the statutory inadmissibility grounds related to unlawful presence and has created incentives for fraud and abuse."
6190b0444c6018fe:C09,6,8 CFR 214.2(f)(10)(ii)(D),regulatory_text,,"(D) Extension of stay for post-completion optional practical training (OPT). Unless described in Sec. 214.1(m)(1)(i), an F-1 student recommended for post-completion OPT must apply for an employment authorization and either apply for an extension of stay with USCIS or seek admission through CBP after travel abroad and may not engage in post-completion OPT unless such employment authorization is granted. If the application for post-completion OPT is granted along with an extension of stay or admission through CBP after travel abroad, the student extension will include the additional 30-day period provided in paragraph (f)(5)(v) of this section for departure following the expiration of the time approved to complete post-completion OPT."
6190b0444c6018fe:C03,1,8 CFR 214.2(i)(3)(i),regulatory_text,,"(3) Admission--(i) Length of admission. Generally, aliens seeking admission in I nonimmigrant status may be admitted for a period of time necessary to complete the planned activities or assignments consistent with the I classification, not to exceed 240 days unless paragraph (i)(3)(ii) of this section applies."
6190b0444c6018fe:C03,2,91 FR 44979,agency_explanation,,"Clarifying that I nonimmigrants are authorized to continue working in the United States for their foreign employer, under 8 CFR 274a.12(b)(20), for up to 240 days (with the exception of I nonimmigrants from the PRC who may continue working for up to 90 days) while their timely filed EOS application is pending;"
718451c5503cdb9a:C01,1,8 CFR 214.1(m)(1),regulatory_text,,"(m) Transition period from duration of status to a fixed admission date--(1) Transition from duration of status admission to a fixed admission period for aliens properly maintaining F and J status on September 15, 2026. Aliens with F or J status who are properly maintaining their status on September 15, 2026, and who were admitted for duration of status are authorized to remain in the United States in F or J nonimmigrant status until the later date of either the expiration date on an Employment Authorization Document, Form I-766, or successor form, or the program end date noted on their Form I-20 or Form DS-2019, as applicable, not to exceed a period of 4 years from September 15, 2026, plus the departure period of 60 days for F nonimmigrants, which is November 14, 2030, and 30 days for J nonimmigrants, which is October 15, 2030. Subject to 8 CFR 274a.14, any authorized employment or training continues until the program end date on such F or J nonimmigrant's Form I-20 or DS-2019, as applicable and as endorsed by the designated school official or responsible officer for employment or training, or expiration date on the alien's Employment Authorization Document, Form I-766, or successor form. Aliens who need additional time to complete their current program of study, including requests for post-completion optional practical training (OPT) and the Science, Technology, Engineering and Mathematics (STEM) OPT extension, or exchange visitor program, including academic training, or would like to start a new program of study or exchange visitor program must apply for an extension of stay with USCIS in accordance with paragraph (c)(2) of this section for an admission period to a fixed date."
718451c5503cdb9a:C01,2,8 CFR 214.2(f)(5)(v),regulatory_text,,"(v) Period of preparation for departure or to otherwise maintain lawful status in the United States. An F-1 student who has completed a course of study and any authorized practical training will be allowed an additional 30-day period from the program end date or the 4 year maximum period of admission, or the end date of the approved employment authorization for post-completion OPT or STEM OPT, as applicable, to prepare for departure from the United States, or to otherwise seek to maintain lawful status, including timely filing an extension of stay application in accordance with paragraph (f)(7) of this section and Sec. 214.1 or timely filing a change of status application in accordance with 8 CFR 248.1(a). The 30-day period will be reflected on the F-1 student's Arrival/Departure Record, Form I-94, or successor form. However, if the F-1 student ends his or her study or training prior to expiration of his or her period of admission, the F-1 student, and any eligible dependents, must, within 30 days from the end date of the study or training, depart the United States or otherwise seek to maintain lawful status. An F-1 student authorized by the designated school official to withdraw from classes will be allowed a 15-day period from the date of the withdrawal to depart the United States. An F-1 student who fails to maintain a full course of study or otherwise fails to maintain status is not eligible for any additional period of time for departure and must leave the country immediately."
718451c5503cdb9a:C01,3,91 FR 44979,agency_explanation,,Decreasing the period allowed for F-1 nonimmigrants to prepare to depart from the United States after completion of a course of study or an authorized period of post-completion practical training from 60 to 30 days;
718451c5503cdb9a:C01,4,91 FR 45101–45102,agency_explanation,,"DHS considered the effect of transitioning to a fixed period of admission on F and J nonimmigrants originally admitted for D/S who chose to temporarily come to the United States to pursue a program of study or an exchange visitor program. DHS believes the changes will not significantly affect the interests of these nonimmigrants admitted in D/S. DHS is not changing the fundamental requirements to qualify for these nonimmigrant statuses, rather it is only changing the length of time that an individual may lawfully remain in the United States in F or J status without filing an EOS application. Admitting these classifications of nonimmigrants for a fixed period of admission simply confirms that the admission is temporary and clearly communicates when that temporary admission period ends. Further, as is the case for the fixed period of admission policy more generally, a fixed date of admission simply places these nonimmigrants in the same position as most other nonimmigrants who are temporarily in the United States. They will still be able to continue to pursue their full course of study or exchange program; however, if they need additional time in F or J status, the burden will now be on them to request authorization directly from DHS and establish eligibility to extend their period of stay in such status, whereas previously they obtained an extension of lawful status in conjunction with a program extension through a DSO or RO."
718451c5503cdb9a:C03,1,8 CFR 214.1(m)(1),regulatory_text,,"(m) Transition period from duration of status to a fixed admission date--(1) Transition from duration of status admission to a fixed admission period for aliens properly maintaining F and J status on September 15, 2026. Aliens with F or J status who are properly maintaining their status on September 15, 2026, and who were admitted for duration of status are authorized to remain in the United States in F or J nonimmigrant status until the later date of either the expiration date on an Employment Authorization Document, Form I-766, or successor form, or the program end date noted on their Form I-20 or Form DS-2019, as applicable, not to exceed a period of 4 years from September 15, 2026, plus the departure period of 60 days for F nonimmigrants, which is November 14, 2030, and 30 days for J nonimmigrants, which is October 15, 2030. Subject to 8 CFR 274a.14, any authorized employment or training continues until the program end date on such F or J nonimmigrant's Form I-20 or DS-2019, as applicable and as endorsed by the designated school official or responsible officer for employment or training, or expiration date on the alien's Employment Authorization Document, Form I-766, or successor form. Aliens who need additional time to complete their current program of study, including requests for post-completion optional practical training (OPT) and the Science, Technology, Engineering and Mathematics (STEM) OPT extension, or exchange visitor program, including academic training, or would like to start a new program of study or exchange visitor program must apply for an extension of stay with USCIS in accordance with paragraph (c)(2) of this section for an admission period to a fixed date."
718451c5503cdb9a:C03,2,8 CFR 214.2(f)(5)(i)(C),regulatory_text,,"(C) F-1 students attending a public high school, which may also include a charter school or other similar school funded by U.S. taxpayers, are restricted to an aggregate of no more than 12 months to complete their course of study, including any school breaks and annual vacations."
718451c5503cdb9a:C03,3,91 FR 45099,agency_explanation,,"Under current policy, F and J nonimmigrants admitted for D/S do not accrue unlawful presence until the day after USCIS formally finds a nonimmigrant status violation while adjudicating a request for another immigration benefit or on the day after an immigration judge orders the alien excluded, deported, or removed (whether or not the decision is appealed), whichever comes first.[^295] In reliance on this policy, some F and J nonimmigrants admitted for D/S may not have taken the appropriate steps to maintain status, otherwise change status, or depart the United States. This final rule is concerned with providing adequate notice to allow F and J nonimmigrants who are maintaining status to transition to a new date-certain admission."
718451c5503cdb9a:C05,1,8 CFR 214.2(f)(5)(i),regulatory_text,,"(5) Period of stay--(i) General. An F-1 student is admitted for a fixed period of time, which is the period necessary to complete the course of study indicated on the Form I-20, or successor form, not to exceed a period of 4 years, plus additional times noted in this paragraph (f)(5)(i). A continuing F-1 student may be granted additional time to complete their program of study, as described in paragraphs (f)(7) and (f)(8)(iv) of this section, begin a new program of study, as described in paragraphs (f)(5)(ii)(D) and (f)(7) of this section, or following the completion of studies to engage in post-completion optional practical training (OPT) and the Science, Technology, Engineering and Mathematics (STEM) extension of OPT, as described in paragraph (f)(5)(i)(D) of this section. An F-1 student described in this section may be admitted for a period of up to 30 days before the indicated report date or program start date listed on the Form I-20 or successor form. An alien described in this paragraph (f)(5)(i) may remain in the United States for an additional 30 days as provided in paragraph (f)(5)(v) of this section. The 30-day period before the indicated report date or program start date and 30 additional days following the program end date or the 4-year maximum period of admission do not count toward the maximum length of stay. The admission periods described in this paragraph (f)(5)(i) are subject to the following exceptions:"
718451c5503cdb9a:C05,2,91 FR 45099,agency_explanation,,"Under current policy, F and J nonimmigrants admitted for D/S do not accrue unlawful presence until the day after USCIS formally finds a nonimmigrant status violation while adjudicating a request for another immigration benefit or on the day after an immigration judge orders the alien excluded, deported, or removed (whether or not the decision is appealed), whichever comes first.[^295] In reliance on this policy, some F and J nonimmigrants admitted for D/S may not have taken the appropriate steps to maintain status, otherwise change status, or depart the United States. This final rule is concerned with providing adequate notice to allow F and J nonimmigrants who are maintaining status to transition to a new date-certain admission."
718451c5503cdb9a:C05,3,91 FR 44979,agency_explanation,,Decreasing the period allowed for F-1 nonimmigrants to prepare to depart from the United States after completion of a course of study or an authorized period of post-completion practical training from 60 to 30 days;
718451c5503cdb9a:C05,4,91 FR 45098,agency_explanation,,"The method to calculate the period of admission for F-1 and J-1 nonimmigrants is explained. The 30-day period before the indicated report date or program start date and 30 additional days following the program end date do not count towards the maximum. See new 8 CFR 214.2(f)(5), (f)(7)(vi), (j)(1)(ii) and (j)(1)(iv)(C). The calculation of the 4-year maximum period of admission will not begin from the date of admission during that 30-day arrival window, but from the program start date. Similarly, the 30-day departure periods for F-1 and J-1 nonimmigrants will not count towards the 4-year maximum period of admission. This will avoid a scenario where an F-1 or J-1 seeks admission 30 days prior to the program start date, is admitted for a maximum 4 year period of admission to complete a 4 year program, but receives a period of admission calculated from the date of entry, meaning that the end of their period of admission would end 30 days prior to their 4 year program end date, thereby requiring the F-1 or J-1 to apply for an EOS or depart and re-enter the United States."
718451c5503cdb9a:C05,5,8 CFR 214.2(j)(1)(ii)(C),regulatory_text,,"(C) Period of stay. A J-1 exchange visitor and J-2 spouse and unmarried children under the age of 21 may be admitted for a period up to 30 days before the report date or start of the approved program listed on Form DS-2019 or successor form. The dependents accompanying a J-1 exchange visitor are eligible for admission in J-2 status if the exchange visitor is admitted in J-1 status. A J-1 exchange visitor and J-2 accompanying dependents may remain in the United States for a period of 30 days from the program end date or the 4-year maximum period of admission, whichever is earlier, for the purposes of departure or to otherwise seek to maintain lawful status. The 30-day period will be reflected on the alien's Arrival/Departure Record, Form I-94 or successor form. If the program end date is shortened, the J-1 exchange visitor and any J-2 accompanying dependents must leave the United States within 30 days from the new program end date or otherwise seek to maintain lawful status in that 30-day period. The 30-day period before the indicated report date or program start date and 30 additional days following the program end date or the 4-year maximum period of admission do not count towards the maximum period of admission."
718451c5503cdb9a:C08,1,8 CFR 214.2(i)(3)(ii),regulatory_text,,"(ii) Foreign nationals travelling on a passport issued by the People's Republic of China (with the exception of Hong Kong Special Administrative Region passport holders and Macau Special Administrative Region passport holders). An alien who presents a passport from the People's Republic of China (with the exception of Hong Kong Special Administrative Region passport holders and Macau Special Administrative Region passport holders), may be admitted until the activities or assignments consistent with the I classification are completed, not to exceed 90 days."
718451c5503cdb9a:C08,2,8 CFR 214.2(f)(7)(i),regulatory_text,,"(7) Extension of stay--(i) Eligibility. USCIS may grant an extension of stay to an F-1 student who has maintained his or her F-1 status, but who is unable to complete his or her program by the end of his or her authorized period of admission. Such student may be eligible for an extension if the designated school official issues a new Form I-20 or successor form certifying that the student is eligible under this paragraph (f)(7)(i). An F-1 student may be granted an extension if it is established that the student:"
718451c5503cdb9a:C08,3,91 FR 45099,agency_explanation,,"Under current policy, F and J nonimmigrants admitted for D/S do not accrue unlawful presence until the day after USCIS formally finds a nonimmigrant status violation while adjudicating a request for another immigration benefit or on the day after an immigration judge orders the alien excluded, deported, or removed (whether or not the decision is appealed), whichever comes first.[^295] In reliance on this policy, some F and J nonimmigrants admitted for D/S may not have taken the appropriate steps to maintain status, otherwise change status, or depart the United States. This final rule is concerned with providing adequate notice to allow F and J nonimmigrants who are maintaining status to transition to a new date-certain admission."
718451c5503cdb9a:C08,4,91 FR 44977,agency_explanation,,"The events of 9/11 highlighted the potential for abuse of the student visa. In the wake of 9/11, a Homeland Security Presidential Directive titled, Combating Terrorism Through Immigration Policies directed, among other things, that a program be developed to track the status of foreign students. It also mandated that the government develop guidelines that may include control mechanisms such as limited duration of student status.[^17] The 9/11 Commission reiterated the need to track foreign students and place tighter controls on student visas.[^18] From these mandates and the statutory authorities described below, the Student and Exchange Visitor Program (SEVP) was created, and the electronic Student and Exchange Visitor Information System (SEVIS) was implemented. SEVIS is a DHS computer system that stores and processes information about foreign students and exchange visitors in the U.S."
718451c5503cdb9a:C08,5,91 FR 44985–44986,agency_explanation,,"An open education environment in the United States offers benefits, but it also places research universities and the nation at risk for economic, academic, or military espionage by foreign students. Foreign adversaries are using progressively sophisticated and resourceful methods to exploit the U.S. educational environment, including well-documented cases of espionage through the student program.[^82] Detecting and deterring emerging threats to U.S. national security posed by adversaries exploiting the F-1 program requires additional oversight. In 2022, in response to a Congressional inquiry, GAO investigated and made recommendations that ICE modify the SEVIS system to include factors that potentially indicate which foreign students or scholars may pose more risk of transferring technology at U.S. universities.[^83]"
718451c5503cdb9a:C09,1,8 CFR 214.2(f)(5)(i)(C),regulatory_text,,"(C) F-1 students attending a public high school, which may also include a charter school or other similar school funded by U.S. taxpayers, are restricted to an aggregate of no more than 12 months to complete their course of study, including any school breaks and annual vacations."
718451c5503cdb9a:C09,2,91 FR 44976,front_matter,,"This rule has been classified as a major rule subject to congressional review. The effective date is September 15, 2026. However, at the conclusion of the congressional review, if the effective date has been changed, DHS will publish a document in the Federal Register to establish the actual effective date or to terminate the rule."
718451c5503cdb9a:C09,3,91 FR 44985–44986,agency_explanation,,"An open education environment in the United States offers benefits, but it also places research universities and the nation at risk for economic, academic, or military espionage by foreign students. Foreign adversaries are using progressively sophisticated and resourceful methods to exploit the U.S. educational environment, including well-documented cases of espionage through the student program.[^82] Detecting and deterring emerging threats to U.S. national security posed by adversaries exploiting the F-1 program requires additional oversight. In 2022, in response to a Congressional inquiry, GAO investigated and made recommendations that ICE modify the SEVIS system to include factors that potentially indicate which foreign students or scholars may pose more risk of transferring technology at U.S. universities.[^83]"
718451c5503cdb9a:C09,4,91 FR 44985,agency_explanation,,"Finally, because the D/S framework reduces opportunities for direct vetting of foreign academic students by immigration officers, it creates opportunities for foreign adversaries to exploit the F-1 program and undermine U.S. national security. Under the D/S framework, DHS has identified national security threats within the F-1 program. For example, on March 24, 2023, a Russian man was charged with acting as an agent of a foreign power, visa fraud, bank fraud, wire fraud, and other charges stemming from his illegal activities in the United States functioning as an ""illegal"" agent for a Russian Intelligence Service. He obtained an F-1 visa in 2018 under an assumed Brazilian identity, which he used to enter the United States and enroll in a U.S. university from 2018 to 2020.[^76] In recent years, multiple F-1 students have been arrested in connection with illegal activities pertaining to U.S. military bases.[^77] On January 18, 2024 the Federal Bureau of Investigation (FBI) arrested a student from China for prohibited operation of an unmanned aircraft system, violation of national defense airspace, and photography of defense installations after an investigation revealed the student utilized a commercial drone to take photographs of U.S. naval bases in the Norfolk, Virginia area. The U.S. District Court for the Eastern District of Virginia's Newport News Division convicted him for use of an aircraft for the unlawful photographing of designated installation without authorization on October 2, 2024, and he was removed from the United States on May 7, 2025.[^78] In June 2020, three Chinese nationals were sentenced to federal prison for illegal photography of a U.S. naval installation in Key West, Florida. Two of those arrested were F-1 students, and one was a J-1 exchange visitor.[^79] In October 2024, five Chinese students were charged with conspiracy, making false statements and destroying records in connection with a federal investigation after they were observed with cameras at Camp Grayling in Michigan during a training exercise in August 2023 where thousands of military officials, including some from Taiwan, were participating.[^80] Each of these examples was part of DHS's analysis of SEVIS data on June 2, 2026."
718451c5503cdb9a:C09,5,91 FR 44986,agency_explanation,,"There are multiple examples of ongoing national security threats posed by J nonimmigrants under the D/S framework, thereby supporting the need for increased oversight within the program. For example, in 2009, an Iranian national was issued a J-1 visa to be a visiting professor in computer science at a U.S. university from September 2009 to August 2010. On November 8, 2012, the U.S. Department of the Treasury's Office of Foreign Assets Control (""OFAC"") designated him as a person whose property and interests in property are blocked pursuant to Executive Order 13628 of October 9, 2012, ""Authorizing the Implementation of Certain Sanctions Set Forth in the Iran Threat Reduction and Syria Human Rights Act of 2012 and Additional Sanctions With Respect to Iran."" [^87] He was reportedly attempting to acquire equipment related to the monitoring of Short Message Service (SMS) traffic from abroad as of February 2009 and, as of early July 2012, was actively assisting the Government of Iran's internet censorship activities.[^88] On November 5, 2025, three J-1 research scholars from China were charged with conspiracy to smuggle biological materials into the United States and for making false statements to U.S. Customs and Border Protection officers.[^89] In June 2025, the U.S. Department of Justice announced that two Chinese national J-1 exchange visitors were charged with conspiracy and smuggling a dangerous biological pathogen into the U.S. for their work at a U.S. university laboratory.[^90] On November 5, 2025, one of the J-1 exchange visitors pleaded guilty to charges of smuggling a biological pathogen into the U.S. and then lying to FBI agents about it.[^91]"
718451c5503cdb9a:C07,1,91 FR 44976,front_matter,,"The Department of Homeland Security (DHS) is amending its regulations to change the admission period in the F, J, and I classifications from duration of status to an admission for a fixed time period, and additional changes to admission and extension requirements. This final rule will provide additional protections and oversight of these nonimmigrant categories and will allow DHS to better evaluate whether these nonimmigrants are maintaining status while temporarily in the United States. This final rule provides amendments to the proposed rule covering this topic that was published in the Federal Register on August 28, 2025."
718451c5503cdb9a:C07,2,8 CFR 214.1(m)(1),regulatory_text,,"(m) Transition period from duration of status to a fixed admission date--(1) Transition from duration of status admission to a fixed admission period for aliens properly maintaining F and J status on September 15, 2026. Aliens with F or J status who are properly maintaining their status on September 15, 2026, and who were admitted for duration of status are authorized to remain in the United States in F or J nonimmigrant status until the later date of either the expiration date on an Employment Authorization Document, Form I-766, or successor form, or the program end date noted on their Form I-20 or Form DS-2019, as applicable, not to exceed a period of 4 years from September 15, 2026, plus the departure period of 60 days for F nonimmigrants, which is November 14, 2030, and 30 days for J nonimmigrants, which is October 15, 2030. Subject to 8 CFR 274a.14, any authorized employment or training continues until the program end date on such F or J nonimmigrant's Form I-20 or DS-2019, as applicable and as endorsed by the designated school official or responsible officer for employment or training, or expiration date on the alien's Employment Authorization Document, Form I-766, or successor form. Aliens who need additional time to complete their current program of study, including requests for post-completion optional practical training (OPT) and the Science, Technology, Engineering and Mathematics (STEM) OPT extension, or exchange visitor program, including academic training, or would like to start a new program of study or exchange visitor program must apply for an extension of stay with USCIS in accordance with paragraph (c)(2) of this section for an admission period to a fixed date."
718451c5503cdb9a:C07,3,91 FR 44979,agency_explanation,,Decreasing the period allowed for F-1 nonimmigrants to prepare to depart from the United States after completion of a course of study or an authorized period of post-completion practical training from 60 to 30 days;
718451c5503cdb9a:C07,4,91 FR 44982,agency_explanation,,"From 1973 to 1985, aliens admitted to the United States in I nonimmigrant status were admitted for a period of 1 year with the possibility of extensions.[^51] In 1985, legacy INS amended the regulations to allow nonimmigrant representatives of information media to be admitted for the duration of their employment.[^52] This change from a set time period of admission to admission for duration of employment for I nonimmigrants was implemented as part of a continuing effort to reduce reporting requirements for the public, as well as the paperwork burden associated with processing extension requests on the agency.[^53] Through its administration of the regulations authorizing I nonimmigrants admission for duration of employment, DHS currently admits all I nonimmigrants for D/S, with the exception of those presenting a passport issued by the PRC (other than a Hong Kong Special Administrative Region (SAR) passport or a Macau SAR passport).[^54] Changes to D/S were proposed for I foreign media representatives in 2020, but the proposal was withdrawn in 2021.[^55]"
718451c5503cdb9a:C07,5,91 FR 44980,agency_explanation,,"From 1973 to 1979, F students were admitted for one year and could be granted an EOS in increments of up to 12 months if they established that they were maintaining status.[^27] However, on July 26, 1978, given the large number of nonimmigrant students in the United States at the time and the need to continually process their EOS applications, legacy INS proposed amending the regulations to permit F-1 students to be admitted for the duration of their status as students.[^28] Legacy INS explained the changes would facilitate the admission of nonimmigrant students, provide dollar and manpower savings to the Government, and permit more efficient use of resources.[^29] On November 22, 1978, a final rule was published to amend the regulations at 8 CFR 214 to allow the legacy INS to admit F-1 students for a D/S period.[^30] That rule became effective on January 1, 1979."
718451c5503cdb9a:C07,6,91 FR 44976,agency_explanation,,"Unlike aliens in most nonimmigrant classifications who are admitted until a specific departure date, F, J, and I (except for some I nonimmigrants from the People's Republic of China (PRC)) nonimmigrants are admitted into the United States for an unspecified period of time to engage in activities authorized under their respective nonimmigrant classifications. This unspecified period of time is referred to as ""duration of status"" (D/S). D/S for F academic students is generally the time during which a student is pursuing a full course of study at an educational institution approved by DHS, or engaging in authorized practical training following completion of studies, plus authorized time to depart the country.[^5] D/S for J exchange visitors is the time during which an exchange visitor is participating in an authorized program, plus authorized time to depart the country.[^6] D/S for I representatives of foreign information media is the duration of their foreign employment duties in the United States.[^7] For dependents of principal F, J, or I nonimmigrants, D/S generally corresponds with the principal's period of admission so long as the dependents are also complying with the requirements of their particular classifications.[^8]"
592d184def3b872a:C01,1,8 CFR 214.2(j)(1)(ii)(C),regulatory_text,,"(C) Period of stay. A J-1 exchange visitor and J-2 spouse and unmarried children under the age of 21 may be admitted for a period up to 30 days before the report date or start of the approved program listed on Form DS-2019 or successor form. The dependents accompanying a J-1 exchange visitor are eligible for admission in J-2 status if the exchange visitor is admitted in J-1 status. A J-1 exchange visitor and J-2 accompanying dependents may remain in the United States for a period of 30 days from the program end date or the 4-year maximum period of admission, whichever is earlier, for the purposes of departure or to otherwise seek to maintain lawful status. The 30-day period will be reflected on the alien's Arrival/Departure Record, Form I-94 or successor form. If the program end date is shortened, the J-1 exchange visitor and any J-2 accompanying dependents must leave the United States within 30 days from the new program end date or otherwise seek to maintain lawful status in that 30-day period. The 30-day period before the indicated report date or program start date and 30 additional days following the program end date or the 4-year maximum period of admission do not count towards the maximum period of admission."
592d184def3b872a:C01,2,8 CFR 214.1(m)(1),regulatory_text,,"(m) Transition period from duration of status to a fixed admission date--(1) Transition from duration of status admission to a fixed admission period for aliens properly maintaining F and J status on September 15, 2026. Aliens with F or J status who are properly maintaining their status on September 15, 2026, and who were admitted for duration of status are authorized to remain in the United States in F or J nonimmigrant status until the later date of either the expiration date on an Employment Authorization Document, Form I-766, or successor form, or the program end date noted on their Form I-20 or Form DS-2019, as applicable, not to exceed a period of 4 years from September 15, 2026, plus the departure period of 60 days for F nonimmigrants, which is November 14, 2030, and 30 days for J nonimmigrants, which is October 15, 2030. Subject to 8 CFR 274a.14, any authorized employment or training continues until the program end date on such F or J nonimmigrant's Form I-20 or DS-2019, as applicable and as endorsed by the designated school official or responsible officer for employment or training, or expiration date on the alien's Employment Authorization Document, Form I-766, or successor form. Aliens who need additional time to complete their current program of study, including requests for post-completion optional practical training (OPT) and the Science, Technology, Engineering and Mathematics (STEM) OPT extension, or exchange visitor program, including academic training, or would like to start a new program of study or exchange visitor program must apply for an extension of stay with USCIS in accordance with paragraph (c)(2) of this section for an admission period to a fixed date."
592d184def3b872a:C01,3,91 FR 44979,agency_explanation,,Decreasing the period allowed for F-1 nonimmigrants to prepare to depart from the United States after completion of a course of study or an authorized period of post-completion practical training from 60 to 30 days;
592d184def3b872a:C01,4,91 FR 45101–45102,agency_explanation,,"DHS considered the effect of transitioning to a fixed period of admission on F and J nonimmigrants originally admitted for D/S who chose to temporarily come to the United States to pursue a program of study or an exchange visitor program. DHS believes the changes will not significantly affect the interests of these nonimmigrants admitted in D/S. DHS is not changing the fundamental requirements to qualify for these nonimmigrant statuses, rather it is only changing the length of time that an individual may lawfully remain in the United States in F or J status without filing an EOS application. Admitting these classifications of nonimmigrants for a fixed period of admission simply confirms that the admission is temporary and clearly communicates when that temporary admission period ends. Further, as is the case for the fixed period of admission policy more generally, a fixed date of admission simply places these nonimmigrants in the same position as most other nonimmigrants who are temporarily in the United States. They will still be able to continue to pursue their full course of study or exchange program; however, if they need additional time in F or J status, the burden will now be on them to request authorization directly from DHS and establish eligibility to extend their period of stay in such status, whereas previously they obtained an extension of lawful status in conjunction with a program extension through a DSO or RO."
592d184def3b872a:C05,1,91 FR 44976,front_matter,,"This rule has been classified as a major rule subject to congressional review. The effective date is September 15, 2026. However, at the conclusion of the congressional review, if the effective date has been changed, DHS will publish a document in the Federal Register to establish the actual effective date or to terminate the rule."
592d184def3b872a:C05,2,91 FR 45119,procedural,,"The affected population of the rule are the F, J, and I visa holders, and the educational institutions and sponsors responsible for the visa holders. The major costs associated with this rule are the familiarization and advising burden incurred in year 1, EOS filing costs for visa holders, and DSO/RO burden for assisting with EOS requests. The familiarization and advising burden applies to the full population, however in different amounts. The DSOs/ROs are expected to take on more familiarization burden as they are expected to advise the F and J nonimmigrants. The DSO/RO burden for EOS requests will be borne by the educational institutions and sponsors, while the EOS filing costs will be borne by the visa holders. Familiarization costs are only accrued in the first year, and the advising burden for educational institutions and sponsors responsible for F and J visa holders is scaled to the number of F and J visa holders. Institutions that choose to engage with large numbers of F and J visa holders will incur more costs related to familiarization and adaptation. These familiarization and adaptation costs are expected to decrease after first year the rule is in effect. Educational institutions and sponsors will only accrue EOS processing costs if they enroll nonimmigrants who remain in the country beyond their program length or 4 years, whichever is shorter. Nonimmigrants who remain in the country for their allotted program length (if less than 4 years) or 4 years will not be required to file an EOS request, and not incur costs related to this rule. Only the visa holders filing EOS requests will incur these costs. DHS presents the impacts of these provisions more fully in the RIA, which is available in the docket for this final rule on www.regulations.gov."
592d184def3b872a:C05,3,91 FR 45107,agency_explanation,,"As first promulgated in 1998, the SSR regulations provide necessary flexibility to address unforeseeable emergencies by allowing DHS, by notice in the Federal Register, to suspend the applicability of some or all of the requirements for on- and off-campus employment authorization for specified F-1 students where an emergency situation has arisen calling for this action. These F-1 students must continue to attend classes but are allowed to take a reduced course load. By regulation, aliens approved for SSR to take at least 6 semester or quarter hours of instruction at the undergraduate level or 3 semester or quarter hours of instruction at the graduate level. See new 8 CFR 214.2(f)(5)(v). Failure to take the required credits could be considered a failure to maintain F-1 status. The SSR regulations are announced by notice in the Federal Register, and such employment may only be undertaken during the validity period of the SSR notice."
592d184def3b872a:C02,1,91 FR 44976,front_matter,,"The Department of Homeland Security (DHS) is amending its regulations to change the admission period in the F, J, and I classifications from duration of status to an admission for a fixed time period, and additional changes to admission and extension requirements. This final rule will provide additional protections and oversight of these nonimmigrant categories and will allow DHS to better evaluate whether these nonimmigrants are maintaining status while temporarily in the United States. This final rule provides amendments to the proposed rule covering this topic that was published in the Federal Register on August 28, 2025."
592d184def3b872a:C02,2,8 CFR 214.2(i)(3)(ii),regulatory_text,,"(ii) Foreign nationals travelling on a passport issued by the People's Republic of China (with the exception of Hong Kong Special Administrative Region passport holders and Macau Special Administrative Region passport holders). An alien who presents a passport from the People's Republic of China (with the exception of Hong Kong Special Administrative Region passport holders and Macau Special Administrative Region passport holders), may be admitted until the activities or assignments consistent with the I classification are completed, not to exceed 90 days."
592d184def3b872a:C02,3,8 CFR 214.2(f)(7)(i),regulatory_text,,"(7) Extension of stay--(i) Eligibility. USCIS may grant an extension of stay to an F-1 student who has maintained his or her F-1 status, but who is unable to complete his or her program by the end of his or her authorized period of admission. Such student may be eligible for an extension if the designated school official issues a new Form I-20 or successor form certifying that the student is eligible under this paragraph (f)(7)(i). An F-1 student may be granted an extension if it is established that the student:"
592d184def3b872a:C02,4,91 FR 44977,agency_explanation,,"The events of 9/11 highlighted the potential for abuse of the student visa. In the wake of 9/11, a Homeland Security Presidential Directive titled, Combating Terrorism Through Immigration Policies directed, among other things, that a program be developed to track the status of foreign students. It also mandated that the government develop guidelines that may include control mechanisms such as limited duration of student status.[^17] The 9/11 Commission reiterated the need to track foreign students and place tighter controls on student visas.[^18] From these mandates and the statutory authorities described below, the Student and Exchange Visitor Program (SEVP) was created, and the electronic Student and Exchange Visitor Information System (SEVIS) was implemented. SEVIS is a DHS computer system that stores and processes information about foreign students and exchange visitors in the U.S."
592d184def3b872a:C02,5,8 CFR 248.1(e),regulatory_text,,"(e) Admission of aliens under section 101(a)(15)(F) and (J) previously granted duration of status. Aliens who were granted a change to F or J status prior to September 15, 2026, and who departed the United States and are applying for admission on or after September 15, 2026, will be inspected and may be admitted into the United States up to the program end date as noted on the Form I-20 or Form DS-2019 not to exceed a period of 4 years. To be admitted into the United States, all aliens must be eligible for the requested status and possess the proper documentation, including a valid passport, valid nonimmigrant visa, if required, and valid Form I-20 or Form DS-2019 or successor form."
592d184def3b872a:C03,1,8 CFR 214.1(m)(1),regulatory_text,,"(m) Transition period from duration of status to a fixed admission date--(1) Transition from duration of status admission to a fixed admission period for aliens properly maintaining F and J status on September 15, 2026. Aliens with F or J status who are properly maintaining their status on September 15, 2026, and who were admitted for duration of status are authorized to remain in the United States in F or J nonimmigrant status until the later date of either the expiration date on an Employment Authorization Document, Form I-766, or successor form, or the program end date noted on their Form I-20 or Form DS-2019, as applicable, not to exceed a period of 4 years from September 15, 2026, plus the departure period of 60 days for F nonimmigrants, which is November 14, 2030, and 30 days for J nonimmigrants, which is October 15, 2030. Subject to 8 CFR 274a.14, any authorized employment or training continues until the program end date on such F or J nonimmigrant's Form I-20 or DS-2019, as applicable and as endorsed by the designated school official or responsible officer for employment or training, or expiration date on the alien's Employment Authorization Document, Form I-766, or successor form. Aliens who need additional time to complete their current program of study, including requests for post-completion optional practical training (OPT) and the Science, Technology, Engineering and Mathematics (STEM) OPT extension, or exchange visitor program, including academic training, or would like to start a new program of study or exchange visitor program must apply for an extension of stay with USCIS in accordance with paragraph (c)(2) of this section for an admission period to a fixed date."
592d184def3b872a:C03,2,91 FR 44976,front_matter,,"The Department of Homeland Security (DHS) is amending its regulations to change the admission period in the F, J, and I classifications from duration of status to an admission for a fixed time period, and additional changes to admission and extension requirements. This final rule will provide additional protections and oversight of these nonimmigrant categories and will allow DHS to better evaluate whether these nonimmigrants are maintaining status while temporarily in the United States. This final rule provides amendments to the proposed rule covering this topic that was published in the Federal Register on August 28, 2025."
592d184def3b872a:C03,3,8 CFR 214.2(f)(7)(i)(C)(1),regulatory_text,,"(1) A currently issued Form I-20, or successor form, indicating additional time is left to complete his or her program of study; or"
592d184def3b872a:C03,4,91 FR 44976,agency_explanation,,"Unlike aliens in most nonimmigrant classifications who are admitted until a specific departure date, F, J, and I (except for some I nonimmigrants from the People's Republic of China (PRC)) nonimmigrants are admitted into the United States for an unspecified period of time to engage in activities authorized under their respective nonimmigrant classifications. This unspecified period of time is referred to as ""duration of status"" (D/S). D/S for F academic students is generally the time during which a student is pursuing a full course of study at an educational institution approved by DHS, or engaging in authorized practical training following completion of studies, plus authorized time to depart the country.[^5] D/S for J exchange visitors is the time during which an exchange visitor is participating in an authorized program, plus authorized time to depart the country.[^6] D/S for I representatives of foreign information media is the duration of their foreign employment duties in the United States.[^7] For dependents of principal F, J, or I nonimmigrants, D/S generally corresponds with the principal's period of admission so long as the dependents are also complying with the requirements of their particular classifications.[^8]"
592d184def3b872a:C03,5,91 FR 45110,agency_explanation,,"While the sponsoring school is required to verify the availability of financial support before issuing the Form I-20, they may not be well-versed in foreign documentation submitted by applicants and circumstances may change between the issuance of a Form I-20 and a request for an EOS. Further, it is incumbent upon DHS to determine the veracity of the evidence submitted, and officers must ensure that the student has sufficient funds to study in the United States without resorting to unauthorized employment. The phrase ""sufficient funds to cover expenses"" is referred to in existing DoS regulations concerning issuance of F and M nonimmigrant student visas, 22 CFR 41.61(b)(1)(ii), and current DoS policy requires an applicant to provide documentary evidence that sufficient funds are, or will be, available to defray all expenses during the entire period of anticipated study.[^335] While this does not mean that the applicant must have cash immediately available to cover the entire period of intended study, which may last several years, the applicant must demonstrate enough readily available funds to meet all expenses for the first year of study and that additional funds will be available for the duration of the intended period of study.[^336] DHS believes requiring evidence of readily available financial resources to cover expenses for one year of study is reasonable given that F students are familiar with this requirement because this is the standard used by the DoS in the issuance of F nonimmigrant visas. DHS also considers that this standard is appropriate because it establishes concrete resources for one full academic year of the program. Further, applicants must demonstrate that, barring unforeseen circumstances, adequate funds will be available for each subsequent year of study from the same source or from one or more other specifically identified and reliable financial sources. Such evidence for one year and subsequent years could include, but is not limited to: complete copies of detailed financial account statements for each account intended to be used to fund the student's education; other immediately available cash assets; receipts and/or a letter from the school accounts office indicating tuition payments already made and any outstanding account balance; affidavits of support from a sponsor; proof of authorized private student loans; [^337] and/or other financial documentation."
592d184def3b872a:C04,1,91 FR 44976,front_matter,,"The Department of Homeland Security (DHS) is amending its regulations to change the admission period in the F, J, and I classifications from duration of status to an admission for a fixed time period, and additional changes to admission and extension requirements. This final rule will provide additional protections and oversight of these nonimmigrant categories and will allow DHS to better evaluate whether these nonimmigrants are maintaining status while temporarily in the United States. This final rule provides amendments to the proposed rule covering this topic that was published in the Federal Register on August 28, 2025."
592d184def3b872a:C04,2,91 FR 44978,agency_explanation,,"These changes will ensure that DHS has an effective mechanism to periodically and directly assess whether these nonimmigrants are complying with the conditions of their classifications and U.S. immigration laws, and to obtain timely and accurate information about the activities these aliens have engaged in and plan to engage in during their temporary stay in the United States. If immigration officers discover a nonimmigrant in one of these classifications has overstayed or otherwise violated his or her status, the alien will accrue unlawful presence for purposes of unlawful presence-related statutory grounds of inadmissibility under the INA. Unlawful presence in the United States may result in an alien becoming inadmissible upon departing the United States.[^22] As a result of this inadmissibility, the alien may become ineligible for a nonimmigrant or immigrant visa, admission to the United States, or benefits for which admissibility is required, such as adjustment of status to that of a lawful permanent resident.[^23] This will encourage aliens to maintain lawful status and reduce instances in which F, J, and I nonimmigrants unlawfully remain in the United States after their program, practical training, or activities or assignments consistent with the I classification end. DHS believes this greater oversight will deter F, J, or I nonimmigrants from engaging in fraud and abuse and will strengthen the integrity of these nonimmigrant classifications while enhancing national security."
592d184def3b872a:C04,3,91 FR 44977,agency_explanation,,"The events of 9/11 highlighted the potential for abuse of the student visa. In the wake of 9/11, a Homeland Security Presidential Directive titled, Combating Terrorism Through Immigration Policies directed, among other things, that a program be developed to track the status of foreign students. It also mandated that the government develop guidelines that may include control mechanisms such as limited duration of student status.[^17] The 9/11 Commission reiterated the need to track foreign students and place tighter controls on student visas.[^18] From these mandates and the statutory authorities described below, the Student and Exchange Visitor Program (SEVP) was created, and the electronic Student and Exchange Visitor Information System (SEVIS) was implemented. SEVIS is a DHS computer system that stores and processes information about foreign students and exchange visitors in the U.S."
592d184def3b872a:C04,4,8 CFR 214.2(i)(3)(ii),regulatory_text,,"(ii) Foreign nationals travelling on a passport issued by the People's Republic of China (with the exception of Hong Kong Special Administrative Region passport holders and Macau Special Administrative Region passport holders). An alien who presents a passport from the People's Republic of China (with the exception of Hong Kong Special Administrative Region passport holders and Macau Special Administrative Region passport holders), may be admitted until the activities or assignments consistent with the I classification are completed, not to exceed 90 days."
592d184def3b872a:C04,5,8 CFR 214.2(f)(7)(i),regulatory_text,,"(7) Extension of stay--(i) Eligibility. USCIS may grant an extension of stay to an F-1 student who has maintained his or her F-1 status, but who is unable to complete his or her program by the end of his or her authorized period of admission. Such student may be eligible for an extension if the designated school official issues a new Form I-20 or successor form certifying that the student is eligible under this paragraph (f)(7)(i). An F-1 student may be granted an extension if it is established that the student:"
592d184def3b872a:C06,1,8 CFR 214.2(f)(7)(i),regulatory_text,,"(7) Extension of stay--(i) Eligibility. USCIS may grant an extension of stay to an F-1 student who has maintained his or her F-1 status, but who is unable to complete his or her program by the end of his or her authorized period of admission. Such student may be eligible for an extension if the designated school official issues a new Form I-20 or successor form certifying that the student is eligible under this paragraph (f)(7)(i). An F-1 student may be granted an extension if it is established that the student:"
592d184def3b872a:C06,2,8 CFR 214.2(i)(3)(i),regulatory_text,,"(3) Admission--(i) Length of admission. Generally, aliens seeking admission in I nonimmigrant status may be admitted for a period of time necessary to complete the planned activities or assignments consistent with the I classification, not to exceed 240 days unless paragraph (i)(3)(ii) of this section applies."
592d184def3b872a:C06,3,8 CFR 214.2(f)(5)(i)(C),regulatory_text,,"(C) F-1 students attending a public high school, which may also include a charter school or other similar school funded by U.S. taxpayers, are restricted to an aggregate of no more than 12 months to complete their course of study, including any school breaks and annual vacations."
592d184def3b872a:C06,4,91 FR 44983,agency_explanation,,"DHS is aware that the F-1 program is subject to fraud, exploitation, and abuse. Since 2008, multiple school owners and others have been criminally prosecuted for ""pay-to-stay"" fraud, in which school officials, in return for cash payments, falsely report that F-1 students who do not attend school are maintaining their student status.[^60] In some cases, convicted school owners operated multiple schools and transferred students among them to conceal the fraud.[^61] DHS is also concerned that DSOs at these schools were complicit in these abuses; some DSOs intentionally recorded a student's status inaccurately.[^62] Further, DSOs have issued program extensions to students who did not have compelling medical or academic reasons for failing to complete their program by its end date and DHS continues to observe F-1 students enrolling in schools for extended periods of time. For example, DHS previously identified in the NPRM a nonimmigrant who was an F-1 student at a dance school from 1991-2021. Although the reported normal length of the dance program is 5 years, the school issued 17 program extensions between 2003 (when the use of SEVIS was mandated) and 2020, claiming that the student needed more time despite nearly 30 years of enrollment. The student subsequently transferred to an English language training program at another school with a program start date in November 2022, despite more than 30 years in the United States as an F-1 student. She remained enrolled there until December 2025, when she transferred to another school to commence additional language training with a program start date of January 19, 2026, and a program end date of January 19, 2029. She has been an F-1 student for approximately 35 years. If she remains at the school through the current program end date, she will have spent nearly 38 years in the United States in F-1 status.[^63] In another case, DHS also identified a nonimmigrant who has been in F-1 student status for more than 18 years since he enrolled in an English language training program that began on April 21, 2008. He has enrolled in four language training programs, four bachelor's programs, and is currently enrolled in a master's in theology/theological studies program with a program end date in August 2027.[^64] Another student who was enrolled at the same school from 2009 to 2020 and had been an F-1 student since 2005, was granted 14 program extensions. DHS also identified three F-1 students in doctoral programs that have taken over 20 years to complete their programs, and 5 F-1 students at community colleges have been enrolled in associate degree programs for periods in excess of 5 years--some for as long as a decade.[^65] There are also examples where some DSOs permitted students who failed to maintain status to transfer to another school rather than apply for reinstatement.[^66] Beyond cases publicly identified by DHS and the U.S. Department of Justice (DOJ), DHS is concerned about cases where DSOs were not aware of status violations by students."
592d184def3b872a:C06,5,91 FR 45121,procedural,,"Under DHS NEPA implementing procedures, for an action to be categorically excluded, it must satisfy each of the following three conditions: (1) The entire action clearly fits within one or more of the categorical exclusions; (2) the action is not a piece of a larger action; and (3) no extraordinary circumstances exist that create the potential for a significant environmental effect.[^354] DHS s amending its regulations to eliminate the practice of admitting F-1 nonimmigrant students, I nonimmigrant representatives of information media, and J-1 exchange visitors (and F-2/J-2 family members) for D/S. The final rule would provide for nonimmigrants seeking entry under F, J, or I visas to be admitted for the period required to complete their academic program, foreign information media employment, or exchange program, not to exceed the periods of time defined in this final rule. The final rule would also require nonimmigrants seeking to continue their studies, foreign information media employment, or exchange program beyond the admission period granted at entry to apply for extension."
d38d6710ad7bf98e:C02,1,8 CFR 214.2(f)(5)(i)(A),regulatory_text,,"(A) F-1 students whose course of study is in an English language training program are restricted to a maximum of admission period of 24 months, plus an additional 30-day period of stay for the purposes of departure or to otherwise seek to maintain lawful status."
d38d6710ad7bf98e:C02,2,91 FR 44978,agency_explanation,,Prohibiting F-1 students at the graduate education level or above from changing educational objectives at any point during a program of study;
d38d6710ad7bf98e:C02,3,8 CFR 214.1(m)(1),regulatory_text,,"(m) Transition period from duration of status to a fixed admission date--(1) Transition from duration of status admission to a fixed admission period for aliens properly maintaining F and J status on September 15, 2026. Aliens with F or J status who are properly maintaining their status on September 15, 2026, and who were admitted for duration of status are authorized to remain in the United States in F or J nonimmigrant status until the later date of either the expiration date on an Employment Authorization Document, Form I-766, or successor form, or the program end date noted on their Form I-20 or Form DS-2019, as applicable, not to exceed a period of 4 years from September 15, 2026, plus the departure period of 60 days for F nonimmigrants, which is November 14, 2030, and 30 days for J nonimmigrants, which is October 15, 2030. Subject to 8 CFR 274a.14, any authorized employment or training continues until the program end date on such F or J nonimmigrant's Form I-20 or DS-2019, as applicable and as endorsed by the designated school official or responsible officer for employment or training, or expiration date on the alien's Employment Authorization Document, Form I-766, or successor form. Aliens who need additional time to complete their current program of study, including requests for post-completion optional practical training (OPT) and the Science, Technology, Engineering and Mathematics (STEM) OPT extension, or exchange visitor program, including academic training, or would like to start a new program of study or exchange visitor program must apply for an extension of stay with USCIS in accordance with paragraph (c)(2) of this section for an admission period to a fixed date."
d38d6710ad7bf98e:C02,4,91 FR 44983,agency_explanation,,"DHS is aware that the F-1 program is subject to fraud, exploitation, and abuse. Since 2008, multiple school owners and others have been criminally prosecuted for ""pay-to-stay"" fraud, in which school officials, in return for cash payments, falsely report that F-1 students who do not attend school are maintaining their student status.[^60] In some cases, convicted school owners operated multiple schools and transferred students among them to conceal the fraud.[^61] DHS is also concerned that DSOs at these schools were complicit in these abuses; some DSOs intentionally recorded a student's status inaccurately.[^62] Further, DSOs have issued program extensions to students who did not have compelling medical or academic reasons for failing to complete their program by its end date and DHS continues to observe F-1 students enrolling in schools for extended periods of time. For example, DHS previously identified in the NPRM a nonimmigrant who was an F-1 student at a dance school from 1991-2021. Although the reported normal length of the dance program is 5 years, the school issued 17 program extensions between 2003 (when the use of SEVIS was mandated) and 2020, claiming that the student needed more time despite nearly 30 years of enrollment. The student subsequently transferred to an English language training program at another school with a program start date in November 2022, despite more than 30 years in the United States as an F-1 student. She remained enrolled there until December 2025, when she transferred to another school to commence additional language training with a program start date of January 19, 2026, and a program end date of January 19, 2029. She has been an F-1 student for approximately 35 years. If she remains at the school through the current program end date, she will have spent nearly 38 years in the United States in F-1 status.[^63] In another case, DHS also identified a nonimmigrant who has been in F-1 student status for more than 18 years since he enrolled in an English language training program that began on April 21, 2008. He has enrolled in four language training programs, four bachelor's programs, and is currently enrolled in a master's in theology/theological studies program with a program end date in August 2027.[^64] Another student who was enrolled at the same school from 2009 to 2020 and had been an F-1 student since 2005, was granted 14 program extensions. DHS also identified three F-1 students in doctoral programs that have taken over 20 years to complete their programs, and 5 F-1 students at community colleges have been enrolled in associate degree programs for periods in excess of 5 years--some for as long as a decade.[^65] There are also examples where some DSOs permitted students who failed to maintain status to transfer to another school rather than apply for reinstatement.[^66] Beyond cases publicly identified by DHS and the U.S. Department of Justice (DOJ), DHS is concerned about cases where DSOs were not aware of status violations by students."
d38d6710ad7bf98e:C02,5,8 CFR 214.2(j)(1)(iv)(C),regulatory_text,,"(C) Length of extensions. Subject to the restrictions in the regulations at 22 CFR part 62, extensions of stay may be granted for a period up to the length of the program, as listed on the Form DS-2019, or successor form, not to exceed 4-years, unless the J-1 exchange visitor is otherwise restricted by regulations at 22 CFR part 62. The 30-day period before the indicated report date or program start date and 30 additional days following the program end date or the maximum period of admission do not count towards the maximum length of an extension."
d38d6710ad7bf98e:C09,1,91 FR 44978,agency_explanation,,Prohibiting F-1 students at the graduate education level or above from changing educational objectives at any point during a program of study;
d38d6710ad7bf98e:C09,2,8 CFR 214.2(f)(5)(i)(C),regulatory_text,,"(C) F-1 students attending a public high school, which may also include a charter school or other similar school funded by U.S. taxpayers, are restricted to an aggregate of no more than 12 months to complete their course of study, including any school breaks and annual vacations."
d38d6710ad7bf98e:C09,3,91 FR 44978,agency_explanation,,"For F-1 students changing educational objectives or transferring to an SEVP-certified school, requiring that the student complete his or her first academic year of a program of study at the school that initially issued his or her Form I-20 or successor form, unless an exception is authorized by SEVP;"
d38d6710ad7bf98e:C09,4,91 FR 45097,agency_explanation,,"New 8 CFR 214.2(f)(5)(ii)(A)--Clarifies the language prohibiting transfers and changes in educational objectives for F-1 students at any level below the graduate degree level, prohibiting them from transferring or changing educational objectives, i.e., majors or educational levels, within the first academic year of a program of study, unless an exception is authorized by SEVP for extenuating circumstances. Adds ""a student needing to change schools to complete elementary or secondary education"" to the non-exhaustive list of examples of extenuating circumstances. Clarifies that an F-1 student at the graduate level or above may not change educational objectives at any point during their program of study. Prohibits an F-1 student at the graduate level or above from transferring at any point during their program of study, unless an exception is authorized by SEVP for extenuating circumstances;"
d38d6710ad7bf98e:C09,5,8 CFR 214.2(f)(8)(i),regulatory_text,,"(8) School transfer and change of educational objectives--(i) Eligibility. An F-1 student may change educational objectives or transfer to SEVP-certified schools if he or she is maintaining status as described in paragraphs (f)(5)(ii)(A) through (D) of this section. ""Educational objectives"" refers to an F-1 student's educational level or major. An F-1 student changing educational objectives or transferring to an SEVP-certified school also must meet the following requirements:"
d38d6710ad7bf98e:C10,1,8 CFR 214.2(f)(7)(iii)(A),regulatory_text,,"(iii) USCIS application--(A) Form. An F-1 student must file an extension of stay application using the form and in the manner designated by USCIS, including submitting the updated, properly endorsed Form I-20 or successor form; submitting evidence of sufficient funds to cover expenses; appearing for any biometrics collection required by 8 CFR 103.16; and remitting the appropriate fee. The F-1 student must be maintaining his or her status and must never have engaged in any unauthorized employment."
d38d6710ad7bf98e:C10,2,8 CFR 214.2(f)(7)(i)(C)(1),regulatory_text,,"(1) A currently issued Form I-20, or successor form, indicating additional time is left to complete his or her program of study; or"
d38d6710ad7bf98e:C10,3,91 FR 45100,agency_explanation,,"As part of the EOS application, USCIS requires biometric collection and may require such collection from F, J, and I nonimmigrants. USCIS has the general authority to require and collect biometrics from applicants, petitioners, sponsors, beneficiaries, or other individuals residing in the United States for any immigration and naturalization benefit. See 8 CFR 103.16. Biometric collection helps USCIS confirm an individual's identity and conduct background and security checks. Further, USCIS may also require any applicant, petitioner, sponsor, beneficiary or individual filing a benefit request, or any group or class of such persons submitting requests to appear for an interview. See 8 CFR 103.2(b)(9). USCIS may require such an interview as part of the screening and adjudication process that helps confirm an individual's identity, elicit information to assess the eligibility for an immigration benefit, and screen for any national security or fraud concerns."
d38d6710ad7bf98e:C06,1,8 CFR 214.2(i)(3)(i),regulatory_text,,"(3) Admission--(i) Length of admission. Generally, aliens seeking admission in I nonimmigrant status may be admitted for a period of time necessary to complete the planned activities or assignments consistent with the I classification, not to exceed 240 days unless paragraph (i)(3)(ii) of this section applies."
d38d6710ad7bf98e:C06,2,8 CFR 214.2(i)(3)(ii),regulatory_text,,"(ii) Foreign nationals travelling on a passport issued by the People's Republic of China (with the exception of Hong Kong Special Administrative Region passport holders and Macau Special Administrative Region passport holders). An alien who presents a passport from the People's Republic of China (with the exception of Hong Kong Special Administrative Region passport holders and Macau Special Administrative Region passport holders), may be admitted until the activities or assignments consistent with the I classification are completed, not to exceed 90 days."
d38d6710ad7bf98e:C06,3,8 CFR 214.2(f)(5)(viii),regulatory_text,,"(viii) Automatic extension of the authorized period of stay and employment authorization while extension of stay and employment authorization applications are pending. An F-1 student whos1e status as indicated on the Arrival/Departure Record, Form I-94, or successor form has expired will be considered to be in a period of authorized stay if he or she has timely filed an extension of stay application pursuant to paragraph (f)(7) of this section until USCIS issues a decision on the extension of stay application. Subject to paragraphs (f)(9)(i) and (ii) and (f)(10)(i) of this section and 8 CFR 274a.12(b)(6)(i) and (iii) and (c)(3)(iii), an F-1 student's current on-campus, curricular practical training (CPT), and severe economic hardship authorized employment is automatically extended during the pendency of the extension of stay application, but such automatic extension may not exceed 240 days beginning from the end date of his or her period of admission as indicated on the alien's Arrival/Departure Record, Form I-94, or successor form. However, severe economic hardship employment authorization resulting from emergent circumstances under paragraph (f)(5)(vi) of this section is automatically extended for up to 240 days or until the end date stated in the Federal Register notification announcing the suspension of certain requirements, whichever is earlier. If an F-1 student files an extension of stay application during the 30-day period provided in paragraph (f)(5)(v) of this section, he or she does not receive an automatic extension of authorized employment, including on-campus, CPT, and severe economic hardship, and must wait for approval of the extension of stay application (and employment authorization application, if required) before engaging in CPT or employment. For purposes of employment eligibility verification (Form I-9) under 8 CFR 274a.2(b)(1)(v), for CPT under paragraph (f)(10)(i) of this section, on-campus employment under paragraph (f)(9)(i) of this section, and severe economic hardship employment authorization resulting from emergent circumstances under paragraph (f)(5)(vi) of this section, the alien's authorized employment period, which ends 30 days before their Form I-94 or successor form admit until date, or Employment Authorization Document, Form I-766 or successor form, based on severe economic hardship, when combined with a notice issued by USCIS indicating receipt of an extension of stay application, is considered unexpired for up to 240 days or until USCIS issues a decision on the extension of stay application, or for CPT, until the CPT end date authorized by the designated school official on the Form I-20 or successor form, whichever is earlier, or for severe economic hardship employment based on emergent circumstances under paragraph (f)(5)(vi) of this section, the end date stated in the Federal Register notification announcing suspension of certain requirements, whichever is less."
d38d6710ad7bf98e:C06,4,91 FR 44979,agency_explanation,,"Clarifying that I nonimmigrants are authorized to continue working in the United States for their foreign employer, under 8 CFR 274a.12(b)(20), for up to 240 days (with the exception of I nonimmigrants from the PRC who may continue working for up to 90 days) while their timely filed EOS application is pending;"
d38d6710ad7bf98e:C06,5,8 CFR 214.2(i)(5)(i)(A),regulatory_text,,"(5) Extensions of stay--(i) Eligibility; effect of timely filing. (A) Aliens in I nonimmigrant status may be eligible for extensions of stay, each of up to 240 days or until the activities or assignments consistent with the I classification are completed, whichever is shorter (except for aliens who present a passport from the People's Republic of China, with the exception of Hong Kong Special Administrative Region passport holders and Macau Special Administrative Region passport holders, who may be eligible for extensions of stay, each up to 90 days or until the activities or assignments consistent with the I classification are completed, whichever is shorter)."
d38d6710ad7bf98e:C06,6,8 CFR 214.2(i)(5)(i)(B),regulatory_text,,"(B) To request an extension of stay, aliens in I nonimmigrant status must file an application to extend their stay by submitting the form designated by USCIS, in accordance with that form's instructions, and with the required fee, including any biometrics required by 8 CFR 103.16, and provide all the evidence required in paragraph (i)(2) of this section, as appropriate. An alien whose I nonimmigrant status, as indicated on the alien's Arrival/Departure Record, Form I-94, has expired but who has timely filed an extension of stay application is authorized to continue engaging in activities consistent with the I classification on the day after the Form I-94 expired, for a period of up to 240 days, as provided in 8 CFR 274a.12(b)(20). Such authorization shall be subject to any conditions and limitations of the initial authorization."
d38d6710ad7bf98e:C12,1,91 FR 45100–45101,agency_explanation,,"DHS will generally allow all F and J nonimmigrants present in the United States on the final rule's effective date who are validly maintaining that status and who were admitted for D/S to remain in the United States in F or J status, without filing an EOS request, up to the program end date reflected on their Form I-20 or DS-2019 that is valid on the final rule's effective date, for a period not to exceed 4 years from the effective date of the final rule, plus an additional 60 days for these F nonimmigrants and 30 days for J nonimmigrants to depart the country. See new 8 CFR 214.1(m)(1)."
d38d6710ad7bf98e:C12,2,91 FR 45101,agency_explanation,,"As discussed in the NPRM, DHS believes that this transition will not be unreasonably burdensome on F and J nonimmigrants, and it will enable DHS to transition F and J nonimmigrants without unduly burdening nonimmigrants, USCIS, or CBP. Many would be able to complete their programs per the terms of their initial D/S using the original program end date as an expiration of their authorized period of stay. DHS may grant such periods, which include an additional 60 days for F nonimmigrants and 30 days for J nonimmigrants as provided in their previous admission, automatically without an application or fee. With this option, DHS believes that the majority of F and J nonimmigrants will be shifted to a fixed initial period of admission of 4 years or less. For example, J-1 research scholars and alien physicians who have program end dates for up to 5 or 7 years respectively will need to apply for an EOS before the 4-year maximum period of stay expires, i.e., the date that falls 4 years after the rule becomes effective and is listed in this rule for each program."
d38d6710ad7bf98e:C12,3,91 FR 45101,agency_explanation,,"Regarding pending applications for employment authorization during the transition period, aliens in F status who are subject to the transition and who are seeking post-completion OPT and STEM OPT employment authorization will be authorized to lawfully remain in the United States while the application is pending with USCIS if: (1) they are in the United States on the effective date of the final rule with admission for D/S; (2) they properly filed an application for employment authorization; (3) their application is pending on the final rule's effective date; and (4) they are not otherwise removable under the INA. Unless otherwise advised by USCIS, they will not have to file for an EOS or re-file an application for employment authorization. See new 8 CFR 214.1(m)(2). If the application for employment authorization is approved, the F-1 student will be authorized to remain in the United States in F-1 status until the expiration date of the EAD, plus 60 days as provided in their previous admission. If the employment application is denied, the F-1 student will continue to be authorized to remain in the United States until the program end date listed on their Form I-20, plus 60 days as provided in their previous admission, as long as he or she continues to pursue a full course of study and otherwise meets the requirements for F-1 status. See new 8 CFR 214.1(m)(2)(i)."
d38d6710ad7bf98e:C12,4,91 FR 44976,front_matter,,"This rule has been classified as a major rule subject to congressional review. The effective date is September 15, 2026. However, at the conclusion of the congressional review, if the effective date has been changed, DHS will publish a document in the Federal Register to establish the actual effective date or to terminate the rule."
d38d6710ad7bf98e:C01,1,91 FR 44976,front_matter,,"The Department of Homeland Security (DHS) is amending its regulations to change the admission period in the F, J, and I classifications from duration of status to an admission for a fixed time period, and additional changes to admission and extension requirements. This final rule will provide additional protections and oversight of these nonimmigrant categories and will allow DHS to better evaluate whether these nonimmigrants are maintaining status while temporarily in the United States. This final rule provides amendments to the proposed rule covering this topic that was published in the Federal Register on August 28, 2025."
d38d6710ad7bf98e:C01,2,91 FR 45099,agency_explanation,,"Under current policy, F and J nonimmigrants admitted for D/S do not accrue unlawful presence until the day after USCIS formally finds a nonimmigrant status violation while adjudicating a request for another immigration benefit or on the day after an immigration judge orders the alien excluded, deported, or removed (whether or not the decision is appealed), whichever comes first.[^295] In reliance on this policy, some F and J nonimmigrants admitted for D/S may not have taken the appropriate steps to maintain status, otherwise change status, or depart the United States. This final rule is concerned with providing adequate notice to allow F and J nonimmigrants who are maintaining status to transition to a new date-certain admission."
d38d6710ad7bf98e:C01,3,8 CFR 214.2(j)(1)(ii)(A),regulatory_text,,"(ii) Admission period and period of stay--(A) J-1 exchange visitor. A J-1 exchange visitor may be admitted for the duration of the exchange visitor program, as stated by the program end date noted on Form DS-2019 or successor form, not to exceed a period of 4 years."
d38d6710ad7bf98e:C01,4,91 FR 45096,agency_explanation,,"However, certain nonimmigrant classifications, including F academic students, J exchange visitors, and I representatives of foreign information media, and their dependents, may be admitted into the United States for D/S instead of a period of time with a specific departure date. DHS has changed the admission provisions for these particular nonimmigrant classifications, including replacing admissions for ""duration of status"" with a fixed admission period. This will enable immigration officers to independently and directly verify the continued eligibility of foreign visitors in F, J, or I nonimmigrant status. It will also require aliens who fall under certain criteria to apply more frequently for additional admission periods."
d38d6710ad7bf98e:C01,5,91 FR 44987–44988,agency_explanation,,"As with F nonimmigrants, DHS believes that replacing admissions for D/S for J-1s with admission for a fixed time period will help mitigate the national security concerns described above. Exchange visitor program categories include college and university students, which share similarities with the F-1 nonimmigrant classification. Students enrolled in such programs are pursuing post-secondary studies alongside F-1 nonimmigrants. J-1 college and university students in a degree program may be authorized to participate in the exchange visitor program so long as they meet the requirements for duration of participation, including pursuing a full course of study, echoing the full course of study requirements for F-1 nonimmigrants. A J-1 exchange visitor's program may also be extended by the ROs, subject to regulation and/or approval by DoS, without an application to DHS. These similarities give rise to the same concerns about national security related to F-1s, as described above, and about fraud and abuse by J-1s and their ROs. By requiring the same fixed period of admission for F-1s and J-1s, J-1 college and university students in exchange visitor programs will be unable to circumvent the intent of this rule,[^98] which is to protect the integrity of these programs and provide additional protections and mechanisms for oversight. Because J exchange visitors are also tracked in SEVIS, DHS believes it will be more effective for an immigration officer to periodically confirm that an alien has properly maintained status, rather than relying on the checks of an RO that the J-1 is pursuing the activities permitted by the exchange visitor program. As noted above, DHS believes it is more appropriate for immigration officers, with their background checks, clearances, and training from the U.S. government, to adjudicate maintenance of nonimmigrant status and whether an alien is eligible for an additional admission period. Switching from D/S to a fixed period of admission will permit immigration officers the opportunity to determine whether an alien is eligible for an additional period of time. If an officer finds a violation of status while adjudicating the alien's request, the consequences could be immediate. Applicants for EOS must also establish that they are admissible, and failure to do so will result in denial of the EOS.[^99] Admissibility grounds are complex and are properly assessed by a trained DHS officer. Such an assessment is not currently made when J exchange visitors apply for an extension of their program with their RO.[^100] Thus, admitting J exchange visitors for a fixed period, instead of for D/S, will give DHS more frequent opportunities to directly vet these foreign visitors and ensure they are bona fide exchange visitors, and it will prevent and deter nefarious actors within the J exchange visitor population. Under the changes to the period of admission of J exchange visitors and the applicable EOS process, DHS may more frequently collect biometrics and other information from J exchange visitors, enhancing the Government's oversight and monitoring of these aliens."
65a2e61fa19416e7:C02,1,8 CFR 214.2(f)(5)(i),regulatory_text,,"(5) Period of stay--(i) General. An F-1 student is admitted for a fixed period of time, which is the period necessary to complete the course of study indicated on the Form I-20, or successor form, not to exceed a period of 4 years, plus additional times noted in this paragraph (f)(5)(i). A continuing F-1 student may be granted additional time to complete their program of study, as described in paragraphs (f)(7) and (f)(8)(iv) of this section, begin a new program of study, as described in paragraphs (f)(5)(ii)(D) and (f)(7) of this section, or following the completion of studies to engage in post-completion optional practical training (OPT) and the Science, Technology, Engineering and Mathematics (STEM) extension of OPT, as described in paragraph (f)(5)(i)(D) of this section. An F-1 student described in this section may be admitted for a period of up to 30 days before the indicated report date or program start date listed on the Form I-20 or successor form. An alien described in this paragraph (f)(5)(i) may remain in the United States for an additional 30 days as provided in paragraph (f)(5)(v) of this section. The 30-day period before the indicated report date or program start date and 30 additional days following the program end date or the 4-year maximum period of admission do not count toward the maximum length of stay. The admission periods described in this paragraph (f)(5)(i) are subject to the following exceptions:"
65a2e61fa19416e7:C02,2,8 CFR 214.2(f)(7)(i),regulatory_text,,"(7) Extension of stay--(i) Eligibility. USCIS may grant an extension of stay to an F-1 student who has maintained his or her F-1 status, but who is unable to complete his or her program by the end of his or her authorized period of admission. Such student may be eligible for an extension if the designated school official issues a new Form I-20 or successor form certifying that the student is eligible under this paragraph (f)(7)(i). An F-1 student may be granted an extension if it is established that the student:"
65a2e61fa19416e7:C02,3,8 CFR 214.2(i)(3)(ii),regulatory_text,,"(ii) Foreign nationals travelling on a passport issued by the People's Republic of China (with the exception of Hong Kong Special Administrative Region passport holders and Macau Special Administrative Region passport holders). An alien who presents a passport from the People's Republic of China (with the exception of Hong Kong Special Administrative Region passport holders and Macau Special Administrative Region passport holders), may be admitted until the activities or assignments consistent with the I classification are completed, not to exceed 90 days."
65a2e61fa19416e7:C02,4,91 FR 45098,agency_explanation,,"The method to calculate the period of admission for F-1 and J-1 nonimmigrants is explained. The 30-day period before the indicated report date or program start date and 30 additional days following the program end date do not count towards the maximum. See new 8 CFR 214.2(f)(5), (f)(7)(vi), (j)(1)(ii) and (j)(1)(iv)(C). The calculation of the 4-year maximum period of admission will not begin from the date of admission during that 30-day arrival window, but from the program start date. Similarly, the 30-day departure periods for F-1 and J-1 nonimmigrants will not count towards the 4-year maximum period of admission. This will avoid a scenario where an F-1 or J-1 seeks admission 30 days prior to the program start date, is admitted for a maximum 4 year period of admission to complete a 4 year program, but receives a period of admission calculated from the date of entry, meaning that the end of their period of admission would end 30 days prior to their 4 year program end date, thereby requiring the F-1 or J-1 to apply for an EOS or depart and re-enter the United States."
65a2e61fa19416e7:C02,5,91 FR 45103,agency_explanation,,"Seventh, the authorized period of stay for F-2 dependents cannot exceed the authorized period of stay of the principal F-1 student. DHS proposed adding this requirement and retains this proposal in the final rule. See new 8 CFR 214.2(f)(5)(i)(E)."
65a2e61fa19416e7:C02,6,91 FR 44981,agency_explanation,,"Subsequently, between January 23, 1981, and October 29, 1991, the INS amended the regulations addressing admission periods for F-1 students four more times.[^31] On January 23, 1981, a rule changed admission for F-1 nonimmigrants to a fixed period of admission, i.e., the time necessary to complete the course of study, with the opportunity for an EOS on a case-by-case basis.[^32] Legacy INS explained this was necessary because admitting nonimmigrants students for D/S resulted in questionable control over foreign students and contributed to problems in record keeping.[^33]"
65a2e61fa19416e7:C01,1,91 FR 44976,front_matter,,"The Department of Homeland Security (DHS) is amending its regulations to change the admission period in the F, J, and I classifications from duration of status to an admission for a fixed time period, and additional changes to admission and extension requirements. This final rule will provide additional protections and oversight of these nonimmigrant categories and will allow DHS to better evaluate whether these nonimmigrants are maintaining status while temporarily in the United States. This final rule provides amendments to the proposed rule covering this topic that was published in the Federal Register on August 28, 2025."
65a2e61fa19416e7:C01,2,8 CFR 214.2(f)(5)(v),regulatory_text,,"(v) Period of preparation for departure or to otherwise maintain lawful status in the United States. An F-1 student who has completed a course of study and any authorized practical training will be allowed an additional 30-day period from the program end date or the 4 year maximum period of admission, or the end date of the approved employment authorization for post-completion OPT or STEM OPT, as applicable, to prepare for departure from the United States, or to otherwise seek to maintain lawful status, including timely filing an extension of stay application in accordance with paragraph (f)(7) of this section and Sec. 214.1 or timely filing a change of status application in accordance with 8 CFR 248.1(a). The 30-day period will be reflected on the F-1 student's Arrival/Departure Record, Form I-94, or successor form. However, if the F-1 student ends his or her study or training prior to expiration of his or her period of admission, the F-1 student, and any eligible dependents, must, within 30 days from the end date of the study or training, depart the United States or otherwise seek to maintain lawful status. An F-1 student authorized by the designated school official to withdraw from classes will be allowed a 15-day period from the date of the withdrawal to depart the United States. An F-1 student who fails to maintain a full course of study or otherwise fails to maintain status is not eligible for any additional period of time for departure and must leave the country immediately."
65a2e61fa19416e7:C01,3,8 CFR 214.2(f)(7)(i),regulatory_text,,"(7) Extension of stay--(i) Eligibility. USCIS may grant an extension of stay to an F-1 student who has maintained his or her F-1 status, but who is unable to complete his or her program by the end of his or her authorized period of admission. Such student may be eligible for an extension if the designated school official issues a new Form I-20 or successor form certifying that the student is eligible under this paragraph (f)(7)(i). An F-1 student may be granted an extension if it is established that the student:"
65a2e61fa19416e7:C01,4,91 FR 45097,agency_explanation,,"New 8 CFR 214.2(f)(5)(v)--Clarifies that an F-1 student who completes their course of study or any authorized practical training early must depart, with any eligible dependents, within 30 days from the end date of their study or training or otherwise seek to maintain lawful status (by adding ""However, if the F-1 student ends his or her study or training prior to expiration of his or her period of admission, the F-1 student, and any eligible dependents, must, within 30 days from the end date of the study or training, depart the United States or otherwise seek to maintain lawful status."") This section also clarifies that if an F-1 student fails to maintain a full course of study or otherwise fails to maintain status, not only are they not eligible for any additional time for departure, but they must also leave the country immediately;"
65a2e61fa19416e7:C01,5,91 FR 44980,agency_explanation,,"From 1973 to 1979, F students were admitted for one year and could be granted an EOS in increments of up to 12 months if they established that they were maintaining status.[^27] However, on July 26, 1978, given the large number of nonimmigrant students in the United States at the time and the need to continually process their EOS applications, legacy INS proposed amending the regulations to permit F-1 students to be admitted for the duration of their status as students.[^28] Legacy INS explained the changes would facilitate the admission of nonimmigrant students, provide dollar and manpower savings to the Government, and permit more efficient use of resources.[^29] On November 22, 1978, a final rule was published to amend the regulations at 8 CFR 214 to allow the legacy INS to admit F-1 students for a D/S period.[^30] That rule became effective on January 1, 1979."
65a2e61fa19416e7:C03,1,91 FR 44979,agency_explanation,,Decreasing the period allowed for F-1 nonimmigrants to prepare to depart from the United States after completion of a course of study or an authorized period of post-completion practical training from 60 to 30 days;
65a2e61fa19416e7:C03,2,91 FR 44976,front_matter,,"This rule has been classified as a major rule subject to congressional review. The effective date is September 15, 2026. However, at the conclusion of the congressional review, if the effective date has been changed, DHS will publish a document in the Federal Register to establish the actual effective date or to terminate the rule."
65a2e61fa19416e7:C03,3,8 CFR 214.2(f)(5)(v),regulatory_text,,"(v) Period of preparation for departure or to otherwise maintain lawful status in the United States. An F-1 student who has completed a course of study and any authorized practical training will be allowed an additional 30-day period from the program end date or the 4 year maximum period of admission, or the end date of the approved employment authorization for post-completion OPT or STEM OPT, as applicable, to prepare for departure from the United States, or to otherwise seek to maintain lawful status, including timely filing an extension of stay application in accordance with paragraph (f)(7) of this section and Sec. 214.1 or timely filing a change of status application in accordance with 8 CFR 248.1(a). The 30-day period will be reflected on the F-1 student's Arrival/Departure Record, Form I-94, or successor form. However, if the F-1 student ends his or her study or training prior to expiration of his or her period of admission, the F-1 student, and any eligible dependents, must, within 30 days from the end date of the study or training, depart the United States or otherwise seek to maintain lawful status. An F-1 student authorized by the designated school official to withdraw from classes will be allowed a 15-day period from the date of the withdrawal to depart the United States. An F-1 student who fails to maintain a full course of study or otherwise fails to maintain status is not eligible for any additional period of time for departure and must leave the country immediately."
65a2e61fa19416e7:C03,4,91 FR 45105,agency_explanation,,"Since an F-1 student now has 30 days, rather than the previously allotted 60 days, to depart the country or to otherwise maintain status after their completion of their program or program end date, it follows that they need to file a Form I-765 or successor form for post-completion OPT within 30 days, rather than the previously allotted 60 days, after their program end date. See new 8 CFR 214.2(f)(11)(i)(B)(2). This has been retained in the final rule."
65a2e61fa19416e7:C03,5,91 FR 45106,agency_explanation,,"Many F-1 students complete a program of study or post-completion OPT in mid-spring or early summer. Per existing regulations, after completing their program or post-completion OPT, F-1 students have 60 days (which DHS is proposing to change to 30 days) to take the steps necessary to maintain legal status or depart the United States. See new 8 CFR 214.2(f)(5)(v). However, because the change to H-1B status cannot occur until October 1, an F-1 student whose program or post-completion OPT expires in mid-spring has two or more months following the 60-day period before the authorized period of H-1B status can commence. To address this situation, commonly known as the ""cap-gap,"" DHS established regulations that automatically extended F-1 D/S and, if applicable, post-completion OPT employment authorization for certain F-1 nonimmigrants until April 1 of the fiscal year for which the H-1B status is being requested or until the validity start date of the approved petition, whichever is earlier. See redesignated 8 CFR 214.2(f)(5)(vii). The extension of F-1 D/S and OPT employment authorization is commonly known as the ""cap-gap extension."" This rule does not change the ""cap-gap extension"" provisions; it simply removes the reference to D/S and makes clear that an automatic extension will be granted to those with a fixed period of stay."
65a2e61fa19416e7:C04,1,8 CFR 214.2(f)(7)(i)(C)(1),regulatory_text,,"(1) A currently issued Form I-20, or successor form, indicating additional time is left to complete his or her program of study; or"
65a2e61fa19416e7:C04,2,8 CFR 214.2(i)(3)(i),regulatory_text,,"(3) Admission--(i) Length of admission. Generally, aliens seeking admission in I nonimmigrant status may be admitted for a period of time necessary to complete the planned activities or assignments consistent with the I classification, not to exceed 240 days unless paragraph (i)(3)(ii) of this section applies."
65a2e61fa19416e7:C04,3,8 CFR 214.2(f)(5)(v),regulatory_text,,"(v) Period of preparation for departure or to otherwise maintain lawful status in the United States. An F-1 student who has completed a course of study and any authorized practical training will be allowed an additional 30-day period from the program end date or the 4 year maximum period of admission, or the end date of the approved employment authorization for post-completion OPT or STEM OPT, as applicable, to prepare for departure from the United States, or to otherwise seek to maintain lawful status, including timely filing an extension of stay application in accordance with paragraph (f)(7) of this section and Sec. 214.1 or timely filing a change of status application in accordance with 8 CFR 248.1(a). The 30-day period will be reflected on the F-1 student's Arrival/Departure Record, Form I-94, or successor form. However, if the F-1 student ends his or her study or training prior to expiration of his or her period of admission, the F-1 student, and any eligible dependents, must, within 30 days from the end date of the study or training, depart the United States or otherwise seek to maintain lawful status. An F-1 student authorized by the designated school official to withdraw from classes will be allowed a 15-day period from the date of the withdrawal to depart the United States. An F-1 student who fails to maintain a full course of study or otherwise fails to maintain status is not eligible for any additional period of time for departure and must leave the country immediately."
65a2e61fa19416e7:C04,4,91 FR 45108,agency_explanation,,"Apart from pursuing a new course of study, DHS appreciates that the time for study can legitimately fluctuate given the changing goals and actions of the student. For example, a student may experience compelling academic or medical reasons, or circumstances beyond their control that cause them to need additional time in the United States beyond the predetermined end date of the program in which they were initially enrolled. DHS understands these circumstances arise and believes these scenarios present an appropriate situation for DHS to directly evaluate the nonimmigrant's eligibility for additional time in the United States. However, instead of effectively extending their stay through a DSO's program extension recommendation in SEVIS, students will have to obtain a Form I-20 from the DSO recommending a program extension and apply to USCIS for an EOS. Immigration officers thereby will be able to conduct appropriate background and security checks on the applicant at the time of the EOS application and directly review the proffered evidence to ensure that the alien is eligible for the requested EOS, including through assessing whether the alien remains admissible. See 8 CFR 214.1(a)(3)(i). This extra step is necessary because an immigration officer will be able to see a more fulsome picture while considering the student's particular circumstances, and be able to identify potential fraud and criminality, thereby ensuring public safety and program integrity."
65a2e61fa19416e7:C04,5,91 FR 45108,agency_explanation,,"If an F-1 student were to violate the terms of his or her F-1 status, the F-1 student would need to apply to USCIS for reinstatement, consistent with 8 CFR 214.2(f)(16). If a student is reinstated and his or her admit until date expires within 6 months, but the student is unable to complete his or her program of study within that time, then the F-1 student also would need to apply to USCIS for an EOS. In that scenario, the F-1 student would need to make separate requests for reinstatement and for EOS by submitting a separate form for each request, including the required filing fee for each form, by marking reinstatement on one form and then EOS on the other. Both forms can then be submitted together at the same time to avoid unnecessary adjudication delays. In the event both forms are submitted together, and the F-1 student's application to reinstate student status is denied, his or her application for EOS would also be denied, with both filing fees being retained by USCIS and not refunded."
de5a27e8831b88a5:C05,1,91 FR 44979,agency_explanation,,Decreasing the period allowed for F-1 nonimmigrants to prepare to depart from the United States after completion of a course of study or an authorized period of post-completion practical training from 60 to 30 days;
de5a27e8831b88a5:C05,2,8 CFR 214.1(m)(1)(i),regulatory_text,,"(i) Notwithstanding this paragraph (m)(1), an F-1 student recommended for post-completion OPT who files before his or her period of admission expires, including the 60 day departure period, an Application for Employment Authorization, Form I-765, or successor form on the form and in the manner designated by USCIS, with the required fee, as described in the form's instructions, on or before March 18, 2027, is not required to file an Application to Extend/Change Nonimmigrant Status, Form I-539, or successor form for the requested period of post-completion OPT. An F-1 student recommended for STEM OPT who files, prior to the expiration of his or her current OPT Employment Authorization Document, Form I-766, or successor form, an Application for Employment Authorization, Form I-765, or successor form on or before March 18, 2027, is not required to file an Application to Extend/Change Nonimmigrant Status, Form I-539, or successor form for the requested period of STEM OPT. If the alien's application for post-completion OPT or STEM OPT employment authorization is approved, the alien will be authorized to remain in the United States in F status until the expiration date of the Employment Authorization Document, plus 60 days. If the employment authorization application is denied, the F-1 student would continue to be authorized to remain in the United States until the program end date listed on their Form I-20, valid on September 15, 2026, plus 60 days, as long as he or she continues to pursue a full course of study and otherwise meets the requirements for F-1 status, or until the end date of the Employment Authorization Document for post-completion OPT, as long as he or she continues to meet the requirements for F-1 status, plus 60 days."
de5a27e8831b88a5:C05,3,91 FR 44978,agency_explanation,,"For F-1 students changing educational objectives or transferring to an SEVP-certified school, requiring that the student complete his or her first academic year of a program of study at the school that initially issued his or her Form I-20 or successor form, unless an exception is authorized by SEVP;"
de5a27e8831b88a5:C05,4,8 CFR 214.2(f)(8)(i)(B)(3),regulatory_text,,(3) Be currently completing or have completed post-completion or STEM optional practical training (OPT);
de5a27e8831b88a5:C05,5,8 CFR 214.1(a)(4)(iii),regulatory_text,,"(iii) Post-completion optional practical training (OPT) and Science, Technology, Engineering and Mathematics (STEM) OPT extension. Aliens seeking admission to the United States as an F nonimmigrant to pursue post-completion OPT or a STEM OPT extension may be admitted until the end date of the approved employment authorization for post-completion OPT or STEM OPT, or if the Application for Employment Authorization, Form I-765 (or successor form) for post-completion OPT or STEM OPT is still pending with USCIS, as evidenced by a notice issued by USCIS indicating receipt of such application, until the Designated School Official's recommended employment end date for post-completion OPT or STEM OPT specified on the Form I-20, subject to the requirements in paragraphs (c)(8) of this section and 8 CFR 274a.12(b)(6)(iv), plus a 30-day period as provided in Sec. 214.2(f)(5)(v)."
de5a27e8831b88a5:C06,1,91 FR 44979,agency_explanation,,Decreasing the period allowed for F-1 nonimmigrants to prepare to depart from the United States after completion of a course of study or an authorized period of post-completion practical training from 60 to 30 days;
de5a27e8831b88a5:C06,2,8 CFR 214.1(m)(1)(i),regulatory_text,,"(i) Notwithstanding this paragraph (m)(1), an F-1 student recommended for post-completion OPT who files before his or her period of admission expires, including the 60 day departure period, an Application for Employment Authorization, Form I-765, or successor form on the form and in the manner designated by USCIS, with the required fee, as described in the form's instructions, on or before March 18, 2027, is not required to file an Application to Extend/Change Nonimmigrant Status, Form I-539, or successor form for the requested period of post-completion OPT. An F-1 student recommended for STEM OPT who files, prior to the expiration of his or her current OPT Employment Authorization Document, Form I-766, or successor form, an Application for Employment Authorization, Form I-765, or successor form on or before March 18, 2027, is not required to file an Application to Extend/Change Nonimmigrant Status, Form I-539, or successor form for the requested period of STEM OPT. If the alien's application for post-completion OPT or STEM OPT employment authorization is approved, the alien will be authorized to remain in the United States in F status until the expiration date of the Employment Authorization Document, plus 60 days. If the employment authorization application is denied, the F-1 student would continue to be authorized to remain in the United States until the program end date listed on their Form I-20, valid on September 15, 2026, plus 60 days, as long as he or she continues to pursue a full course of study and otherwise meets the requirements for F-1 status, or until the end date of the Employment Authorization Document for post-completion OPT, as long as he or she continues to meet the requirements for F-1 status, plus 60 days."
de5a27e8831b88a5:C06,3,8 CFR 214.1(m)(1),regulatory_text,,"(m) Transition period from duration of status to a fixed admission date--(1) Transition from duration of status admission to a fixed admission period for aliens properly maintaining F and J status on September 15, 2026. Aliens with F or J status who are properly maintaining their status on September 15, 2026, and who were admitted for duration of status are authorized to remain in the United States in F or J nonimmigrant status until the later date of either the expiration date on an Employment Authorization Document, Form I-766, or successor form, or the program end date noted on their Form I-20 or Form DS-2019, as applicable, not to exceed a period of 4 years from September 15, 2026, plus the departure period of 60 days for F nonimmigrants, which is November 14, 2030, and 30 days for J nonimmigrants, which is October 15, 2030. Subject to 8 CFR 274a.14, any authorized employment or training continues until the program end date on such F or J nonimmigrant's Form I-20 or DS-2019, as applicable and as endorsed by the designated school official or responsible officer for employment or training, or expiration date on the alien's Employment Authorization Document, Form I-766, or successor form. Aliens who need additional time to complete their current program of study, including requests for post-completion optional practical training (OPT) and the Science, Technology, Engineering and Mathematics (STEM) OPT extension, or exchange visitor program, including academic training, or would like to start a new program of study or exchange visitor program must apply for an extension of stay with USCIS in accordance with paragraph (c)(2) of this section for an admission period to a fixed date."
de5a27e8831b88a5:C06,4,91 FR 45105,agency_explanation,,"Since an F-1 student now has 30 days, rather than the previously allotted 60 days, to depart the country or to otherwise maintain status after their completion of their program or program end date, it follows that they need to file a Form I-765 or successor form for post-completion OPT within 30 days, rather than the previously allotted 60 days, after their program end date. See new 8 CFR 214.2(f)(11)(i)(B)(2). This has been retained in the final rule."
de5a27e8831b88a5:C06,5,91 FR 45114,agency_explanation,,"I nonimmigrants who file a Form I-539 request with USCIS to request a change in information medium are currently allowed an automatic extension of employment authorization with the same employer while a Form I-539 application is pending for a period not to exceed 240 days, 8 CFR 274a.12(b)(20), DHS believes it is appropriate to extend such period of time to most other I nonimmigrant contexts. As stated in new 8 CFR 214.2(i)(5), an I nonimmigrant may continue activities consistent with the I classification while the timely application for EOS is pending, as provided for in 8 CFR 274a.12(b)(20), for a period not to exceed 240 days or the actual additional time requested on the EOS application, whichever is shorter (with the exception of an I nonimmigrant submitting a passport from the PRC, except Hong Kong SAR and Macau SAR, who can request extensions of up to 90 days), and beginning on the date of the expiration of the authorized period of stay."
de5a27e8831b88a5:C14,1,90 FR 42073,agency_explanation,,"Limiting language training students to an aggregate 24-month period of stay, including breaks and an annual vacation;"
de5a27e8831b88a5:C14,2,8 CFR 214.1(m)(1)(i),regulatory_text,,"(i) Notwithstanding paragraph (m)(1) of this section, an F-1 student recommended for post-completion OPT who files before his or her period of admission expires, including the 60 day departure period, an Application for Employment Authorization, Form I-765, or successor form on the form and in the manner designated by USCIS, with the required fee, as described in the form's instructions, on or before [DHS WILL INSERT DATE SIX MONTHS AFTER THE EFFECTIVE DATE OF THE FINAL RULE], is not required to file an Application to Extend/Change Nonimmigrant Status, Form I-539, or successor form for the requested period of post-completion OPT. An F-1 student recommended for STEM OPT who files, prior to his or her current OPT Employment Authorization Document, Form I-766, or successor form expires, an Application for Employment Authorization, Form I-765, or successor form on or before [DHS WILL INSERT DATE SIX MONTHS AFTER THE EFFECTIVE DATE OF THE FINAL RULE], is not required to file an Application to Extend/Change Nonimmigrant Status, Form I-539, or successor form for the requested period of STEM OPT. If the alien's application for post-completion OPT or STEM-OPT employment authorization is approved, the alien will be authorized to remain in the United States in F status until the expiration date of the employment authorization document, plus 60 days. If the employment authorization application is denied, the F-1 student would continue to be authorized to remain in the United States until the program end date listed on their Form I-20, valid on [DHS WILL INSERT DATE 60 DAYS AFTER DATE OF PUBLICATION OF THE FINAL RULE] plus 60 days, as long as he or she continues to pursue a full course of study and otherwise meets the requirements for F-1 status, or until the end date of the employment authorization document for post-completion OPT, as long as he or she continues to meet the requirements for F-1 status, plus 60 days."
de5a27e8831b88a5:C14,3,8 CFR 214.2(i)(3)(ii),regulatory_text,,"(ii) Foreign nationals travelling on a passport issued by the People's Republic of China (with the exception of Hong Kong Special Administrative Region passport holders and Macau Special Administrative Region passport holders). An alien who presents a passport from the People's Republic of China (with the exception of Hong Kong Special Administrative Region passport holders and Macau Special Administrative Region passport holders), may be admitted until the activities or assignments consistent with the I classification are completed, not to exceed 90 days."
de5a27e8831b88a5:C14,4,90 FR 42087,agency_explanation,,"Fifth, F-1 students in a language training program would be restricted to an aggregate of 24 months of language study, which would include breaks and an annual vacation. See proposed 8 CFR 214.2(f)(5)(i)(A). DHS is proposing this limitation as a way to prevent abuse of the F-1 program. Public Law 111-306, enacted on December 14, 2010, and effective since 2011, requires language training schools enrolling F-1 students to be accredited by an accrediting agency recognized by ED. DHS has found students enrolling in lengthy periods of language training, in some cases for more than two decades.[^101] DHS has also identified students who enrolled in language training programs despite previously being enrolled in or completing undergraduate and graduate programs requiring English language proficiency.[^102] Unlike degree programs that typically have prescribed course completion requirements, there are no nationally-recognized, standard completion requirements for language training programs and students are able to enroll in language training programs for lengthy periods of time. The lengthy enrollment in a language program, including enrollment in language courses for long periods subsequent to completion of a program of study that requires proficiency in English, raises concerns about whether the F-1 nonimmigrants meet the statutory definition of a bona fide student with the intent of entering the United States for temporary study.[^103] Therefore, DHS proposes a 24-month aggregate limit for F-1 students to participate in a language training program, as it would provide a reasonable period of time for students to attain proficiency while mitigating the Department's concerns about the integrity of the program. This timeframe generally comports with the amount of time needed to gain the highest level of English proficiency under the Cambridge English Exam.[^104]"
de5a27e8831b88a5:C14,5,8 CFR 214.1(a)(4)(iii),regulatory_text,,"(iii) Post-completion Optional Practical Training (OPT) and Science Technology Engineering and Mathematics (STEM) OPT extension. Aliens seeking admission to the United States as an F nonimmigrant to pursue post-completion OPT or a STEM OPT extension may be admitted until the end date of the approved employment authorization for post-completion OPT or STEM OPT, or if the Application for Employment Authorization, Form I-765 or successor form for post-completion OPT or STEM OPT is still pending with USCIS, as evidenced by a notice issued by USCIS indicating receipt of such application, until the Designated School Official's recommended employment end date for post-completion OPT or STEM OPT specified on the Form I-20, subject to the requirements in paragraphs (c)(8) of this section and 8 CFR 274a.12(b)(6)(iv), plus a 30-day period as provided in 8 CFR 214.2(f)(5)(v)."
de5a27e8831b88a5:C16,1,8 CFR 214.1(m)(1)(i),regulatory_text,,"(i) Notwithstanding paragraph (m)(1) of this section, an F-1 student recommended for post-completion OPT who files before his or her period of admission expires, including the 60 day departure period, an Application for Employment Authorization, Form I-765, or successor form on the form and in the manner designated by USCIS, with the required fee, as described in the form's instructions, on or before [DHS WILL INSERT DATE SIX MONTHS AFTER THE EFFECTIVE DATE OF THE FINAL RULE], is not required to file an Application to Extend/Change Nonimmigrant Status, Form I-539, or successor form for the requested period of post-completion OPT. An F-1 student recommended for STEM OPT who files, prior to his or her current OPT Employment Authorization Document, Form I-766, or successor form expires, an Application for Employment Authorization, Form I-765, or successor form on or before [DHS WILL INSERT DATE SIX MONTHS AFTER THE EFFECTIVE DATE OF THE FINAL RULE], is not required to file an Application to Extend/Change Nonimmigrant Status, Form I-539, or successor form for the requested period of STEM OPT. If the alien's application for post-completion OPT or STEM-OPT employment authorization is approved, the alien will be authorized to remain in the United States in F status until the expiration date of the employment authorization document, plus 60 days. If the employment authorization application is denied, the F-1 student would continue to be authorized to remain in the United States until the program end date listed on their Form I-20, valid on [DHS WILL INSERT DATE 60 DAYS AFTER DATE OF PUBLICATION OF THE FINAL RULE] plus 60 days, as long as he or she continues to pursue a full course of study and otherwise meets the requirements for F-1 status, or until the end date of the employment authorization document for post-completion OPT, as long as he or she continues to meet the requirements for F-1 status, plus 60 days."
de5a27e8831b88a5:C16,2,8 CFR 214.1(m)(1),regulatory_text,,"(1) Transition from duration of status admission to a fixed admission period for aliens properly maintaining F and J status on [DHS WILL INSERT DATE 60 DAYS AFTER DATE OF PUBLICATION OF THE FINAL RULE]. Aliens with F or J status who are properly maintaining their status on [DHS WILL INSERT DATE 60 DAYS AFTER DATE OF PUBLICATION OF THE FINAL RULE] and who were admitted for duration of status are authorized to remain in the United States in F or J nonimmigrant status until the later date of either the expiration date on an Employment Authorization Document, Form I-766, or successor form or the program end date noted on their Form I-20 or Form DS-2019, as applicable, not to exceed a period of 4 years from [DHS WILL INSERT DATE 60 DAYS AFTER DATE OF PUBLICATION OF THE FINAL RULE], plus the departure period of 60 days for F nonimmigrants, which is [DHS WILL INSERT DATE 4 YEARS AND 120 DAYS AFTER DATE OF PUBLICATION OF THE FINAL RULE], and 30 days for J nonimmigrants, which is [DHS WILL INSERT DATE 4 YEARS AND 90 DAYS AFTER DATE OF PUBLICATION OF THE FINAL RULE]. Subject to 8 CFR 274a.14, any authorized employment or training continues until the program end date on such F or J nonimmigrant's Form I-20 or DS-2019, as applicable and as endorsed by the designated school official or responsible officer for employment or training, or expiration date on the alien's Employment Authorization Document, Form I-766, or successor form. Aliens who need additional time to complete their current program of study, including requests for post-completion optional practical training (OPT) and Science Technology Engineering and Mathematics (STEM) OPT, or exchange visitor program, including academic training, or would like to start a new program of study or exchange visitor program must apply for an extension of stay with USCIS in accordance with paragraph (c)(2) of this section for an admission period to a fixed date."
de5a27e8831b88a5:C16,3,90 FR 42073,agency_explanation,,Decreasing from 60 to 30 days the allowed period for F-1 nonimmigrants to prepare to depart from the United States after completion of a course of study or authorized period of post-completion practical training;
de5a27e8831b88a5:C16,4,90 FR 42084,agency_explanation,,"For those aliens in F-1 status, admitted for D/S, present in the United States 60 days after the final rule publication who have timely filed on or before 6 months after the effective date of the final rule for an application for post-completion OPT or a STEM OPT extension, there would not be a requirement to file an EOS application, and, instead, they would be required to file the application for employment authorization for post-completion OPT or a STEM OPT extension. See proposed 8 CFR 214.1(m)(1)(i). An F-1 nonimmigrant who departs the United States before filing the application for post-completion OPT or STEM OPT, and is subsequently admitted to the United States with a fixed period of admission would be required to file both an application for employment authorization, (Form I-765 or successor form) and an EOS (Form I-539, or successor form), pursuant to 8 CFR 214.2(f)(11)(i)(B)(2) or (C). As discussed above concerning the general period of admissibility, an F-1 nonimmigrant who departs the United States while the application for employment authorization for post-completion OPT or STEM OPT is pending or once approved would be admitted for a fixed admission period pursuant to 8 CFR 214.1(a)(4)(iii). F-1 nonimmigrants who file for employment authorization for STEM OPT would remain eligible for the 180-day extension of their post-completion OPT EAD while their application for STEM OPT is pending pursuant to 8 CFR 274a.12(b)(6)(iv)."
de5a27e8831b88a5:C16,5,90 FR 42087,agency_explanation,,"Sixth, DHS proposes students with pending employment authorization applications who are admitted based on the DSO's recommended employment end date for post-completion OPT or STEM OPT specified on their Form I-20, with a notice issued by USCIS indicating receipt of the Application for Employment Authorization, Form I-765 or successor form for post-completion OPT or STEM OPT, and who cease employment authorized pursuant to a post-completion OPT- or STEM OPT-based EAD that expires before the alien's fixed date of admission as noted on their Arrival-Departure Record (Form I-94 or successor form), be considered to be in the United States in a period of authorized stay from the date of the expiration noted on their EAD until the fixed date of admission as noted on their I-94 (unless the student violates the terms of the authorized stay). See proposed 8 CFR 214.2(f)(5)(i)(D)."
de5a27e8831b88a5:C04,1,91 FR 44976,front_matter,,"The Department of Homeland Security (DHS) is amending its regulations to change the admission period in the F, J, and I classifications from duration of status to an admission for a fixed time period, and additional changes to admission and extension requirements. This final rule will provide additional protections and oversight of these nonimmigrant categories and will allow DHS to better evaluate whether these nonimmigrants are maintaining status while temporarily in the United States. This final rule provides amendments to the proposed rule covering this topic that was published in the Federal Register on August 28, 2025."
de5a27e8831b88a5:C04,2,8 CFR 214.2(j)(1)(ii)(A),regulatory_text,,"(ii) Admission period and period of stay--(A) J-1 exchange visitor. A J-1 exchange visitor may be admitted for the duration of the exchange visitor program, as stated by the program end date noted on Form DS-2019 or successor form, not to exceed a period of 4 years."
de5a27e8831b88a5:C04,3,8 CFR 214.1(m)(1),regulatory_text,,"(m) Transition period from duration of status to a fixed admission date--(1) Transition from duration of status admission to a fixed admission period for aliens properly maintaining F and J status on September 15, 2026. Aliens with F or J status who are properly maintaining their status on September 15, 2026, and who were admitted for duration of status are authorized to remain in the United States in F or J nonimmigrant status until the later date of either the expiration date on an Employment Authorization Document, Form I-766, or successor form, or the program end date noted on their Form I-20 or Form DS-2019, as applicable, not to exceed a period of 4 years from September 15, 2026, plus the departure period of 60 days for F nonimmigrants, which is November 14, 2030, and 30 days for J nonimmigrants, which is October 15, 2030. Subject to 8 CFR 274a.14, any authorized employment or training continues until the program end date on such F or J nonimmigrant's Form I-20 or DS-2019, as applicable and as endorsed by the designated school official or responsible officer for employment or training, or expiration date on the alien's Employment Authorization Document, Form I-766, or successor form. Aliens who need additional time to complete their current program of study, including requests for post-completion optional practical training (OPT) and the Science, Technology, Engineering and Mathematics (STEM) OPT extension, or exchange visitor program, including academic training, or would like to start a new program of study or exchange visitor program must apply for an extension of stay with USCIS in accordance with paragraph (c)(2) of this section for an admission period to a fixed date."
de5a27e8831b88a5:C04,4,91 FR 45101–45102,agency_explanation,,"DHS considered the effect of transitioning to a fixed period of admission on F and J nonimmigrants originally admitted for D/S who chose to temporarily come to the United States to pursue a program of study or an exchange visitor program. DHS believes the changes will not significantly affect the interests of these nonimmigrants admitted in D/S. DHS is not changing the fundamental requirements to qualify for these nonimmigrant statuses, rather it is only changing the length of time that an individual may lawfully remain in the United States in F or J status without filing an EOS application. Admitting these classifications of nonimmigrants for a fixed period of admission simply confirms that the admission is temporary and clearly communicates when that temporary admission period ends. Further, as is the case for the fixed period of admission policy more generally, a fixed date of admission simply places these nonimmigrants in the same position as most other nonimmigrants who are temporarily in the United States. They will still be able to continue to pursue their full course of study or exchange program; however, if they need additional time in F or J status, the burden will now be on them to request authorization directly from DHS and establish eligibility to extend their period of stay in such status, whereas previously they obtained an extension of lawful status in conjunction with a program extension through a DSO or RO."
6106154cd96d400d:C02,1,8 CFR 214.2(i)(3)(ii),regulatory_text,,"(ii) Foreign nationals travelling on a passport issued by the People's Republic of China (with the exception of Hong Kong Special Administrative Region passport holders and Macau Special Administrative Region passport holders). An alien who presents a passport from the People's Republic of China (with the exception of Hong Kong Special Administrative Region passport holders and Macau Special Administrative Region passport holders), may be admitted until the activities or assignments consistent with the I classification are completed, not to exceed 90 days."
6106154cd96d400d:C02,2,8 CFR 214.2(j)(1)(ii)(A),regulatory_text,,"(ii) Admission period and period of stay--(A) J-1 exchange visitor. A J-1 exchange visitor may be admitted for the duration of the exchange visitor program, as stated by the program end date noted on Form DS-2019 or successor form, not to exceed a period of 4 years."
6106154cd96d400d:C02,3,8 CFR 214.2(f)(5)(i)(E),regulatory_text,,(E) The authorized period of stay for F-2 dependents may not exceed the authorized period of stay of the principal F-1 student.
6106154cd96d400d:C02,4,91 FR 44977,agency_explanation,,"For F and J visa holders, the Immigration and Nationality Act (INA) specifically states that aliens must have a residence in a foreign country which they have no intention of abandoning and seek to enter the United States temporarily,[^15] yet, DHS has many examples of students and exchange visitors staying for decades in their student or exchange visitor status.[^16]"
6106154cd96d400d:C02,5,91 FR 45119,procedural,,"The affected population of the rule are the F, J, and I visa holders, and the educational institutions and sponsors responsible for the visa holders. The major costs associated with this rule are the familiarization and advising burden incurred in year 1, EOS filing costs for visa holders, and DSO/RO burden for assisting with EOS requests. The familiarization and advising burden applies to the full population, however in different amounts. The DSOs/ROs are expected to take on more familiarization burden as they are expected to advise the F and J nonimmigrants. The DSO/RO burden for EOS requests will be borne by the educational institutions and sponsors, while the EOS filing costs will be borne by the visa holders. Familiarization costs are only accrued in the first year, and the advising burden for educational institutions and sponsors responsible for F and J visa holders is scaled to the number of F and J visa holders. Institutions that choose to engage with large numbers of F and J visa holders will incur more costs related to familiarization and adaptation. These familiarization and adaptation costs are expected to decrease after first year the rule is in effect. Educational institutions and sponsors will only accrue EOS processing costs if they enroll nonimmigrants who remain in the country beyond their program length or 4 years, whichever is shorter. Nonimmigrants who remain in the country for their allotted program length (if less than 4 years) or 4 years will not be required to file an EOS request, and not incur costs related to this rule. Only the visa holders filing EOS requests will incur these costs. DHS presents the impacts of these provisions more fully in the RIA, which is available in the docket for this final rule on www.regulations.gov."
6106154cd96d400d:C03,1,91 FR 44979,agency_explanation,,Decreasing the period allowed for F-1 nonimmigrants to prepare to depart from the United States after completion of a course of study or an authorized period of post-completion practical training from 60 to 30 days;
6106154cd96d400d:C03,2,8 CFR 214.1(m)(1),regulatory_text,,"(m) Transition period from duration of status to a fixed admission date--(1) Transition from duration of status admission to a fixed admission period for aliens properly maintaining F and J status on September 15, 2026. Aliens with F or J status who are properly maintaining their status on September 15, 2026, and who were admitted for duration of status are authorized to remain in the United States in F or J nonimmigrant status until the later date of either the expiration date on an Employment Authorization Document, Form I-766, or successor form, or the program end date noted on their Form I-20 or Form DS-2019, as applicable, not to exceed a period of 4 years from September 15, 2026, plus the departure period of 60 days for F nonimmigrants, which is November 14, 2030, and 30 days for J nonimmigrants, which is October 15, 2030. Subject to 8 CFR 274a.14, any authorized employment or training continues until the program end date on such F or J nonimmigrant's Form I-20 or DS-2019, as applicable and as endorsed by the designated school official or responsible officer for employment or training, or expiration date on the alien's Employment Authorization Document, Form I-766, or successor form. Aliens who need additional time to complete their current program of study, including requests for post-completion optional practical training (OPT) and the Science, Technology, Engineering and Mathematics (STEM) OPT extension, or exchange visitor program, including academic training, or would like to start a new program of study or exchange visitor program must apply for an extension of stay with USCIS in accordance with paragraph (c)(2) of this section for an admission period to a fixed date."
6106154cd96d400d:C03,3,8 CFR 214.2(j)(1)(ii)(C),regulatory_text,,"(C) Period of stay. A J-1 exchange visitor and J-2 spouse and unmarried children under the age of 21 may be admitted for a period up to 30 days before the report date or start of the approved program listed on Form DS-2019 or successor form. The dependents accompanying a J-1 exchange visitor are eligible for admission in J-2 status if the exchange visitor is admitted in J-1 status. A J-1 exchange visitor and J-2 accompanying dependents may remain in the United States for a period of 30 days from the program end date or the 4-year maximum period of admission, whichever is earlier, for the purposes of departure or to otherwise seek to maintain lawful status. The 30-day period will be reflected on the alien's Arrival/Departure Record, Form I-94 or successor form. If the program end date is shortened, the J-1 exchange visitor and any J-2 accompanying dependents must leave the United States within 30 days from the new program end date or otherwise seek to maintain lawful status in that 30-day period. The 30-day period before the indicated report date or program start date and 30 additional days following the program end date or the 4-year maximum period of admission do not count towards the maximum period of admission."
6106154cd96d400d:C03,4,91 FR 45105,agency_explanation,,"DHS retains its proposal from the NPRM to change the departure period for F nonimmigrants from 60 to 30 days. See new 8 CFR 214.2(f)(5)(v). DHS received comments on this change, and those comments are discussed elsewhere in this preamble. DHS made this change for several reasons as discussed in the NPRM. The 60 days previously provided to F-1s to prepare for departure was twice as long as that of other SEVP programs (M and J nonimmigrants). See new 8 CFR 214.2(j)(1)(ii) and 8 CFR 214.2(m)(10)(i). In addition, this 60-day period is also six times longer than certain nonimmigrants who are authorized to remain in the United States for years but are only provided with a 10-day period to depart the United States."
6106154cd96d400d:C03,5,91 FR 45105,agency_explanation,,"As discussed within the NPRM, DHS believes that 30 days for the F nonimmigrant population is the appropriate balance between a 60-day and a 10-day period of departure and has retained the proposed 30-day departure period for F-1 nonimmigrants in the final rule.[^322] Similarly, DHS notes that seeking an EOS or change of status is an allowable activity for F-1 nonimmigrants during the 30-day departure period following the completion of their program and incorporated this clarification in the proposed rule and retains it in the final rule. See new 8 CFR 214.2(f)(5)(v)."
6106154cd96d400d:C01,1,91 FR 44976,front_matter,,"The Department of Homeland Security (DHS) is amending its regulations to change the admission period in the F, J, and I classifications from duration of status to an admission for a fixed time period, and additional changes to admission and extension requirements. This final rule will provide additional protections and oversight of these nonimmigrant categories and will allow DHS to better evaluate whether these nonimmigrants are maintaining status while temporarily in the United States. This final rule provides amendments to the proposed rule covering this topic that was published in the Federal Register on August 28, 2025."
6106154cd96d400d:C01,2,91 FR 45096,agency_explanation,,"However, certain nonimmigrant classifications, including F academic students, J exchange visitors, and I representatives of foreign information media, and their dependents, may be admitted into the United States for D/S instead of a period of time with a specific departure date. DHS has changed the admission provisions for these particular nonimmigrant classifications, including replacing admissions for ""duration of status"" with a fixed admission period. This will enable immigration officers to independently and directly verify the continued eligibility of foreign visitors in F, J, or I nonimmigrant status. It will also require aliens who fall under certain criteria to apply more frequently for additional admission periods."
6106154cd96d400d:C01,3,8 CFR 214.2(f)(7)(i),regulatory_text,,"(7) Extension of stay--(i) Eligibility. USCIS may grant an extension of stay to an F-1 student who has maintained his or her F-1 status, but who is unable to complete his or her program by the end of his or her authorized period of admission. Such student may be eligible for an extension if the designated school official issues a new Form I-20 or successor form certifying that the student is eligible under this paragraph (f)(7)(i). An F-1 student may be granted an extension if it is established that the student:"
6106154cd96d400d:C01,4,91 FR 44979,agency_explanation,,"Codifying the definition of a foreign media organization for I nonimmigrant status, consistent with long-standing U.S. Citizenship and Immigration Services (USCIS) and U.S. Department of State (DoS) practice;"
6106154cd96d400d:C04,1,8 CFR 214.1(m)(1)(i),regulatory_text,,"(i) Notwithstanding this paragraph (m)(1), an F-1 student recommended for post-completion OPT who files before his or her period of admission expires, including the 60 day departure period, an Application for Employment Authorization, Form I-765, or successor form on the form and in the manner designated by USCIS, with the required fee, as described in the form's instructions, on or before March 18, 2027, is not required to file an Application to Extend/Change Nonimmigrant Status, Form I-539, or successor form for the requested period of post-completion OPT. An F-1 student recommended for STEM OPT who files, prior to the expiration of his or her current OPT Employment Authorization Document, Form I-766, or successor form, an Application for Employment Authorization, Form I-765, or successor form on or before March 18, 2027, is not required to file an Application to Extend/Change Nonimmigrant Status, Form I-539, or successor form for the requested period of STEM OPT. If the alien's application for post-completion OPT or STEM OPT employment authorization is approved, the alien will be authorized to remain in the United States in F status until the expiration date of the Employment Authorization Document, plus 60 days. If the employment authorization application is denied, the F-1 student would continue to be authorized to remain in the United States until the program end date listed on their Form I-20, valid on September 15, 2026, plus 60 days, as long as he or she continues to pursue a full course of study and otherwise meets the requirements for F-1 status, or until the end date of the Employment Authorization Document for post-completion OPT, as long as he or she continues to meet the requirements for F-1 status, plus 60 days."
6106154cd96d400d:C04,2,8 CFR 214.2(f)(7)(i)(C)(1),regulatory_text,,"(1) A currently issued Form I-20, or successor form, indicating additional time is left to complete his or her program of study; or"
6106154cd96d400d:C04,3,8 CFR 214.2(f)(7)(i),regulatory_text,,"(7) Extension of stay--(i) Eligibility. USCIS may grant an extension of stay to an F-1 student who has maintained his or her F-1 status, but who is unable to complete his or her program by the end of his or her authorized period of admission. Such student may be eligible for an extension if the designated school official issues a new Form I-20 or successor form certifying that the student is eligible under this paragraph (f)(7)(i). An F-1 student may be granted an extension if it is established that the student:"
6106154cd96d400d:C04,4,8 CFR 214.2(f)(8)(iv),regulatory_text,,"(iv) Extension of stay. If the new program to which the student transferred will not be completed within the authorized period of stay established in paragraph (f)(5)(i) of this section, the F-1 student must apply to USCIS for an extension of stay in the manner and using the form designated by USCIS, with the required fee and in accordance with form instructions, including any biometrics required by 8 CFR 103.16, together with a valid, properly endorsed Form I-20 or successor form indicating the new program end date. Upon approval of the extension of stay application, USCIS will transmit the approval to SEVIS. If the application is denied, the student is out of status, and the student's record must be terminated in SEVIS."
6106154cd96d400d:C04,5,91 FR 44979,agency_explanation,,"Codifying the definition of a foreign media organization for I nonimmigrant status, consistent with long-standing U.S. Citizenship and Immigration Services (USCIS) and U.S. Department of State (DoS) practice;"
6106154cd96d400d:C05,1,91 FR 44976,front_matter,,"This rule has been classified as a major rule subject to congressional review. The effective date is September 15, 2026. However, at the conclusion of the congressional review, if the effective date has been changed, DHS will publish a document in the Federal Register to establish the actual effective date or to terminate the rule."
6106154cd96d400d:C05,2,8 CFR 214.1(m)(1),regulatory_text,,"(m) Transition period from duration of status to a fixed admission date--(1) Transition from duration of status admission to a fixed admission period for aliens properly maintaining F and J status on September 15, 2026. Aliens with F or J status who are properly maintaining their status on September 15, 2026, and who were admitted for duration of status are authorized to remain in the United States in F or J nonimmigrant status until the later date of either the expiration date on an Employment Authorization Document, Form I-766, or successor form, or the program end date noted on their Form I-20 or Form DS-2019, as applicable, not to exceed a period of 4 years from September 15, 2026, plus the departure period of 60 days for F nonimmigrants, which is November 14, 2030, and 30 days for J nonimmigrants, which is October 15, 2030. Subject to 8 CFR 274a.14, any authorized employment or training continues until the program end date on such F or J nonimmigrant's Form I-20 or DS-2019, as applicable and as endorsed by the designated school official or responsible officer for employment or training, or expiration date on the alien's Employment Authorization Document, Form I-766, or successor form. Aliens who need additional time to complete their current program of study, including requests for post-completion optional practical training (OPT) and the Science, Technology, Engineering and Mathematics (STEM) OPT extension, or exchange visitor program, including academic training, or would like to start a new program of study or exchange visitor program must apply for an extension of stay with USCIS in accordance with paragraph (c)(2) of this section for an admission period to a fixed date."
6106154cd96d400d:C05,3,91 FR 44976,front_matter,,"The Department of Homeland Security (DHS) is amending its regulations to change the admission period in the F, J, and I classifications from duration of status to an admission for a fixed time period, and additional changes to admission and extension requirements. This final rule will provide additional protections and oversight of these nonimmigrant categories and will allow DHS to better evaluate whether these nonimmigrants are maintaining status while temporarily in the United States. This final rule provides amendments to the proposed rule covering this topic that was published in the Federal Register on August 28, 2025."
6106154cd96d400d:C05,4,91 FR 44979,agency_explanation,,Providing a temporary reprieve for those J-1s whose D/S status expires shortly after the rule takes effect by allowing them to apply for EOS and continue to work for the duration of the time on their new Form DS-2019 regardless of how long the EOS application takes to adjudicate;
6106154cd96d400d:C05,5,91 FR 44978,agency_explanation,,Providing a short-term reprieve from filing for EOS during the first 6 months after the rule takes effect if applying for employment authorization for either post-completion OPT or STEM OPT;
6106154cd96d400d:C06,1,8 CFR 214.1(m)(1)(i),regulatory_text,,"(i) Notwithstanding this paragraph (m)(1), an F-1 student recommended for post-completion OPT who files before his or her period of admission expires, including the 60 day departure period, an Application for Employment Authorization, Form I-765, or successor form on the form and in the manner designated by USCIS, with the required fee, as described in the form's instructions, on or before March 18, 2027, is not required to file an Application to Extend/Change Nonimmigrant Status, Form I-539, or successor form for the requested period of post-completion OPT. An F-1 student recommended for STEM OPT who files, prior to the expiration of his or her current OPT Employment Authorization Document, Form I-766, or successor form, an Application for Employment Authorization, Form I-765, or successor form on or before March 18, 2027, is not required to file an Application to Extend/Change Nonimmigrant Status, Form I-539, or successor form for the requested period of STEM OPT. If the alien's application for post-completion OPT or STEM OPT employment authorization is approved, the alien will be authorized to remain in the United States in F status until the expiration date of the Employment Authorization Document, plus 60 days. If the employment authorization application is denied, the F-1 student would continue to be authorized to remain in the United States until the program end date listed on their Form I-20, valid on September 15, 2026, plus 60 days, as long as he or she continues to pursue a full course of study and otherwise meets the requirements for F-1 status, or until the end date of the Employment Authorization Document for post-completion OPT, as long as he or she continues to meet the requirements for F-1 status, plus 60 days."
6106154cd96d400d:C06,2,8 CFR 214.1(m)(1),regulatory_text,,"(m) Transition period from duration of status to a fixed admission date--(1) Transition from duration of status admission to a fixed admission period for aliens properly maintaining F and J status on September 15, 2026. Aliens with F or J status who are properly maintaining their status on September 15, 2026, and who were admitted for duration of status are authorized to remain in the United States in F or J nonimmigrant status until the later date of either the expiration date on an Employment Authorization Document, Form I-766, or successor form, or the program end date noted on their Form I-20 or Form DS-2019, as applicable, not to exceed a period of 4 years from September 15, 2026, plus the departure period of 60 days for F nonimmigrants, which is November 14, 2030, and 30 days for J nonimmigrants, which is October 15, 2030. Subject to 8 CFR 274a.14, any authorized employment or training continues until the program end date on such F or J nonimmigrant's Form I-20 or DS-2019, as applicable and as endorsed by the designated school official or responsible officer for employment or training, or expiration date on the alien's Employment Authorization Document, Form I-766, or successor form. Aliens who need additional time to complete their current program of study, including requests for post-completion optional practical training (OPT) and the Science, Technology, Engineering and Mathematics (STEM) OPT extension, or exchange visitor program, including academic training, or would like to start a new program of study or exchange visitor program must apply for an extension of stay with USCIS in accordance with paragraph (c)(2) of this section for an admission period to a fixed date."
6106154cd96d400d:C06,3,91 FR 44979,agency_explanation,,Decreasing the period allowed for F-1 nonimmigrants to prepare to depart from the United States after completion of a course of study or an authorized period of post-completion practical training from 60 to 30 days;
6106154cd96d400d:C06,4,8 CFR 214.1(a)(4)(iii),regulatory_text,,"(iii) Post-completion optional practical training (OPT) and Science, Technology, Engineering and Mathematics (STEM) OPT extension. Aliens seeking admission to the United States as an F nonimmigrant to pursue post-completion OPT or a STEM OPT extension may be admitted until the end date of the approved employment authorization for post-completion OPT or STEM OPT, or if the Application for Employment Authorization, Form I-765 (or successor form) for post-completion OPT or STEM OPT is still pending with USCIS, as evidenced by a notice issued by USCIS indicating receipt of such application, until the Designated School Official's recommended employment end date for post-completion OPT or STEM OPT specified on the Form I-20, subject to the requirements in paragraphs (c)(8) of this section and 8 CFR 274a.12(b)(6)(iv), plus a 30-day period as provided in Sec. 214.2(f)(5)(v)."
6106154cd96d400d:C06,5,8 CFR 214.1(m)(2)(ii),regulatory_text,,"(ii) F-1 students with pending employment authorization applications, other than post-completion OPT and STEM OPT, who continue to pursue a full course of study and otherwise meet the requirements for F-1 status, continue to be authorized to remain in the United States until the program end date listed on the Form I-20, plus 60 days, regardless of whether the employment authorization application is approved or denied."
865b6f64b98a7c95:C08,1,8 CFR 214.1(m)(1),regulatory_text,,"(m) Transition period from duration of status to a fixed admission date--(1) Transition from duration of status admission to a fixed admission period for aliens properly maintaining F and J status on September 15, 2026. Aliens with F or J status who are properly maintaining their status on September 15, 2026, and who were admitted for duration of status are authorized to remain in the United States in F or J nonimmigrant status until the later date of either the expiration date on an Employment Authorization Document, Form I-766, or successor form, or the program end date noted on their Form I-20 or Form DS-2019, as applicable, not to exceed a period of 4 years from September 15, 2026, plus the departure period of 60 days for F nonimmigrants, which is November 14, 2030, and 30 days for J nonimmigrants, which is October 15, 2030. Subject to 8 CFR 274a.14, any authorized employment or training continues until the program end date on such F or J nonimmigrant's Form I-20 or DS-2019, as applicable and as endorsed by the designated school official or responsible officer for employment or training, or expiration date on the alien's Employment Authorization Document, Form I-766, or successor form. Aliens who need additional time to complete their current program of study, including requests for post-completion optional practical training (OPT) and the Science, Technology, Engineering and Mathematics (STEM) OPT extension, or exchange visitor program, including academic training, or would like to start a new program of study or exchange visitor program must apply for an extension of stay with USCIS in accordance with paragraph (c)(2) of this section for an admission period to a fixed date."
865b6f64b98a7c95:C08,2,91 FR 45105,agency_explanation,,"It similarly follows that a student may not request a start date of OPT employment which is more than 30 days (rather than 60 days) after the student's program end date. DHS overlooked this update to 8 CFR 214.2(f)(11)(i)(D) in the NPRM but has made the change in the final rule. As explained in the response to comments above, DHS recognizes failing to make this update may cause confusion. This technical change aligns with the 30-day period that was proposed in the NPRM under 8 CFR 214.2(f)(11)(i)(B)(2) and with the 30-day period of preparation for departure under 8 CFR 214.2(f)(5)(v)."
865b6f64b98a7c95:C08,3,91 FR 45105,agency_explanation,,"Since an F-1 student now has 30 days, rather than the previously allotted 60 days, to depart the country or to otherwise maintain status after their completion of their program or program end date, it follows that they need to file a Form I-765 or successor form for post-completion OPT within 30 days, rather than the previously allotted 60 days, after their program end date. See new 8 CFR 214.2(f)(11)(i)(B)(2). This has been retained in the final rule."
865b6f64b98a7c95:C08,4,8 CFR 214.2(f)(5)(i)(C),regulatory_text,,"(C) F-1 students attending a public high school, which may also include a charter school or other similar school funded by U.S. taxpayers, are restricted to an aggregate of no more than 12 months to complete their course of study, including any school breaks and annual vacations."
865b6f64b98a7c95:C08,5,91 FR 44976,front_matter,,"This rule has been classified as a major rule subject to congressional review. The effective date is September 15, 2026. However, at the conclusion of the congressional review, if the effective date has been changed, DHS will publish a document in the Federal Register to establish the actual effective date or to terminate the rule."
865b6f64b98a7c95:C06,1,8 CFR 214.1(m)(1),regulatory_text,,"(m) Transition period from duration of status to a fixed admission date--(1) Transition from duration of status admission to a fixed admission period for aliens properly maintaining F and J status on September 15, 2026. Aliens with F or J status who are properly maintaining their status on September 15, 2026, and who were admitted for duration of status are authorized to remain in the United States in F or J nonimmigrant status until the later date of either the expiration date on an Employment Authorization Document, Form I-766, or successor form, or the program end date noted on their Form I-20 or Form DS-2019, as applicable, not to exceed a period of 4 years from September 15, 2026, plus the departure period of 60 days for F nonimmigrants, which is November 14, 2030, and 30 days for J nonimmigrants, which is October 15, 2030. Subject to 8 CFR 274a.14, any authorized employment or training continues until the program end date on such F or J nonimmigrant's Form I-20 or DS-2019, as applicable and as endorsed by the designated school official or responsible officer for employment or training, or expiration date on the alien's Employment Authorization Document, Form I-766, or successor form. Aliens who need additional time to complete their current program of study, including requests for post-completion optional practical training (OPT) and the Science, Technology, Engineering and Mathematics (STEM) OPT extension, or exchange visitor program, including academic training, or would like to start a new program of study or exchange visitor program must apply for an extension of stay with USCIS in accordance with paragraph (c)(2) of this section for an admission period to a fixed date."
865b6f64b98a7c95:C07,1,8 CFR 214.2(f)(5)(i),regulatory_text,,"(5) Period of stay--(i) General. An F-1 student is admitted for a fixed period of time, which is the period necessary to complete the course of study indicated on the Form I-20, or successor form, not to exceed a period of 4 years, plus additional times noted in this paragraph (f)(5)(i). A continuing F-1 student may be granted additional time to complete their program of study, as described in paragraphs (f)(7) and (f)(8)(iv) of this section, begin a new program of study, as described in paragraphs (f)(5)(ii)(D) and (f)(7) of this section, or following the completion of studies to engage in post-completion optional practical training (OPT) and the Science, Technology, Engineering and Mathematics (STEM) extension of OPT, as described in paragraph (f)(5)(i)(D) of this section. An F-1 student described in this section may be admitted for a period of up to 30 days before the indicated report date or program start date listed on the Form I-20 or successor form. An alien described in this paragraph (f)(5)(i) may remain in the United States for an additional 30 days as provided in paragraph (f)(5)(v) of this section. The 30-day period before the indicated report date or program start date and 30 additional days following the program end date or the 4-year maximum period of admission do not count toward the maximum length of stay. The admission periods described in this paragraph (f)(5)(i) are subject to the following exceptions:"
865b6f64b98a7c95:C07,2,8 CFR 214.2(f)(7)(i),regulatory_text,,"(7) Extension of stay--(i) Eligibility. USCIS may grant an extension of stay to an F-1 student who has maintained his or her F-1 status, but who is unable to complete his or her program by the end of his or her authorized period of admission. Such student may be eligible for an extension if the designated school official issues a new Form I-20 or successor form certifying that the student is eligible under this paragraph (f)(7)(i). An F-1 student may be granted an extension if it is established that the student:"
865b6f64b98a7c95:C07,3,91 FR 45099,agency_explanation,,"Under current policy, F and J nonimmigrants admitted for D/S do not accrue unlawful presence until the day after USCIS formally finds a nonimmigrant status violation while adjudicating a request for another immigration benefit or on the day after an immigration judge orders the alien excluded, deported, or removed (whether or not the decision is appealed), whichever comes first.[^295] In reliance on this policy, some F and J nonimmigrants admitted for D/S may not have taken the appropriate steps to maintain status, otherwise change status, or depart the United States. This final rule is concerned with providing adequate notice to allow F and J nonimmigrants who are maintaining status to transition to a new date-certain admission."
865b6f64b98a7c95:C07,4,91 FR 45098,agency_explanation,,"Aliens who departed the United States and are applying for admission before their timely filed EOS application has been adjudicated, but before their previously authorized period of stay has expired, could be eligible to be admitted either for: the length of time as indicated by the program end date noted in their most recent Form I-20 or DS-2019, not to exceed 4 years, plus a period of 30 days to prepare for departure or to request admission for the previous period authorized admission and wait for USCIS to adjudicate the EOS. If the alien is admitted for the program length (not to exceed 4 years, as applicable), USCIS would consider the alien's EOS application abandoned because the alien's new fixed date of admission based on the most recent I-20 or DS-2019 had already been determined by CBP upon the most recent admission to the United States, and thus the pending EOS application is extraneous; or the period of time remaining on their previously authorized period of admission. CBP could admit the alien for a period of time not to exceed the unexpired period of stay that was authorized before the alien's departure, plus a period of 30 days to prepare for departure. In this scenario, in accordance with new 8 CFR 214.1(c)(8), an alien's EOS application is not considered abandoned and USCIS could grant a new period of stay upon subsequent adjudication of the EOS application. See new 8 CFR 214.1(a)(4)(i) and (a)(4)(ii). DHS is providing additional clarification here in this preamble that in order to facilitate admission in this scenario, aliens should be prepared to provide evidence of a timely filed extension in the form of a receipt notice issued by DHS for either instance detailed above."
865b6f64b98a7c95:C07,5,91 FR 45098,agency_explanation,,"Aliens who departed the United States, including those seeking admission before their timely filed EOS application has been adjudicated, but after their previously authorized period of stay has expired, could be eligible to be admitted for the length of time required to reach the program end date noted in their most recent Form I-20 or DS-2019, not to exceed 4 years, plus a period of 30 days to prepare for departure or to otherwise seek to obtain lawful authorization to remain in the United States, similar to an initial period of admission. See new 8 CFR 214.1(a)(4)(i)(A) and (ii)(A). USCIS would consider the alien's EOS application abandoned because the alien's new fixed date of admission based on the most recent I-20 or DS-2019 had already been determined by CBP upon the most recent admission to the United States, and thus the pending EOS application is extraneous. See new 8 CFR 214.1(c)(8)."
a04e3cef0a75d9cf:C01,1,91 FR 44976,front_matter,,"The Department of Homeland Security (DHS) is amending its regulations to change the admission period in the F, J, and I classifications from duration of status to an admission for a fixed time period, and additional changes to admission and extension requirements. This final rule will provide additional protections and oversight of these nonimmigrant categories and will allow DHS to better evaluate whether these nonimmigrants are maintaining status while temporarily in the United States. This final rule provides amendments to the proposed rule covering this topic that was published in the Federal Register on August 28, 2025."
a04e3cef0a75d9cf:C01,2,8 CFR 214.2(f)(5)(i)(C),regulatory_text,,"(C) F-1 students attending a public high school, which may also include a charter school or other similar school funded by U.S. taxpayers, are restricted to an aggregate of no more than 12 months to complete their course of study, including any school breaks and annual vacations."
a04e3cef0a75d9cf:C02,1,91 FR 44976,front_matter,,"This rule has been classified as a major rule subject to congressional review. The effective date is September 15, 2026. However, at the conclusion of the congressional review, if the effective date has been changed, DHS will publish a document in the Federal Register to establish the actual effective date or to terminate the rule."
a04e3cef0a75d9cf:C02,2,8 CFR 214.1(m)(1),regulatory_text,,"(m) Transition period from duration of status to a fixed admission date--(1) Transition from duration of status admission to a fixed admission period for aliens properly maintaining F and J status on September 15, 2026. Aliens with F or J status who are properly maintaining their status on September 15, 2026, and who were admitted for duration of status are authorized to remain in the United States in F or J nonimmigrant status until the later date of either the expiration date on an Employment Authorization Document, Form I-766, or successor form, or the program end date noted on their Form I-20 or Form DS-2019, as applicable, not to exceed a period of 4 years from September 15, 2026, plus the departure period of 60 days for F nonimmigrants, which is November 14, 2030, and 30 days for J nonimmigrants, which is October 15, 2030. Subject to 8 CFR 274a.14, any authorized employment or training continues until the program end date on such F or J nonimmigrant's Form I-20 or DS-2019, as applicable and as endorsed by the designated school official or responsible officer for employment or training, or expiration date on the alien's Employment Authorization Document, Form I-766, or successor form. Aliens who need additional time to complete their current program of study, including requests for post-completion optional practical training (OPT) and the Science, Technology, Engineering and Mathematics (STEM) OPT extension, or exchange visitor program, including academic training, or would like to start a new program of study or exchange visitor program must apply for an extension of stay with USCIS in accordance with paragraph (c)(2) of this section for an admission period to a fixed date."
a04e3cef0a75d9cf:C03,1,"Presidents' Alliance v. DHS, No. 1:26-cv-13799-FDS, Dkt. 51 at 1",operative_court_order,https://storage.courtlistener.com/recap/gov.uscourts.mad.305059/gov.uscourts.mad.305059.51.0.pdf,"UNITED STATES DISTRICT COURT DISTRICT OF MASSACHUSETTS _______________________________________ ) PRESIDENTS’ ALLIANCE ON HIGHER ) EDUCATION AND IMMIGRATION, et al., ) ) Plaintiffs, ) ) Civil Action No. v. ) 26-13799-FDS ) UNITED STATES DEPARTMENT OF ) HOMELAND SECURITY, et al., ) ) Defendants. ) _______________________________________) PRELIMINARY INJUNCTION ORDER POSTPONING EFFECTIVE DATE OF FINAL RULE Pursuant to § 705 of the Administrative Procedure Act and Fed. R. Civ. P. 65, after a hearing, and for the reasons set forth in the Court’s Memorandum and Order, filed herewith, Plaintiffs’ Motion for APA § 705 Relief, a Preliminary Injunction or, Alternatively, Summary Judgment, is GRANTED in part and DENIED in part, as follows: 1. For purposes of this Order, a. the term “Final Rule” shall mean the Final Rule entitled “Establishing a Fixed Time Period of Admission and an Extension of Stay Procedure for Nonimmigrant Academic Students, Exchange Visitors, and Representatives of Foreign Information Media,” published at 91 Fed. Reg. 44976 (July 17, 2026); and b. the term “Defendants” shall mean the United States Department of Homeland Security, United States Immigration and Customs Enforcement, Markwayne Mullin, in his official capacity as Secretary of Homeland Security, and David"
a04e3cef0a75d9cf:C03,2,"Presidents' Alliance v. DHS, No. 1:26-cv-13799-FDS, Dkt. 51 at 2",operative_court_order,https://storage.courtlistener.com/recap/gov.uscourts.mad.305059/gov.uscourts.mad.305059.51.0.pdf,"Venturella, in his official capacity as Acting Director of United States Immigration and Customs Enforcement. 2. Plaintiffs’ Motion to Stay Under 5 U.S.C. 705 is GRANTED to the extent that it seeks to postpone the effective date of the Final Rule pursuant to the Administrative Procedure Act, 5 U.S.C. § 705. 3. The effective date of the Final Rule is hereby POSTPONED pending further order of this court or resolution of this proceeding on the merits. 4. Defendants are preliminarily enjoined from taking any further action to implement the Final Rule pending further order of this court or resolution of this proceeding on the merits. 5. To the extent that plaintiffs seek vacatur of the Final Rule, summary judgment in their favor, or other relief, the motion is DENIED without prejudice to its renewal. So Ordered. Dated at Boston, Massachusetts /s/ F. Dennis Saylor IV 4:55 p.m. F. Dennis Saylor IV September 14, 2026 United States District Judge"
a04e3cef0a75d9cf:C04,1,"Presidents' Alliance v. DHS, No. 1:26-cv-13799-FDS, Dkt. 50 at 6",judicial_reasoning,https://storage.courtlistener.com/recap/gov.uscourts.mad.305059/gov.uscourts.mad.305059.50.0.pdf,"Despite the massive anticipated impact of the rule, DHS provided an exceptionally short, and barely legal, 32-day period for public comments. Nonetheless, approximately 22,000 commenters responded during that short interval. The overwhelming majority of those comments expressed strong opposition. Among other things, commenters pointed out serious flaws in DHS’s reasoning and offered multiple alternatives that would achieve the stated objectives with far less harmful effects on students, universities, journalists, and the American economy. DHS summarily rejected those views, dismissing their concerns as merely “speculative,” based on mere “predictions,” or “unquantifiable.” In fact, because it asserted that the impact on enrollment was unquantifiable, it effectively concluded that the cost of that impact was zero. And in support of its own position, it offered almost entirely conclusory statements, non sequiturs, and statements of “belief” without supporting reasoning. To the extent DHS engaged at all on substantive issues, its responses were largely disconnected from academic or practical realities. For example, in response to concerns that the rule would impair the ability of the American universities to attract the brightest available students from around the world, the government simply offered this: “DHS expects that U.S. educational institutions may attract other students who are not dissuaded by the requirements of this rule. U.S. universities and colleges may be able to fill vacancies left by nonimmigrant students who choose not to enroll with other qualified applicants, which could reduce the overall impact on enrollment numbers such that the net impact is difficult to estimate.” 91 Fed. Reg. at 45088. The proposition that graduate students in science or technology at MIT or Harvard could simply be replaced by “other qualified applicants”—because DHS believes that such students are fungible—is not a rational response to a legitimate concern."
a04e3cef0a75d9cf:C04,2,"Presidents' Alliance v. DHS, No. 1:26-cv-13799-FDS, Dkt. 50 at 7",judicial_reasoning,https://storage.courtlistener.com/recap/gov.uscourts.mad.305059/gov.uscourts.mad.305059.50.0.pdf,"The damage to the higher education system and to the economy of the United States is likely to be catastrophic. The government has acknowledged that compliance costs alone will likely total more than $250 million in the first year. But the real expected costs go far beyond the figure. According to plaintiffs: [T]his change will have the unavoidable effect of making the United States a less attractive destination for the world’s top students. Research conducted by Plaintiff NAFSA revealed that some 49% of current international students stated that they would not have enrolled under the system DHS just adopted, and 16% fewer prospective students indicated likelihood to enroll in the United States under that scheme. Translated into dollars, the loss for the Nation is massive: As an expert economic analysis in the comment record explained, even conservatively assuming only a 10% reduction in international student enrollment, the negative effects on the American economy are likely to reach tens of billions of dollars each year. (Pl. Mem. at 2). Many American colleges and universities—already struggling with declining enrollment based on demographic changes—will likewise suffer huge economic impacts. In fact, the anticipated harms have begun to materialize, even though the new rule has not yet taken effect. Multiple commenters noted that large numbers of international students have already disenrolled from American university programs or declined to apply at all. Notwithstanding the scale of the likely harm, the government’s proffered rationales for the rule are exceptionally weak, and the connection between the rule and the problems it purports to address is exceptionally attenuated. In substance, the government offers two justifications: the protection of “national security” and the prevention of fraud and abuse in the visa program. The government’s contention that the rule is necessary to safeguard national security borders on the absurd. It is based almost entirely on a small handful of anecdotes, each of which involved incidents that the new rule would do nothing to prevent or even mitigate. For"
