window,seendate,title,url,domain,language,sourcecountry,socialimage,found_by,is_repost,article_text,text_source,related_links,text_chars,mentions_docket
nprm_published_docket,20250827T211500Z,"US proposes fixed visa terms for students , exchange visitors and foreign media",http://www.bignewsnetwork.com/news/278537018/us-proposes-fixed-visa-terms-for-students-exchange-visitors-and-foreign-media,bignewsnetwork.com,English,United States,https://image.chitra.live/api/v1/wps/fb0d735/6b11d876-ffd7-4440-9cb4-f0972458a946/0/ANI-20250827191243-600x315.jpg,nprm_published_docket,False,"US proposes fixed visa terms for students, exchange visitors and foreign media
Big News Network.com
US proposes fixed visa terms for students, exchange visitors and foreign media
By Reena Bhardwaj
Washington [US], August 28 (ANI): The US Department of Homeland Security (DHS) has proposed new regulations to replace the 'duration of status' framework with fixed admission periods for nonimmigrant academic students (F), exchange visitors (J), and representatives of foreign information media (I).
According to the notice of proposed rulemaking (NPRM) issued by the US Immigration and Customs Enforcement (ICE), the DHS aims to amend its regulations to ensure that F, J, and I nonimmigrants are admitted for a specific time period rather than indefinitely as long as they comply with the terms of their status.
The NPRM states that 'nonimmigrants who would like to stay in the United States beyond their fixed date of admission would need to apply directly to DHS for an extension of stay (EOS).'
The proposed changes come in response to concerns about oversight and national security. DHS highlighted that the current system, which allows admission for 'duration of status' without a fixed end date, 'does not afford immigration officers enough predetermined opportunities to directly verify that aliens are engaging only in authorised activities.'
The Department noted that the increase in admissions has posed challenges. In 2023 alone, more than 1.6 million F-1 students, over 500,000 J exchange visitors, and 32,470 I visa holders were admitted to the United States.
DHS further said the proposed framework would align F, J, and I visa holders with most other nonimmigrant classifications, which already operate under fixed admission periods. It added that 'greater oversight would deter fraud and abuse and strengthen the integrity of these nonimmigrant classifications.'
Key proposed changes include limiting admission and extension periods for F and J nonimmigrants to a maximum of four years, reducing the grace period for F-1 students after completion of studies from 60 to 30 days, restricting graduate-level F-1 students from changing programs mid-course, and setting a 240-day cap for I visa holders, except for certain cases involving the People's Republic of China.
DHS said the changes would allow immigration officers to 'periodically and directly assess whether nonimmigrants are complying with the conditions of their classifications and US immigration laws.'
Public comments on the proposed rule must be submitted by the deadline set in the Federal Register notice under Docket No. ICEB-2025-0001. (ANI)
US proposes fixed visa terms for students, exchange visitors and foreign media
US proposes fixed visa terms for students, exchange visitors and foreign media
ANI
28th August 2025, 06:57 GMT+11
By Reena Bhardwaj
Washington [US], August 28 (ANI): The US Department of Homeland Security (DHS) has proposed new regulations to replace the 'duration of status' framework with fixed admission periods for nonimmigrant academic students (F), exchange visitors (J), and representatives of foreign information media (I).
According to the notice of proposed rulemaking (NPRM) issued by the US Immigration and Customs Enforcement (ICE), the DHS aims to amend its regulations to ensure that F, J, and I nonimmigrants are admitted for a specific time period rather than indefinitely as long as they comply with the terms of their status.
The NPRM states that 'nonimmigrants who would like to stay in the United States beyond their fixed date of admission would need to apply directly to DHS for an extension of stay (EOS).'
The proposed changes come in response to concerns about oversight and national security. DHS highlighted that the current system, which allows admission for 'duration of status' without a fixed end date, 'does not afford immigration officers enough predetermined opportunities to directly verify that aliens are engaging only in authorised activities.'
The Department noted that the increase in admissions has posed challenges. In 2023 alone, more than 1.6 million F-1 students, over 500,000 J exchange visitors, and 32,470 I visa holders were admitted to the United States.
DHS further said the proposed framework would align F, J, and I visa holders with most other nonimmigrant classifications, which already operate under fixed admission periods. It added that 'greater oversight would deter fraud and abuse and strengthen the integrity of these nonimmigrant classifications.'
Key proposed changes include limiting admission and extension periods for F and J nonimmigrants to a maximum of four years, reducing the grace period for F-1 students after completion of studies from 60 to 30 days, restricting graduate-level F-1 students from changing programs mid-course, and setting a 240-day cap for I visa holders, except for certain cases involving the People's Republic of China.
DHS said the changes would allow immigration officers to 'periodically and directly assess whether nonimmigrants are complying with the conditions of their classifications and US immigration laws.'
Public comments on the proposed rule must be submitted by the deadline set in the Federal Register notice under Docket No. ICEB-2025-0001. (ANI)",direct,,5259.0,True
nprm_published_docket,20250827T214500Z,"US proposes fixed visa terms for students , exchange visitors and foreign media",https://news.webindia123.com/news/Articles/World/20250828/4354673.html,news.webindia123.com,English,India,,nprm_published_docket,True,,,,,False
nprm_published,20250828T004500Z,Trump administration plans to limit how long foreign students can study in the US,https://www.yahoo.com/news/articles/trump-administration-plans-limit-long-000354619.html,yahoo.com,English,United States,,nprm_published,False,"Trump administration plans to limit how long foreign students can study in the US
The Department of Homeland Security said Wednesday it intends to publish a proposed rule that would limit the length of time foreign students are allowed to stay in the United States.
Since 1978, foreign students, or F visa holders, could stay in the U.S. for their ""duration of status,"" meaning as long as they were enrolled as a full-time student. The proposed rule set to publish Thursday would allow for foreign students and exchange visitors to stay up to the duration of the program they are participating in, not to exceed a 4-year period.
DHS officials said the rule is to correct a system in which foreign students have ""taken advantage of U.S. generosity"" by becoming ""forever students.""
""For too long, past Administrations have allowed foreign students and other visa holders to remain in the U.S. virtually indefinitely, posing safety risks, costing untold amounts of taxpayer dollars, and disadvantaging U.S. citizens,"" a DHS spokesperson said in a statement. ""This new proposed rule would end that abuse once and for all by limiting the amount of time certain visa holders are allowed to remain in the U.S., easing the burden on the federal government to properly oversee foreign students and history.""
If finalized, the rule would require foreign students to be regularly assessed by DHS to remain in the U.S. for a longer period.
Advocates who represent foreign students, said this rule will create uncertainty for these students and leave them with more bureaucratic hurdles to clear.
""International students deserve assurance that their admission period to the U.S. will conform to the requirements of their academic programs,"" said Miriam Feldblum, president and CEO of the Presidents' Alliance, which represents 500 presidents and chancellors of public and private colleges and universities. ""They already represent the most closely monitored population in the U.S. and are subject to rigorous oversight by DHS and academic institutions.""
The proposed rule could dissuade some students from choosing to study in the U.S., said Fanta Aw, executive director and CEO of NAFSA: Association of International Educators.
""It will certainly act as an additional deterrent to international students choosing to study in the United States, to the detriment of American economies, innovation, and global competitiveness,"" Aw said in a statement.
The logistical hurdles, such as pauses in visa interviews, have already caused international student enrollment to take a hit. A report from the Institute of International Education, which collected feedback from hundreds of U.S. higher education institutions, found that 35 percent of the schools they surveyed saw a decrease in applications for this fall, compared with only a 17 percent decrease the previous academic year.
There are also serious financial implications for colleges if fewer foreign students enroll, because they typically pay more tuition and receive less scholarship support.",direct,https://www.federalregister.gov/public-inspection/2025-16554/establishing-a-fixed-time-period-of-admission-and-an-extension-of-stay-procedure-for-nonimmigrant,3034.0,False
nprm_published,20250828T014500Z,"US ends  Duration of Statu : What the new fixed visa rules mean for F - 1 , J - 1 , and I holders",https://timesofindia.indiatimes.com/education/news/us-ends-duration-of-status-what-the-new-fixed-visa-rules-mean-for-f-1-j-1-and-i-holders/articleshow/123553076.cms,timesofindia.indiatimes.com,English,India,"https://static.toiimg.com/thumb/msid-123553096,width-1070,height-580,imgsize-39268,resizemode-75,overlay-toi_sw,pt-32,y_pad-40/photo.jpg","nprm_published,nprm_published_docket",False,"In a significant shift that could reshape how international students, exchange visitors, and media representatives navigate life in the United States, the Department of Homeland Security (DHS) has proposed to replace the long-standing “duration of status” framework with fixed admission periods. The move, announced through a notice of proposed rulemaking issued by US Immigration and Customs Enforcement (ICE), marks one of the most consequential immigration policy changes in recent years, directly affecting F-1 academic students, J-1 exchange visitors, and I visa holders from foreign media organisations.
 For decades, these groups were admitted under “duration of status,” a system that allowed them to stay as long as they complied with the terms of their visas, without a pre-set end date. Now, DHS wants to bring them in line with most other nonimmigrant visa categories, where admission is granted only for a specific period.
 Why DHS wants change
 According to DHS, the current open-ended framework “does not afford immigration officers enough predetermined opportunities to directly verify that aliens are engaging only in authorised activities.” Officials argue that fixed time limits would allow them to periodically assess compliance, deter fraud, and strengthen the integrity of the visa system.
 The sheer scale of arrivals has added urgency. In 2023 alone, more than 1.6 million F-1 students, over 500,000 J-1 exchange visitors, and 32,470 I visa holders entered the US. The Department believes the proposed rules will give immigration authorities clearer oversight in managing such large numbers.
What the proposed rules say
 The draft regulations outline a series of changes:
 -  Fixed admission periods: F and J visa holders will now be admitted for a maximum of four years, after which they must apply to DHS for an extension of stay.
-  Shorter grace period: F-1 students will have only 30 days after completing their studies, down from the current 60 days, to prepare for departure or transition.
-  Restrictions on program changes: Graduate-level F-1 students may face limits on changing their program mid-course.
-  Cap on I visa holders: Representatives of foreign information media will be restricted to a 240-day stay, with some exceptions for those from the People’s Republic of China.
 
 Extensions of stay will be possible, but students, visitors, and journalists will need to apply directly to DHS rather than relying on automatic status linked to ongoing enrollment or work.
What this means for international students and professionals
 For F-1 students, especially those pursuing longer academic programs or engaging in optional practical training, the shift adds a new layer of uncertainty. No longer can students assume they are secure for the entirety of their degree simply by staying enrolled; they will need to plan for mid-course extensions. For J-1 exchange visitors, including scholars and researchers, the rules may compress already tight timelines for collaborative projects. And for foreign journalists, the 240-day cap could make long-term coverage of US affairs significantly harder.
Oversight vs. opportunity
DHS frames the proposal as a matter of national security and program integrity. Yet for students and universities, the change may be seen as another barrier in an already complex immigration landscape. The US remains a top destination for higher education, but additional uncertainty about visa renewals could prompt some to consider alternatives in Canada, Australia, or Europe, where policies are comparatively more predictable.
The road ahead
 The proposed rule is now open for public comment under Docket No. ICEB-2025-0001, giving universities, student groups, and media organisations a chance to weigh in before final regulations are issued. Whatever form the final policy takes, the message is clear: The indefinite “duration of status” is ending.
 For international students and professionals, this is more than a bureaucratic adjustment, it is a signal that immigration pathways are narrowing, oversight is tightening, and long-term planning in the United States will now require even greater foresight.
(with ANI inputs) 
TOI Education is on WhatsApp now. Follow us 
here.",direct,,4241.0,True
nprm_published,20250828T031500Z,Trump administration proposes to introduce restrictions on  I  visa classification for foreign journalists,http://www.bignewsnetwork.com/news/278537303/trump-administration-proposes-to-introduce-restrictions-on-i-visa-classification-for-foreign-journalists,bignewsnetwork.com,English,United States,https://image.chitra.live/api/v1/wps/d74ba8c/6729da44-ef95-4839-9b40-9cb3e6dfc9c1/0/ANI-20250828010637-600x315.jpg,nprm_published,False,"Trump administration proposes to introduce restrictions on 'I' visa classification for foreign journalists
Washington [US], August 28 (ANI): The Trump administration introduced restrictions on the I visa classification for foreign journalists covering the United States on Wednesday (local time). While the proposed 240-day limit isn't directly tied to this administration's actions, a relevant rule change did occur during this time.
The rule aims to replace the longstanding practice of admitting most media representatives for as long as they maintained qualifying employment abroad, a system introduced in 1985. DHS argues that the indefinite 'duration of status' model undermined oversight, enabled fraud and abuse, and limited opportunities for the government to verify compliance.
'The Trump Administration has now decided to place restrictions on the duration of visa classification 'I' which is issued to foreign journalists proposing to cover the United States and visa extension will be granted only if the immigration official is convinced of the activities of the Journalist,' read the proposal from Kristi Noem, Secretary, US Department of Homeland Security.
Currently, a foreign journalist is granted permission to live and work in the US for the duration of their employment status with a foreign media organisation. Now, a time limit of 240 days is proposed, and after that, an extension would be granted only if the immigration officer is satisfied with the journalist's activities.
DHS has justified the move as necessary to strengthen immigration controls and align I visa admission rules with the fixed timelines applied to most other non-immigrant categories. It stated that the new regime would 'provide additional protections and oversight' and ensure that representatives of the foreign press are engaged only in their permitted professional duties while in the United States.
Meanwhile, on May 11, 2020, the Department of Homeland Security (DHS) published a final rule restricting the admission period for Chinese journalists on I visas to 90 days, rather than allowing them to stay for the duration of their status.
The proposed regulation would establish a fixed time period for F visas for international students, J visas that permit visitors participating in cultural exchange programs to work in the US, and I visas for members of the media.
The I visa is designed for foreign journalists, media professionals, and representatives of foreign media organisations working in the US to gather news, produce documentaries, or cover events for foreign media outlets.
To qualify for an I visa, applicants must be employed by a foreign media organisation, engage in news gathering or reporting activities, and produce non-commercial content intended for a foreign audience, according to the proposal.
I visa holders are generally admitted for the duration of their status, but specific rules apply to Chinese journalists, who are admitted for a maximum of 90 days, with possible 90-day extensions if they demonstrate activities consistent with I classification.
Foreign journalists must apply for an I visa at a US embassy or consulate, providing proof of employment with a foreign media organisation and intent to engage in media activities in the US.
As per the proposal, 'I' visa requirements include proof of employment with a foreign media organisation headquartered outside the US; intent to engage in news gathering, reporting, or documentary production and activities must be informational, non-commercial, and intended for a foreign audience.
This move is part of a broader effort to tighten legal immigration policies in the US. For 'F' visas of international students, the proposed regulation would limit the visa period to four years or the program end date, whichever is shorter, plus a 30-day grace period. Students must apply for extensions before their admission expires.
For 'J' visas of exchange visitors, holders are admitted for a fixed period, typically up to four years, and must apply for extensions.
For 'I' visas of journalists, the visa period would be limited to 240 days, with possible extensions. Chinese nationals would face an even shorter limit of 90 days.
Over 1.6 million international students on F visas in the US would be affected. Approximately 355,000 exchange visitors and 13,000 members of the media granted visas in fiscal year 2024 would also be impacted.
NAFSA, a non-profit organisation representing international educators, opposed a similar proposal in 2020 and called for its withdrawal. The Biden administration withdrew the 2020 proposal in 2021.
The public will have 30 days to comment on the proposed regulation once it's published in the Federal Register. (ANI)",direct,,4738.0,False
nprm_published,20250828T031500Z,US Plans To End  Visa Abuse  By Limiting How Long Foreign Students Can Study In Country | World News,https://www.news18.com/world/us-plans-to-end-visa-abuse-by-limiting-how-long-foreign-students-can-study-in-country-9532943.html,news18.com,English,India,https://images.news18.com/ibnlive/uploads/2025/06/Untitled-design-2025-06-05T142827.376-2025-06-c438b372d10da945ec07ee924f8a2bf8.png,nprm_published,False,"US Plans To End ‘Visa Abuse’ By Limiting How Long Foreign Students Can Study In Country
US Student Visa: US officials stated that the rule is designed to prevent individuals from remaining in the US indefinitely under student status
US Student Visa: The US government stated that a new immigration rule is necessary to curb “visa abuse"" by limiting the duration of stay for foreign students and exchange visitors in the country.
The Department of Homeland Security (DHS) said on Wednesday that it will publish the proposed regulation on Thursday.
Recommended Stories
Since 1978, students on F visas have been allowed to stay for the “duration of status,"" meaning they could remain in the United States as long as they were enrolled full-time in an academic program.
The new proposal would instead grant admission for the length of a student’s program, up to a maximum of four years.
The officials stated that the rule is designed to prevent individuals from remaining in the US indefinitely under student status.
“For too long, past Administrations have allowed foreign students and other visa holders to remain in the US virtually indefinitely, posing safety risks, costing untold amounts of taxpayer dollars, and disadvantaging U.S. citizens,"" a DHS spokesperson said.
“This new proposed rule would end that abuse once and for all by limiting the amount of time certain visa holders are allowed to remain in the US, easing the burden on the federal government to properly oversee foreign students and history.""
If finalised, the rule would also require students to undergo periodic reviews by DHS to extend their stay.
Education advocates warned the proposal could create new hurdles for international students.
“International students deserve assurance that their admission period to the U.S. will conform to the requirements of their academic programs,"" said Miriam Feldblum, president and CEO of the Presidents’ Alliance, which represents more than 500 college and university leaders.
“They already represent the most closely monitored population in the U.S. and are subject to rigorous oversight by DHS and academic institutions.""
Fanta Aw, executive director and CEO of NAFSA: Association of International Educators, said the plan could further discourage students from choosing US institutions.
“It will certainly act as an additional deterrent to international students choosing to study in the United States, to the detriment of American economies, innovation, and global competitiveness,"" Aw said.
International enrollment has already been affected by visa processing delays and other disruptions.
A recent survey by the Institute of International Education found that 35 per cent of U.S. colleges reported a drop in applications for the upcoming year, compared with 17 percent the year before.",wayback 20250917124629,https://images.news18.com/dlxczavtqcctuei/news18/static/images/english/iso_certificate_2024_to_2027.pdf,2805.0,False
nprm_published,20250828T034500Z,Trump administration proposes to introduce restrictions on  I  visa classification for foreign journalists,https://aninews.in/news/world/us/trump-administration-proposes-to-introduce-restrictions-on-i-visa-classification-for-foreign-journalists20250828075039/,aninews.in,English,India,https://d3lzcn6mbbadaf.cloudfront.net/media/details/ANI-20250828010637.jpg,nprm_published,True,,,,,False
nprm_published,20250828T051500Z,Trump administration proposes to introduce restrictions on  I  visa classification for foreign journalists,https://news.webindia123.com/news/Articles/World/20250828/4354693.html,news.webindia123.com,English,India,,nprm_published,True,,,,,False
nprm_published,20250828T061500Z,Trump administration proposes to introduce restrictions on  I  visa classification for foreign journalists,https://timesofoman.com/article/162096-trump-administration-proposes-to-introduce-restrictions-on-i-visa-classification-for-foreign-journalists,timesofoman.com,English,Oman,https://shabiba.eu-central-1.linodeobjects.com/2025/08/1756352088-1756352088-usen01gkch4j.jpg,nprm_published,True,,,,,False
nprm_published,20250828T070000Z,Trump administration proposes 4 - year limit for international student visas,https://www.foxnews.com/politics/trump-admin-plans-impose-4-year-limits-foreign-students-studying-us,foxnews.com,English,United States,https://static.foxnews.com/foxnews.com/content/uploads/2025/04/kristi-noem.jpg,nprm_published,False,"The Trump administration on Wednesday announced a proposed rule to limit the length of time international students can remain in the U.S. for their studies to four years.
If finalized, the proposed rule set to be published on Thursday would limit how long certain visa holders, including foreign students, are allowed to stay in the U.S., according to a press release from the Department of Homeland Security, which said the proposal seeks to curb ""visa abuse"" and increase the agency's ability to ""properly vet and oversee these individuals.""
The agency said foreign students have ""taken advantage of U.S. generosity"" and become ""forever students"" by remaining enrolled in colleges so they could stay in the U.S.
""For too long, past Administrations have allowed foreign students and other visa holders to remain in the U.S. virtually indefinitely, posing safety risks, costing untold amount of taxpayer dollars, and disadvantaging U.S. citizens,"" a DHS spokesperson said in a statement.
""This new proposed rule would end that abuse once and for all by limiting the amount of time certain visa holders are allowed to remain in the U.S., easing the burden on the federal government to properly oversee foreign students and their history,"" the spokesperson continued.
Since 1978, foreign students, or F visa holders, have been allowed to remain in the U.S. for their ""duration of status,"" which means the time they were enrolled as a full-time student. The proposed rule would allow foreign students and exchange visitors to stay in the country up to the duration of the program they are participating in, although the federal government would not permit it to exceed four years, which is typically less time than it takes to pursue any additional education beyond a bachelor's degree.
HOUSE DEMOCRATS CALL ON RUBIO TO ALLOW INJURED CHILDREN FROM GAZA INTO US FOLLOWING VISA HALT
In addition to students, the proposed rule would set the initial admission period for foreign journalists at up to 240 days, although they may seek an extension of up to another 240 days, but no longer than the length of their assignment.
Requiring regular assessments by DHS for foreigners to remain in the U.S. for a longer period would allow the agency to conduct ""proper oversight"" and reduce the number of people in the country on visas, the press release said.
CLICK HERE TO GET THE FOX NEWS APP
Foreign students, notably, typically pay more tuition and receive fewer scholarship opportunities, meaning the proposed rule may have a financial impact on U.S. colleges if it leads to a dip in international enrollment.
""It will certainly act as an additional deterrent to international students choosing to study in the United States, to the detriment of American economies, innovation, and global competitiveness,"" Fanta Aw, executive director and CEO of NAFSA: Association of International Educators, said in a statement to POLITICO.",direct,,2916.0,False
nprm_published,20250828T071500Z,"US proposes limiting  I  visa for foreign journalists to 240 days , citing oversight concerns",https://www.moneycontrol.com/world/us-proposes-limiting-i-visa-for-foreign-journalists-to-240-days-citing-oversight-concerns-article-13494684.html,moneycontrol.com,English,India,https://images.moneycontrol.com/static-mcnews/2025/08/20250826063511_USCIS.jpg,nprm_published,False,"The Trump administration introduced restrictions on the I visa classification for foreign journalists covering the United States on Wednesday (local time). While the proposed 240-day limit isn't directly tied to this administration's actions, a relevant rule change did occur during this time.
The rule aims to replace the longstanding practice of admitting most media representatives for as long as they maintained qualifying employment abroad, a system introduced in 1985. DHS argues that the indefinite ""duration of status"" model undermined oversight, enabled fraud and abuse, and limited opportunities for the government to verify compliance.
""The Trump Administration has now decided to place restrictions on the duration of visa classification ""I"" which is issued to foreign journalists proposing to cover the United States and visa extension will be granted only if the immigration official is convinced of the activities of the Journalist,"" read the proposal from Kristi Noem, Secretary, US Department of Homeland Security.
Currently, a foreign journalist is granted permission to live and work in the US for the duration of their employment status with a foreign media organisation. Now, a time limit of 240 days is proposed, and after that, an extension would be granted only if the immigration officer is satisfied with the journalist's activities.
DHS has justified the move as necessary to strengthen immigration controls and align I visa admission rules with the fixed timelines applied to most other non-immigrant categories. It stated that the new regime would ""provide additional protections and oversight"" and ensure that representatives of the foreign press are engaged only in their permitted professional duties while in the United States.
Meanwhile, on May 11, 2020, the Department of Homeland Security (DHS) published a final rule restricting the admission period for Chinese journalists on I visas to 90 days, rather than allowing them to stay for the duration of their status.
The proposed regulation would establish a fixed time period for F visas for international students, J visas that permit visitors participating in cultural exchange programs to work in the US, and I visas for members of the media.
The I visa is designed for foreign journalists, media professionals, and representatives of foreign media organisations working in the US to gather news, produce documentaries, or cover events for foreign media outlets.
To qualify for an I visa, applicants must be employed by a foreign media organisation, engage in news gathering or reporting activities, and produce non-commercial content intended for a foreign audience, according to the proposal.
I visa holders are generally admitted for the duration of their status, but specific rules apply to Chinese journalists, who are admitted for a maximum of 90 days, with possible 90-day extensions if they demonstrate activities consistent with I classification.
Foreign journalists must apply for an I visa at a US embassy or consulate, providing proof of employment with a foreign media organisation and intent to engage in media activities in the US.
As per the proposal, ""I"" visa requirements include proof of employment with a foreign media organisation headquartered outside the US; intent to engage in news gathering, reporting, or documentary production and activities must be informational, non-commercial, and intended for a foreign audience.
This move is part of a broader effort to tighten legal immigration policies in the US. For ""F"" visas of international students, the proposed regulation would limit the visa period to four years or the program end date, whichever is shorter, plus a 30-day grace period. Students must apply for extensions before their admission expires.
For ""J"" visas of exchange visitors, holders are admitted for a fixed period, typically up to four years, and must apply for extensions.
For ""I"" visas of journalists, the visa period would be limited to 240 days, with possible extensions. Chinese nationals would face an even shorter limit of 90 days.
Over 1.6 million international students on F visas in the US would be affected. Approximately 355,000 exchange visitors and 13,000 members of the media granted visas in fiscal year 2024 would also be impacted.
NAFSA, a non-profit organisation representing international educators, opposed a similar proposal in 2020 and called for its withdrawal. The Biden administration withdrew the 2020 proposal in 2021.
The public will have 30 days to comment on the proposed regulation once it's published in the Federal Register.
Discover the latest Business News, Budget 2025 News, Sensex, and Nifty updates. Obtain Personal Finance insights, tax queries, and expert opinions on Moneycontrol or download the Moneycontrol App to stay updated!",wayback 20250828071111,https://images.moneycontrol.com/pdffiles/IS-739420-I.pdf,4804.0,False
nprm_published,20250828T091500Z,"Four years for students , 240 days for journalists : Trump push to restrict F and I visas explained",https://www.moneycontrol.com/world/four-years-for-students-240-days-for-journalists-trump-s-push-to-restrict-f-and-i-visas-explained-article-13493580.html,moneycontrol.com,English,India,https://images.moneycontrol.com/static-mcnews/2025/08/20250813144709_canada-visa.jpg,nprm_published,False,"The Trump administration has announced a proposal that would change how long international students, exchange visitors, and foreign journalists can stay in the United States. The government says the new rules will strengthen oversight and prevent misuse of visas, but critics warn it could discourage students and affect higher education.
Since 1978, student (F visa) and exchange (J visa) holders have been admitted for what is called “duration of status.” This system allows them to stay in the US for as long as they remain enrolled in a program or on an exchange, without having to reapply for new approvals.
The new proposal would replace that with fixed visa terms. Students and exchange visitors would be given visas lasting up to four years, while foreign journalists (I visas) would be capped at 240 days. Chinese nationals on journalist visas would face an even stricter cap of 90 days.
If anyone needs to stay longer, they would have to apply for an extension through US Citizenship and Immigration Services (USCIS). This would give the Department of Homeland Security (DHS) more chances to review applications and monitor visa holders.
Why is Trump administration making this change?
Officials argue that the current system makes it too easy for people to stay in the country indefinitely. They claim some have become “forever students” by enrolling in one program after another without new vetting.
“For too long, past administrations have allowed foreign students and other visa holders to remain in the US virtually indefinitely, posing safety risks, costing untold amounts of taxpayer dollars, and disadvantaging US citizens,” a DHS spokesperson said.
“This new proposed rule would end that abuse once and for all by limiting the amount of time certain visa holders are allowed to remain in the US, easing the burden on the federal government to properly oversee foreign students and their history.”
According to DHS, the fixed-term system would also improve monitoring through the Student and Exchange Visitor Program (SEVP) and the Student and Exchange Visitor Information System (SEVIS).
How many people will be affected?
Government data shows that in 2024 there were about 1.6 million F visa students in the US. In addition, there were 355,000 exchange visitors and 13,000 foreign journalists.
Any change in visa rules would directly affect these groups, many of whom contribute to US universities, research, and cultural exchange programs.
Why are critics concerned?
Opponents of the plan say it could hurt the US education system and damage the country’s reputation as a destination for international students. They argue that extra paperwork and uncertainty about extensions may push students to choose universities in other countries.
A similar proposal was made in 2020 during Trump’s first term, but it was withdrawn in 2021 under the Biden administration after strong opposition from universities, business leaders, and international education groups.
Part of a larger immigration push
The visa proposal is one of several recent moves by the Trump administration to tighten legal immigration. Other steps have included stricter reviews of student visas, revoking green cards for ideological reasons, ending protections for some migrants, and resuming neighbourhood checks on naturalisation applicants to verify residency and “commitment to American ideals.”
What happens next?
The new proposal has entered a 30-day public comment period. If finalised, it would be one of the most significant immigration policy changes of Trump’s second term, reshaping the rules for students, scholars, and journalists around the world.
Discover the latest Business News, Budget 2025 News, Sensex, and Nifty updates. Obtain Personal Finance insights, tax queries, and expert opinions on Moneycontrol or download the Moneycontrol App to stay updated!",wayback 20250828090852,https://images.moneycontrol.com/pdffiles/IS-739420-I.pdf,3860.0,False
nprm_published,20250828T091500Z,Trump admin plans to impose 4 - year limits for foreign students studying in US,https://www.yahoo.com/news/articles/trump-admin-plans-impose-4-062742697.html,yahoo.com,English,United States,https://s.yimg.com/ny/api/res/1.2/bgvmUlD9abz1GOpJbx5kJw--/YXBwaWQ9aGlnaGxhbmRlcjt3PTEyMDA7aD02NzU7Y2Y9d2VicA--/https://media.zenfs.com/en/fox_news_text_979/5587293ec639eb1002bc4ddd9346115a,nprm_published,False,"The Trump administration on Wednesday announced a proposed rule to limit the length of time international students can remain in the U.S. for their studies to four years.
If finalized, the proposed rule set to be published on Thursday would limit how long certain visa holders, including foreign students, are allowed to stay in the U.S., according to a press release from the Department of Homeland Security, which said the proposal seeks to curb ""visa abuse"" and increase the agency's ability to ""properly vet and oversee these individuals.""
The agency said foreign students have ""taken advantage of U.S. generosity"" and become ""forever students"" by remaining enrolled in colleges so they could stay in the U.S.
""For too long, past Administrations have allowed foreign students and other visa holders to remain in the U.S. virtually indefinitely, posing safety risks, costing untold amount of taxpayer dollars, and disadvantaging U.S. citizens,"" a DHS spokesperson said in a statement.
""This new proposed rule would end that abuse once and for all by limiting the amount of time certain visa holders are allowed to remain in the U.S., easing the burden on the federal government to properly oversee foreign students and their history,"" the spokesperson continued.
Since 1978, foreign students, or F visa holders, have been allowed to remain in the U.S. for their ""duration of status,"" which means the time they were enrolled as a full-time student. The proposed rule would allow foreign students and exchange visitors to stay in the country up to the duration of the program they are participating in, although the federal government would not permit it to exceed four years, which is typically less time than it takes to pursue any additional education beyond a bachelor's degree.
In addition to students, the proposed rule would set the initial admission period for foreign journalists at up to 240 days, although they may seek an extension of up to another 240 days, but no longer than the length of their assignment.
Requiring regular assessments by DHS for foreigners to remain in the U.S. for a longer period would allow the agency to conduct ""proper oversight"" and reduce the number of people in the country on visas, the press release said.
House Democrats Call On Rubio To Allow Injured Children From Gaza Into Us Following Visa Halt
Foreign students, notably, typically pay more tuition and receive fewer scholarship opportunities, meaning the proposed rule may have a financial impact on U.S. colleges if it leads to a dip in international enrollment.
""It will certainly act as an additional deterrent to international students choosing to study in the United States, to the detriment of American economies, innovation, and global competitiveness,"" Fanta Aw, executive director and CEO of NAFSA: Association of International Educators, said in a statement to POLITICO.
Original article source: Trump admin plans to impose 4-year limits for foreign students studying in US",wayback 20250828090808,,2984.0,False
nprm_published,20250828T104500Z,How the new US visa rule on  fixed periods of stay  could impact international students,https://economictimes.indiatimes.com/nri/study/how-the-new-us-visa-rule-on-fixed-periods-of-stay-could-impact-international-students/articleshow/123560797.cms,economictimes.indiatimes.com,English,India,"https://img.etimg.com/thumb/width-1200,height-900,imgsize-129580,resizemode-75,msid-123560797/nri/study/us-student-visa-how-the-new-us-visa-rule-on-fixed-periods-of-stay-could-impact-international-students.jpg",nprm_published,False,"The US Department of Homeland Security (DHS) has proposed a new rule that could bring an end to the “duration of status” system for foreign students. If approved, those on F visas would no longer be able to stay in the US for the full length of their academic program without filing for an extension. Instead, they would be admitted for a fixed period of up to four years, after which they must apply to US Citizenship and Immigration Services (USCIS) for more time.
Currently, students can continue their stay as long as their program runs, with universities able to extend it by issuing an updated Form I-20. The new system would remove this flexibility and require fresh applications, biometric submissions, and USCIS review if programs last longer than the fixed period.
New 'fixed period of stay' limit for visas
For F-1 students, the maximum stay would be four years, including optional practical training, followed by a 30-day grace period. This is shorter than the current 60-day grace period. English language students would be allowed a maximum of 24 months, while public high school students would be limited to 12 months, as reported by Fragomen.
The rule also restricts changes in academic programs. Undergraduate F-1 students would not be allowed to switch majors during their first year except in special cases. Graduate students would not be able to change their program or level of study at all.
Students could also face risks if they travel while an extension application is pending, as it may be treated as an abandoned request. The proposal further states that past visa rulings will not be given deference, which could result in more scrutiny and denials even for repeat applicants.
Consequences on staying beyond visa period
Currently, unlawful presence for F visa holders begins only when immigration authorities find a violation. Under the new rule, unlawful presence would start immediately after the fixed admission period ends. This would increase the risk of overstaying, as even short delays could trigger re-entry bans of three or ten years.
The removal of deference to earlier approvals means that even students who had their extensions approved in the past could face more questions, additional paperwork, and possible denials in the future. This adds uncertainty to study plans and increases administrative challenges.
What this means
If implemented, the rule will bring more paperwork, higher costs, and possible delays for students and universities. Academic institutions are expected to raise concerns during the 30-day public comment period, as the changes could affect the US higher education sector’s ability to attract and retain international students.
Other changes to US visa rules in 2025
Starting October 1, 2025, most applicants for US non-immigrant visas, including student (F, J, M), work, and visitor visas will be required to pay an additional $250 “Visa Integrity Fee,” adding significantly to the cost of visa application.
This came on top of stricter screening rules, applicants for academic or exchange visas (F, M, J) must make their social media profiles public and disclose usernames from the past five years. Consular officers may review posts and activity as part of the vetting process.
Also, interview waivers will be restricted, from September 2, 2025, more applicants, including renewals, will be required to appear in person at consulates or embassies, increasing travel and scheduling challenges.
Currently, more than 330,000 Indians are enrolled in US universities, comprising about 30% of the overseas students in the country.
 Currently, students can continue their stay as long as their program runs, with universities able to extend it by issuing an updated Form I-20. The new system would remove this flexibility and require fresh applications, biometric submissions, and USCIS review if programs last longer than the fixed period.
New 'fixed period of stay' limit for visas
For F-1 students, the maximum stay would be four years, including optional practical training, followed by a 30-day grace period. This is shorter than the current 60-day grace period. English language students would be allowed a maximum of 24 months, while public high school students would be limited to 12 months, as reported by Fragomen.
The rule also restricts changes in academic programs. Undergraduate F-1 students would not be allowed to switch majors during their first year except in special cases. Graduate students would not be able to change their program or level of study at all.
Students could also face risks if they travel while an extension application is pending, as it may be treated as an abandoned request. The proposal further states that past visa rulings will not be given deference, which could result in more scrutiny and denials even for repeat applicants.
Consequences on staying beyond visa period
Currently, unlawful presence for F visa holders begins only when immigration authorities find a violation. Under the new rule, unlawful presence would start immediately after the fixed admission period ends. This would increase the risk of overstaying, as even short delays could trigger re-entry bans of three or ten years.
The removal of deference to earlier approvals means that even students who had their extensions approved in the past could face more questions, additional paperwork, and possible denials in the future. This adds uncertainty to study plans and increases administrative challenges.
What this means
If implemented, the rule will bring more paperwork, higher costs, and possible delays for students and universities. Academic institutions are expected to raise concerns during the 30-day public comment period, as the changes could affect the US higher education sector’s ability to attract and retain international students.
Other changes to US visa rules in 2025
Starting October 1, 2025, most applicants for US non-immigrant visas, including student (F, J, M), work, and visitor visas will be required to pay an additional $250 “Visa Integrity Fee,” adding significantly to the cost of visa application.
This came on top of stricter screening rules, applicants for academic or exchange visas (F, M, J) must make their social media profiles public and disclose usernames from the past five years. Consular officers may review posts and activity as part of the vetting process.
Also, interview waivers will be restricted, from September 2, 2025, more applicants, including renewals, will be required to appear in person at consulates or embassies, increasing travel and scheduling challenges.
Currently, more than 330,000 Indians are enrolled in US universities, comprising about 30% of the overseas students in the country.
(Join our ETNRI WhatsApp channel for all the latest updates)",direct,,6782.0,False
nprm_published,20250828T104500Z,How the new US visa rule on  fixed periods of stay  could impact international students,https://economictimes.indiatimes.com/nri/study/us-student-visa-how-the-new-us-visa-rule-on-fixed-periods-of-stay-could-impact-international-students/articleshow/123560797.cms,economictimes.indiatimes.com,English,India,"https://img.etimg.com/thumb/width-1200,height-900,imgsize-129580,resizemode-75,msid-123560797/nri/study/us-student-visa-how-the-new-us-visa-rule-on-fixed-periods-of-stay-could-impact-international-students.jpg",nprm_published,True,,,,,False
nprm_published,20250828T120000Z,US To Cap Student Visas at 4 Years ? What It Means for Foreign Students & Economy,https://www.sakshipost.com/news/international/us-cap-student-visas-4-years-what-it-means-foreign-students-economy-445810,sakshipost.com,English,India,https://www.sakshipost.com/sites/default/files/article_images/2025/08/28/visa.jpg%20%281%29-1756377853.jpg,nprm_published,False,"US To Cap Student Visas at 4 Years? What It Means for Foreign Students & Economy
In its latest crackdown on illegal immigration, the US government has proposed new rules regulating the stay period for international students and exchange visitors holding F visas.
The Department of Homeland Security (DHS) announced the proposal on Wednesday, stating it will be formally published on Thursday.
Since 1978, students on F visas have been permitted to stay for the “duration of status,” meaning they could remain in the US as long as they were enrolled full-time in an academic program. Under the new plan, admission would be limited to the length of a student’s program, capped at four years.
Officials said the rule is intended to stop individuals from staying indefinitely under student status, which they argue creates safety risks, costs taxpayers heavily, and disadvantages American citizens.
The proposal seeks to end visa abuse by restricting how long certain visa holders can remain in the US, thereby reducing the federal government’s burden in monitoring foreign students and their history.
In 2024, government data recorded about 1.6 million foreign students on F visas in the US along with 355,000 exchange visitors.
The move has raised concerns among study-abroad aspirants, with education advocates cautioning that the rule could create hurdles for international students. Experts warned that shorter visa terms may deter applicants and push them toward alternative destinations, potentially harming US economic interests.
A recent NAFSA–JB International study found that a 30%-40% drop in foreign student enrollments for August-September could mean $7 billion in lost revenue and over 60,000 jobs.
NAFSA, the world’s largest nonprofit for international education and student exchange, highlighted that US universities admitted 1,126,690 foreign students in 2022-23, generating $43.83 billion and 378,175 jobs. In 2024-25, this rose to 1,185,841 students, $46.13 billion in revenue, and 398,029 jobs. But if enrollments fall 15%, admissions would shrink to 1,007,965, revenue would decline to $39.21 billion, and jobs created would drop to 338,325.",direct,,2159.0,False
nprm_published,20250828T121500Z,New visa proposal could create more uncertainty for Indian students in the US ; Here how,https://www.businesstoday.in/nri/visa/story/new-visa-proposal-could-create-more-uncertainty-for-indian-students-in-the-us-heres-how-491469-2025-08-28,businesstoday.in,English,India,https://akm-img-a-in.tosshub.com/businesstoday/images/story/202508/68b03fbd26a2d-stricter-us-visa-rules-under-trump-raise-fears-for-indian-students-future-283831497-16x9.jpg,nprm_published,False,"Limits for F-1 students
The proposed rule outlines new duration limits for F-1 students, with a maximum stay of four years, which includes optional practical training (OPT), and a reduced grace period of just 30 days. Currently, students are allowed 60 days after their program ends.
Meanwhile, English language students would have a maximum stay of 24 months, and public high school students would be limited to only 12 months. This change marks a significant shift, as it eliminates the flexibility of the ""duration of status"" system, placing more pressure on international students to apply for extensions in a more formal, rigid process.
Changes in academic programs
The proposal also introduces stricter rules regarding changes in academic programs. Undergraduate students would not be allowed to switch majors during their first year, except in special cases, while graduate students could not change their program or level of study at all.
Additionally, students who travel while an extension request is pending may face complications, as such travel could be considered abandonment of their extension request, risking delays or denials.
One of the most concerning aspects of this rule is the immediate initiation of ""unlawful presence"" for students once their fixed stay period ends. This could increase the risk of overstaying and lead to re-entry bans ranging from three to ten years.
The new rule also eliminates the deference to previous visa approvals, meaning students who have had their extensions approved in the past may face additional scrutiny and paperwork, leading to uncertainty for future applicants.
The proposed changes could have significant implications for US higher education institutions, which have long relied on international students.
The additional administrative burden, combined with the higher costs for students, could potentially affect the US’s ability to attract and retain talent from abroad, including from countries like India, which accounts for around 30% of the U.S.'s international student population.
The 30-day public comment period, which will allow universities and concerned stakeholders to voice their opinions, will likely shed more light on the impact of this change.",direct,,2224.0,False
nprm_published,20250828T140000Z,Trump Deals A New Immigration Blow To International Students,https://www.forbes.com/sites/stuartanderson/2025/08/28/trump-deals-a-new-immigration-blow-to-international-students/,forbes.com,English,United States,"https://imageio.forbes.com/specials-images/imageserve/68afd844b0ca1a96e8f0b264/0x0.jpg?format=jpg&crop=1809,1017,x0,y9,safe&fit=bounds",nprm_published,False,"The Trump administration has proposed a new rule to limit international students to fixed periods of entry, making enrolling at U.S. universities more precarious. Educators warn that if Trump officials finalize the rule, fewer international students will come to America.
The regulation represents the most recent action by the Trump administration restricting international students as part of a controversial approach to immigration reform. U.S. Customs and Border Protection’s immigration data for July 2025 showed a significant decline in the arrival of international students compared to the same period a year earlier, including a drop of almost 50% for students from India.
The proposed rule includes a measure that will encourage adjudicators to question and investigate facts that were not in dispute on a previously approved application. During Donald Trump’s first term, that policy increased costs for employers by requiring them to respond to new requests for information. It also resulted in more denials on H-1B filings for existing employees seeking an extension.
White House Deputy Chief of Staff Stephen Miller and U.S. Citizenship and Immigration Services Director Joseph Edlow have both indicated they do not want international students to remain and work in the United States after completing their coursework. The proposed rule has a 30-day comment period. Barring litigation blocking the rule, it is expected to become final before the fall 2026 academic year.
The New Immigration Rule Will Establish Fixed Admission Periods For Students
On August 28, the Department of Homeland Security published a proposed rule to eliminate “duration of status” for F-1 students and J-1 exchange visitors. Currently, international students can remain in lawful status as long as they are pursuing an academic program toward completion, and can, for example, transition from undergraduate to graduate studies. The new rule would replace that policy, with limited exceptions, by establishing a fixed four-year period for F-1 and J-1 visa holders. The rule also limits the period of stay for “foreign information media” on I visas. Language training students are limited to an aggregate 24-month period of stay.
The four-year limit will likely be insufficient for many international students. The National Center for Education Statistics reports a median of 52 months (4.3 years) for completing a bachelor’s degree. The National Science Foundation reports a median of 5.7 years for completing a Ph.D.
Current international students will be allowed to remain in duration of status but cannot exceed four years from the date the rule becomes final without seeking an extension of status, or EOS. The same will apply to J-1 exchange visitors. “For example, J-1 research scholars and alien physicians who have program end dates for up to 5 or 7 years respectively, would need to apply for an EOS before the 4-year maximum period of stay expires, i.e., the date that falls 4 years after the rule becomes effective,” according to the Department of Homeland Security.
“F and J nonimmigrants [temporary visa holders] who depart the United States after the rule’s effective date and before the end date reflected on their Form I-20 or DS-2019 may be admitted with a new fixed admission period, like any other newly admitted F or J nonimmigrant,” says the new DHS documentation.
Immigration lawyer Dan Berger of Green & Spiegel told me in an interview that he advises international students to keep track of their I-94 record, which includes the date of expiration of a student’s status. That will become far more significant if the rule becomes final. International students would be allowed 30 days to depart from the date they complete their coursework, authorized practical training or four-year maximum admission period, or the end date of Optional Practical Training or STEM OPT. Unlawful presence could begin accruing without such a departure.
Berger notes that, under the rule, a student’s ability to transfer to a new school in the first year of a program or to another graduation program will become limited. Under the proposed rule, “An F-1 student at any level below the graduate degree level may not change programs or educational objectives, i.e. programs, majors, or educational levels, within the first academic year of a program of study, unless an exception is authorized.""
Some of the circumstances that may be approved for exceptions include a school closure or a school’s prolonged inability to hold in-person classes due to a natural disaster or other causes, like a pandemic. Otherwise, “an F-1 student at the graduate degree level or above may not change programs at any point during a program of study,” the new DHS policy states.
According to the proposed rule, “An alien who has completed a program in the United States as an F-1 nonimmigrant at one educational level may not maintain, be admitted, or otherwise be provided F-1 status through a program at the same educational level or a lower educational level.”
Immigration Rule Will Affect OPT And STEM OPT
The proposed rule will affect how international students obtain the ability to work on Optional Practical Training and STEM OPT. “Now, OPT and STEM OPT are considered part of being in F-1 status. There is an application for a work card, but no application to extend F-1 status to participate in OPT or STEM OPT,” said Berger.
That process will change once DHS finalizes the rule. “Under the proposed rule, F-1 students will have to file for an extension of F-1 status to be eligible for OPT,” said Berger. “People on OPT would have to file an extension of F-1 status to get the STEM OPT extension. This adds more delay and expense. USCIS is already reviewing the SEVIS record and F-1 status in the work card application.”
People working on OPT or STEM OPT before the rule becomes final will not have to file for an extension of stay to remain on OPT or STEM OPT.
OPT and STEM OPT programs escaping more significant restrictions in this rule do not mean they are safe from future regulatory action. Edlow, the new director of USCIS, has said in a press statement that he hopes to end the ability of international students to work on Optional Practical Training after completing their coursework.
Immigration Officials Change Deference Policy
During U.S. President Donald Trump’s first term, USCIS ended deference to prior findings of fact for adjudications, which contributed to a dramatic increase in Requests for Evidence and a significant rise in denials for H-1B extensions. This led to many longtime employees of companies leaving the United States when USCIS adjudicators rejected their H-1B applications. The H-1B rule finalized by the Biden administration in December 2024 codified deference and, at the time, attorneys and employers viewed it as a way to improve USCIS operations and prevent a future administration from upending business immigration. The Trump administration has other ideas.
Trump officials included in the proposed rule on duration of status a sneak attack that eliminates the deference provision by cloaking the significant change in bureaucratic language.
As Nancy Morowitz of Fragomen told me in an interview, the current 8 CFR 214.1(c)(5) with the discretion language states: “Deference to prior USCIS determinations of eligibility. When adjudicating a request filed on Form I-129 involving the same parties and the same underlying facts, USCIS gives deference to its prior determination of the petitioner’s, applicant's, or beneficiary's eligibility. However, USCIS need not give deference to a prior approval if: there was a material error involved with a prior approval; there has been a material change in circumstances or eligibility requirements; or there is new, material information that adversely impacts the petitioner's, applicant's, or beneficiary's eligibility.”
That section would be replaced with the proposed: “(5) Decisions for extension of stay applications. Where an applicant or petitioner demonstrates eligibility for a requested extension, it may be granted at USCIS's discretion. The denial of an application for extension of stay may not be appealed.”
The regulatory preamble in the proposed rule masks this alteration by characterizing it as a minor technical change related to forms. The preamble reads: “Like the technical updates to strike the specific form name from 8 CFR 214.1(c)(2), DHS is proposing to strike the references to Forms ‘I-129’ and ‘I-539’ in 8 CFR 214.1(c)(5), replacing those specific form numbers with the aforementioned general language. See proposed 8 CFR 214.1(c)(5). The substance of that provision, including the language that does not allow an alien to appeal an EOS denial would remain the same.”
The change may lead many employers to conclude that USCIS in the second Trump administration will look a great deal like it did in Trump’s first term.
Immigration Rule Provides Limited Exceptions To Extend Stays
The proposed rule allows international students to obtain an extension of stay. However, educators worry about the additional cost, delays and uncertainty the new policy will bring. “USCIS may grant an extension of stay to an F-1 student who has maintained his or her F-1 status, but who is unable to complete his or her program by the end of his or her authorized period of admission,” the proposed rule states.
The rule lists three valid reasons for obtaining an extension. First, “A compelling academic reason, such as a change of major or research topic or unexpected research problems.” That would include “unexpected research problems,” such as a change in a faculty advisor or funding delays. “Delays including, but not limited to, those caused by academic probation or suspension or a student’s repeated inability or unwillingness to complete his or her course of study are not acceptable reasons for an extension.”
A second reason: “A documented illness or medical condition that is a compelling medical reason, such as a serious injury, that is supported by medical documentation.” A third valid reason for an extension: “Circumstances beyond the student’s control, including a natural disaster, national health crisis, or the closure of an institution.”
Berger said he thinks the rule ignores that not all students come in with the same level of preparation, and some require more time to find their way in higher education.
“With this new proposed rule, academic probation may lead to the end of the student’s ability to gain a degree, since that is considered a valid reason to take longer to finish a degree,” according to Berger. He said American schools differ from schools in many other countries because U.S. schools give second chances.
National Security Cited To Justify An Expansive Immigration Rule
DHS cites national security benefits to justify a potential sea-change in how international students attend U.S. universities: “DHS expects this proposed rule to have qualitative benefits for national security by providing DHS additional opportunities to evaluate whether F, J, and I nonimmigrants are complying with their status requirements, or if they present a national security concern.”
In the section on the need for rulemaking, DHS cites five cases of Chinese nationals who entered on J-1 visas, whose actions, the department believes, represented national security threats. DHS places significant confidence in the extension approval process to protect against threats. “As with F nonimmigrants, setting the length of the J nonimmigrant’s specific program to not exceed a 4-year period would establish a mechanism for immigration officers to assess these nonimmigrants at defined periods (such as when applying for an EOS in the United States beyond a 4-year admission period) and determine whether they are complying with the conditions of their classification,” according to DHS. “This will increase vetting of the J nonimmigrant population, which can help to prevent and deter nefarious actors.”
Elizabeth Neumann, former assistant secretary for counterterrorism and threat prevention at the Department of Homeland Security during Donald Trump’s first term, told me in an interview that she believes there are legitimate issues with student and exchange visitor visas. However, she is unsure the proposed rule is the best way to address them. “It seems like they’re trying to focus on national security as a justification for what is really a policy preference,” Neumann told me. “If I had to characterize this action, I would say there are legitimate needs to strengthen the student visa programs to prevent fraud and protect national security, but it might be possible to do so through other, more narrow means.”
DHS has the authority to check any individual F-1 or J-1 visa holder. If there are particular concerns about visa holders from specific countries or working in certain areas, a focused and likely more effective approach would be for DHS or the FBI to increase checks on those individuals based on the information the agencies received, rather than subjecting all international students and J-1 visa holders to new restrictions.
DHS also cites longtime students to justify the rule. “DHS has identified over 2,100 aliens who first entered as F-1 students between 2000 and 2010 and remain in active F-1 status as of April 6, 2025.” A total of 2,100 aliens would equal 0.067% of the estimated 3.1 million people who may have entered the United States as F-1 students on visas between 2000 and 2010. The proportion indicates that, to the extent DHS believes it must address this group of students, it could direct resources at that population rather than impose a far-reaching policy that could negatively affect the other 99.93% of international students. DHS does not allege these 2,100 students have violated the law but rather “the spirit of the law.” (Given DHS record-keeping issues, not all these students may be in F-1 student status today.)
Educators Expect The Immigration Rule To Reduce International Student Enrollment
Education organizations oppose the proposed rule, expressing concerns about its impact on international student enrollment. “The proposed rule is yet another unnecessary and counterproductive action aimed against international students and scholars,” said Miriam Feldblum, president and CEO of the Presidents’ Alliance on Higher Education and Immigration, in a press statement. She believes that by forcing students to submit additional applications, the rule would impose significant burdens on students, colleges and universities, and USCIS, which already has extensive immigration backlogs. “If finalized, this rule would create additional uncertainty, intrude on academic decision-making, increase bureaucratic hurdles and risk deterring international students, researchers and scholars from coming to the United States.”
Some educators even view the proposed rule as an example of government overreach. “The proposal represents a dangerous overreach by government into academia, as it would give USCIS oversight over decisions that have long been the domain of academia, including changes to a student’s course of study and to their level of study,” said Fanta Aw, Executive Director and CEO of NAFSA: Association of International Educators, in a statement. “International students and exchange visitors are already rigorously tracked in the SEVIS database and are the most closely monitored nonimmigrants in the country.”
Critics of the policy believe these measures will harm the already ailing academic job market and reduce American innovation by deterring foreign researchers and students from coming to the United States. The negative impact on American competitiveness could have long-term implications.
“Government interference into the academic realm in this way introduces a wholly unnecessary and new level of uncertainty to international student experience in the United States as degree completion is now highly unpredictable,” said Aw.",wayback 20260917022145,https://www.federalregister.gov/documents/2025/08/28/2025-16554/establishing-a-fixed-time-period-of-admission-and-an-extension-of-stay-procedure-for-nonimmigrant,16009.0,False
nprm_published,20250828T151500Z,Trump DHS Cracks Down On  Forever Student  Visa Abuse,https://dailycaller.com/2025/08/28/trump-dhs-cracks-down-on-forever-student-visa-abuse/,dailycaller.com,English,United States,"https://images.dailycaller.com/image/width=1280,height=549,fit=cover,format=webp,f=auto/https://cdn01.dailycaller.com/wp-content/uploads/2025/08/GettyImages-2227165928-1-scaled-e1756387201938.jpg",nprm_published,False,"The Department of Homeland Security (DHS) rolled out a new rule on Thursday limiting how long foreign students can remain in the country, closing a loophole that officials say has allowed some foreign nationals to become “forever students.”
For decades, foreign students on F class visas were permitted to stay for the “duration of status,” essentially meaning as long as they were enrolled in higher education courses. The proposed rule follows President Donald Trump’s decision on Monday to allow 600,000 students from China to enroll at American universities, drawing backlash from many of his supporters.
DHS officials argue that the proposed rule addresses an open-ended policy that has been abused, with some foreign nationals stretching their student status beyond reasonable limits.
“For too long, past Administrations have allowed foreign students and other visa holders to remain in the U.S. virtually indefinitely, posing safety risks, costing untold amount of taxpayer dollars, and disadvantaging U.S. citizens,” said a DHS spokesperson. “This new proposed rule would end that abuse once and for all by limiting the amount of time certain visa holders are allowed to remain in the U.S., easing the burden on the federal government to properly oversee foreign students and their history.” (RELATED: Chinese-Born Republican Candidate Lily Tang Williams Warns Letting In Chinese Students ‘Not A Good Idea’)
The proposed rule would cap the length of stay at the duration of the academic program, but not beyond four years. After that, students would have to reapply to remain in the U.S., allowing DHS to review their cases regularly.
The rule was originally introduced in 2020 under the first Trump administration but was withdrawn by the Biden administration in 2021, according to DHS.
On Monday, Trump announced plans to allow 600,000 Chinese students to study in the U.S., marking what some have described as a reversal from the administration’s earlier policy moves.
Secretary of State Marco Rubio in May announced that the State Department would begin “aggressively” revoking visas from Chinese students, including those with connections to the Chinese Communist Party. Additionally, Trump signed a proclamation in June aimed at blocking Harvard University from admitting new international students under the Visa program, citing national security concerns.
Recent incidents on U.S. campuses have heightened concerns about Chinese espionage, notably at the University of Michigan, where two Chinese nationals were arrested in June for allegedly smuggling biological materials into the country.
DHS declined the Daily Caller News Foundation’s request for further comment.",direct,https://www.dhs.gov/news/2025/08/27/trump-administration-proposes-new-rule-end-foreign-student-visa-abuse | https://www.federalregister.gov/documents/2025/08/28/2025-16554/establishing-a-fixed-time-period-of-admission-and-an-extension-of-stay-procedure-for-nonimmigrant,2684.0,False
nprm_published,20250828T154500Z,US proposes visa time limit rule to end  abuse  of system,https://thepienews.com/us-proposes-visa-time-limit-rule-to-end-abuse-of-system/,thepienews.com,English,United Kingdom,https://thepienews.b-cdn.net/wp-content/uploads/2025/08/iStock-US-visa-time-limits.jpg,nprm_published,False,"The proposed rule, announced by the Department of Homeland Security (DHS) on August 27, would upend the longstanding “duration of status” policy and enforce additional restrictions on students changing programs and institutions.
If finalised, the new rule would limit the length of time international students, professors and other visa holders can stay in the US, which DHS claims would curb “visa abuse” and increase the department’s “ability to vet and oversee these individuals”.
Trump initially put forward the proposal during his first administration, only for it to be withdrawn under Biden. In recent weeks, a rehashed version of the plans has been moving closer towards final approval.
Yesterday’s publication of the finalised proposal in the Federal Register was met with immediate denunciation by stakeholders who say it would place an undue administrative burden on students as well as representing a “dangerous government overreach”. Now the proposal is under a 30-day public comment period.
“These changes will only serve to force aspiring students and scholars into a sea of administrative delays at best, and at worst, into unlawful presence status – leaving them vulnerable to punitive actions through no fault of their own,” said NAFSA CEO Fanta Aw.
Under the rule, students could only remain in the US on a student visa for a maximum of four years and would have to apply for a DHS extension to stay longer.
The policy document reasons that 79% of students in the US are studying undergraduate or master’s degrees which are generally two or four-year programs, thus: “a four-year period of admission would not pose an undue burden to most nonimmigrant students”.
And yet, stakeholders have previously pointed out that the average time taken to complete an undergraduate degree – for both domestic and international students – exceeds four years, meaning that the majority of students would have to file for an extension to complete their studies.
Meanwhile, this reasoning does not consider postgraduate students on longer programs or the many students that go onto Optional Practical Training (OPT), who would have to apply for a visa extension as well as the work permit itself.
If finalised, master’s students would no longer be able to change their program of study, and first year students would be unable to transfer from the institution that issued their visa documents.
Alarmingly, the rule would hand power to the government to determine academic progress, with “a student’s repeated inability or unwillingness” to complete their degree, deemed an “unacceptable” reason for program extensions.
It would also limit English-language students to a visa period of less than 24 months, and the grace period for F-1 students, post-completion, would be reduced from 60 to 30 days.
Such far reaching provisions amount to “a dangerous overreach by government into academia,” said Aw, pointing out that international students and exchange visitors are already “the most closely monitored non-immigrants in the country.”
Government interference into the academic realm in this way introduces a wholly unnecessary and new level of uncertainty to international student experience
Fanta Aw, NAFSA
“For too long, past administrations have allowed foreign students and other visa holders to remain in the US virtually indefinitely, posing safety risks, costing untold amount of taxpayer dollars, and disadvantaging US citizens,” DHS said in a statement.
Framing the issue as one of national security, the department said it had identified 2,100 F-1 visa holders who arrived between 2000 and 2010 and have remained in status, becoming what DHS called “forever” students “taking advantage of US generosity”.
Putting this in perspective, commentators have highlighted that in 2023 alone there were 1.6 million F-1 visa holders in the US.
As well as imposing significant burdens on students and intruding on academic decision-making, the proposal would also place strain on federal agencies and increase the existing immigration backlog, warned Miriam Feldblum, CEO of the Presidents’ Alliance on Higher Education and Immigration.
“International students deserve assurance that their admission period to the US will conform to the requirements of their academic programs,” said Feldblum, issuing a grave warning that the rule would further deter international students and “diminish” US competitiveness.
“At a time when the US is already facing declines in international student enrolment, we must do everything we can to keep the door open to these individuals, who are essential to our future prosperity,” she continued, alluding to recent falls in US visa issuance.
Since coming to office, a barrage of hostile policies from the Trump administration have erected unprecedented barriers for students hoping to study in the US, with a near-month long visa interview suspension earlier this summer still wreaking havoc on visa appointment availability around the world.
The latest government data revealed a 30% drop in student arrivals this July, with colleges bracing for a drastic drop in international student numbers for the upcoming year. If the decline continues, experts have warned of USD $7bn in damages to the US economy.
According to Aw, the proposed rule would “certainly” deter international students further, “without any evidence that the changes would solve any of the real problems that exist in our outdated immigration system”.
Appealing to Trump’s recent remarks pushing for a more-than doubling of the Chinese student population in the US, Aw urged the government to engage with the sector to ensure the US remained the “premier destination” for global talent while keeping the country “safe and prosperous”.",direct,https://public-inspection.federalregister.gov/2025-16554.pdf | https://www.dhs.gov/news/2025/08/27/trump-administration-proposes-new-rule-end-foreign-student-visa-abuse | https://www.federalregister.gov/documents/2025/08/28/2025-16554/establishing-a-fixed-time-period-of-admission-and-an-extension-of-stay-procedure-for-nonimmigrant,5738.0,False
nprm_published,20250828T164500Z,F - 1 visa : Students to face stricter rules on transfers and post - study stay in US,https://americanbazaaronline.com/2025/08/28/f-1-visa-students-to-face-stricter-rules-on-transfers-and-post-study-stay-in-us-466826/,americanbazaaronline.com,English,United States,https://americanbazaaronline.com/wp-content/uploads/2025/07/EB-3-and-EB-5.png,nprm_published,False,"International students heading to the United States for higher education are facing a new hurdle as part of updated visa and university policies. Under the changes, newly admitted students on F-1 visa will be required to complete at least one full year at their initial institution before they can transfer to another university, limiting flexibility and altering plans for those hoping to switch schools early in their academic journey.
The new rule is set to take full effect within the next one to two months and will primarily impact students who typically begin their studies in the U.S. during the fall semester in August.
The updated rules also prevent students from pursuing multiple degrees at the same level like consecutive master’s programs without leaving the U.S. and reapplying for a new visa. Graduate students will no longer have the option to switch programs or universities after arriving in the U.S. They are required to remain enrolled at the institution listed on their I-20 form at the time their visa was approved.
READ: Trump welcomes 600,000 Chinese students, fueling immigration, ‘America First’ debate (
Another significant update affects the post-OPT period. Students completing their Optional Practical Training (OPT) will now have only 30 days to stay in the U.S. after their authorization expires, down from the previous 60 days.
Nishidhar Reddy Borra of Atlas Consultancy, a leading foreign education consultant in Hyderabad, India, noted that many Indian students often apply to top-tier universities with higher fees to simplify visa approval, only to transfer to smaller, lower-cost schools once in the U.S. He added that such practices will now be permanently curtailed, as per The Hindu.
Perhaps the most notable change is the new limit on F-1 visa validity. Rather than being granted for the entire “duration of status” as before, F-1 visas will now be valid for a maximum of four years. Students who exceed this period will need to leave the U.S. and obtain a new visa to return. This also affects those moving from bachelor’s to master’s and then to PhD programs, who may now have to secure fresh visas at each stage of their studies.
READ: ‘Our college system would go to hell’: Trump says as international student arrivals decline (
The new rules are likely to make the U.S. a more restrictive destination for international students, particularly from India. Already, recent immigration data shows a noticeable drop in the number of students arriving this year. With tighter limits on transfers, shorter OPT grace periods, restrictions on pursuing multiple degrees, and a four-year cap on F-1 visas, many students may rethink their plans or seek alternatives in other countries. These changes could reduce the flexibility and appeal that the U.S. has traditionally offered, potentially leading to a further decline in applications and enrollments.
Again, such policy updates are a sharp contradiction to what the president recently said. He mentioned that he likes international students coming to the United States. “I like that their students come here. I like that other countries’ students come here.’’ Trump stated in a video recently shared by Reuters. Also, the fact that without international students, U.S. colleges and universities will suffer was highlighted in that video.",direct,,3327.0,False
nprm_published,20250828T171500Z,"Trump Administration Proposes New Rule Limiting Nigerians , Other Foreign Students To Four - Year Stay In U . S . ",https://saharareporters.com/2025/08/28/trump-administration-proposes-new-rule-limiting-nigerians-other-foreign-students-four,saharareporters.com,English,Nigeria,,nprm_published,False,"It added that some students have ""taken advantage of U.S. generosity"" and become “forever” students by staying enrolled in colleges to prolong their residence.
The Trump administration has unveiled a proposal that would restrict the length of time international students can remain in the United States for their studies.
According to the Department of Homeland Security (DHS), the regulation, which is expected to be published on Thursday, would impose a four-year cap on student visas and other categories of temporary admissions.
According to Fox News, the DHS said the proposal is part of efforts to curb ""visa abuse"" and strengthen the government’s ability to ""properly vet and oversee these individuals.""
It added that some students have ""taken advantage of U.S. generosity"" and become “forever” students by staying enrolled in colleges to prolong their residence.
""For too long, past Administrations have allowed foreign students and other visa holders to remain in the U.S. virtually indefinitely, posing safety risks, costing untold amount of taxpayer dollars, and disadvantaging U.S. citizens,"" a DHS spokesperson stated.
""This new proposed rule would end that abuse once and for all by limiting the amount of time certain visa holders are allowed to remain in the U.S., easing the burden on the federal government to properly oversee foreign students and their history,"" the spokesperson continued.
Currently, F visa holders may stay in the U.S. for the ""duration of status,"" meaning the period they are enrolled full-time. The new proposal would allow stays for the length of a programme but would not permit them to exceed four years, generally less than the time needed for postgraduate studies.
Foreign journalists would also be affected. Under the plan, they would receive an initial admission period of 240 days, with the possibility of a single extension for another 240 days, but not longer than their assignment.
The DHS said regular assessments would provide ""proper oversight"" and help reduce the number of people residing in the U.S. on temporary visas.
But education experts warned the measure could hurt universities financially. International students typically pay higher tuition and have fewer opportunities for scholarships, which contributes significantly to the financial support of American colleges.
""It will certainly act as an additional deterrent to international students choosing to study in the United States, to the detriment of American economies, innovation, and global competitiveness,"" Fanta Aw, executive director and CEO of NAFSA: Association of International Educators, said in a statement to Politico.",direct,,2649.0,False
nprm_published,20250828T221500Z,"US to limit visa duration for inl students , media",https://kashmirreader.com/2025/08/29/us-to-limit-visa-duration-for-inl-students-media/,kashmirreader.com,English,India,,nprm_published,False,"WASHINGTON: The Trump administration has proposed new rules to limit the duration of visas for international students, cultural exchange visitors, and members of the media. The regulation is part of a broader effort to tighten legal immigration in the United States.
Under the proposal, F visas for students, J visas for cultural exchange workers, and I visas for journalists would be granted for fixed periods rather than for the full length of programs or employment. Students and exchange visitors would be limited to a maximum of four years, while foreign media representatives would receive visas for up to 240 days, and 90 days for Chinese nationals. Visa holders could apply for extensions, once expired.
The Department of Homeland Security (DHS) said that if finalised, the proposed rule would limit the length of time certain visa holders, including foreign students are allowed to stay in the United States.
“For too long, past administrations have allowed foreign students and other visa holders to remain in the US virtually indefinitely, posing safety risks, costing untold amounts of taxpayer dollars, and disadvantaging US citizens,” a DHS spokesperson said.
“This new proposed rule would end that abuse once and for all by limiting the amount of time certain visa holders are allowed to remain in the US,” the spokesperson added.
Since 1978, foreign students (F visa holders) have been admitted into the US for an unspecified period known as “duration of status”. Unlike other visas issued, those with a “duration of status” designation are allowed to remain in the US for an indefinite amount of time without further screening and vetting, the DHS said.
President Donald Trump, launched a wide-ranging immigration crackdown after taking office in January. Officials said the new rule would help the government “monitor and oversee” visa holders while they are in the United States.
In 2024, there were about 1.6 million international students on F visas, 355,000 exchange visitors, and 13,000 journalists in the US under these visa categories.
The public has 30 days to comment on the proposed regulation. A similar plan was introduced in 2020 but withdrawn in 2021 by the Biden administration after opposition from NAFSA, a non-profit representing international educators.
The Trump administration has also recently increased scrutiny of legal immigration, including revoking student visas and green cards over ideological views. In an August 22 memo, US Citizenship and Immigration Services said it would resume neighbourhood visits to check citizenship applicants’ residency, moral character, and commitment to American ideals.
Agencies",direct,,2656.0,False
nprm_published,20250829T021500Z,US bars F - 1 students from switching courses in first year : What international students need to know,https://timesofindia.indiatimes.com/education/news/us-bars-f-1-students-from-switching-courses-in-first-year-what-international-students-need-to-know/articleshow/123573525.cms,timesofindia.indiatimes.com,English,India,"https://static.toiimg.com/thumb/msid-123573536,width-1070,height-580,imgsize-176341,resizemode-75,overlay-toi_sw,pt-32,y_pad-40/photo.jpg",nprm_published,False,"International students on F-1 visas may soon face tighter restrictions under a proposed rule from the US Department of Homeland Security (DHS). The proposed regulation would prohibit undergraduate F-1 visa holders from changing their academic programmes, majors, or education levels during their first year of study in the US.
This change is part of a broader set of reforms to student visa policies and is intended to limit flexibility in programme changes during the initial year. According to a report by Fragomen, exceptions to this restriction may only be granted by the Student and Exchange Visitor Program (SEVP) in specific circumstances, such as school closures or extended disruptions caused by natural disasters.
Restrictions on programme and education level changes
The proposed rule outlines that international students will not be permitted to shift between academic programmes, majors, or education levels within the first 12 months of enrolment. Students wishing to make such changes must wait until after the first academic year, unless SEVP grants an exemption.
Additionally, once a student has completed a course of study at a specific educational level, they would no longer be eligible to return to the US under F-1 status for a second programme at the same or a lower level. This provision aims to prevent students from enrolling in multiple similar-level programmes consecutively under the same visa category.
Fixed periods of stay and new grace periods
Another major change under the DHS proposal includes the introduction of a fixed period of stay for international students. Under the new framework, students would be allowed to remain in the US for a maximum of four years, with a 30-day grace period following the end of their authorised stay. This contrasts with the current ""duration of status"" model, which allows students to remain as long as they are pursuing a full course of study.
Students requiring more time would need to apply for an extension through US Citizenship and Immigration Services (USCIS), introducing additional documentation and administrative requirements.
Unlawful presence and re-entry bans
Under the proposed changes, unlawful presence in the US would begin immediately after the expiration of the fixed admission period. This could result in significant consequences for students who overstay, including three-year or ten-year bans on re-entry, depending on the length of the violation.
Increased scrutiny and administrative impact
The new rule also eliminates deference to previously approved visa extensions. This means students who have had prior extensions granted could still face fresh scrutiny, further documentation requirements, and possible denial of future applications.
The proposed rule will require technical updates to the SEVIS system for enforcement. If implementation proves unfeasible, DHS may delay or suspend the changes. A 30-day public comment period is open for feedback from affected stakeholders, including universities and students.
TOI Education is on WhatsApp now. Follow us 
here
.",direct,,3068.0,False
nprm_published,20250829T031500Z,"  Trump Administration Plan to Cap Foreign Student Visas at 4 Years , Limit Journalists to 240 - Day Stay  - Nigeria & Africa in Global Affairs",https://naija247news.com/2025/08/29/trump-administration-plan-to-cap-foreign-student-visas-at-4-years-limit-journalists-to-240-day-stay/,naija247news.com,English,Nigeria,https://naija247news.com/wp-content/uploads/2025/08/836cce60-87ae-11ef-b0bd-ed1c890dbbf6-1293842442.jpeg,nprm_published,False,"ABUJA, Sept. 22 (Naija247news) — Central Bank of Nigeria Governor Olayemi Cardoso said losses associated with Nigeria’s former multiple foreign exchange windows amounted to...
LONDON, Sept. 22 (Naija247news) — Airtel Africa’s mobile money business, Airtel Money, is expected to file for an initial public offering on the London...
Air Peace has challenged the Nigeria Civil Aviation Authority’s (NCAA) August flight disruption report, arguing that the regulator underreported its flight operations and failed...
LAGOS, Nigeria — September 23, 2026 (Naija247news)
The Minister of the Federal Capital Territory, Nyesom Wike, has rejected allegations that he rigged the 2023 presidential...
September 23, 2026 — ABEOKUTA, Nigeria (Naija247news)
Former Ogun State First Lady, Olufunso Amosun, has urged women to prioritise regular cancer screening and seek medical...
LAGOS, September 12, 2026 (Naija247news) — Abia State is positioning itself for a broader private-sector investment cycle, with Governor Alex Otti unveiling seven priority...
OpenAI has proposed a set of international artificial intelligence safety standards as the United States and China explore ways to coordinate on risks posed...
LONDON, September 20, 2026 (Naija247news) — Atletico Madrid and Juventus are monitoring Arsenal and England forward Noni Madueke ahead of the January transfer window,...
MADRID, September 20, 2026 (Naija247news) — Real Madrid manager Jose Mourinho launched a strong criticism of the match officials after his side suffered a...
LAGOS, September 20, 2026 (Naija247news) — Nigeria forward Ademola Lookman says the Super Eagles are focused on securing victories in their opening 2027 Africa...
GLASGOW, September 20, 2026 (Naija247news) — Nigerian forward Bamidele Yusuf produced a standout performance at Celtic Park, scoring once and providing two assists as...
OMAHA, September 18 (Naija247news) — Warren Buffett has stepped down as chairman of Berkshire Hathaway, becoming chairman emeritus with immediate effect, marking the latest...
As solar imports overtake diesel generator imports, rising electricity tariffs and market forces—not government intervention—are reshaping Africa’s largest electricity market.
LAGOS, Nigeria (Naija247news) — Nigeria’s...
In a time when marriage breakdowns are rising within Nigerian and wider African diaspora communities, Caroline Omoifo Ilogienboh’s latest book, ""The Hijacker Strikes Back"",...
LAGOS, Nigeria — World Sickle Cell Day Special Report As part of activities marking World Sickle Cell Day, Naija247news conducted an exclusive interview with...
LAGOS, Nov 15 (Naija247news) – Africa’s largest rice mill, Kiara Rice Mills, continues to expand its operations in Nigeria’s rice industry, aiming to close...
Lagos, Nigeria (Naija247News)
Founder and convenor of Lokoja Dialogues, Polly Alakija, has warned that Nigeria’s deteriorating water cycle is increasingly threatening livelihoods, food production,...
August 11, 2026 — LAGOS, Nigeria (Naija247news)
The Ogun State Waste Management Authority (OGWAMA) has sealed Dahua Paper Company Limited in Owowo Village, near Abeokuta,...
August 6, 2026 - LAGOS, Nigeria (Naija247news)
The World Health Organization (WHO) has launched a global research initiative aimed at strengthening evidence on the health...
August 5, 2026 — LAGOS, Nigeria (Naija247news)
The United Nations World Food Programme (WFP) has warned that the ongoing 2026–2027 El Niño weather phenomenon could...
September 23, 2026 — ABEOKUTA, Nigeria (Naija247news)
Former Ogun State First Lady, Olufunso Amosun, has urged women to prioritise regular cancer screening and seek medical...
September 18, 2026 — Lagos, Nigeria (Naija247News)
The National Agency for Food and Drug Administration and Control (NAFDAC) has destroyed expired medicines valued at about...
OpenAI has proposed a set of international artificial intelligence safety standards as the United States and China explore ways to coordinate on risks posed...
PARIS, September 18, 2026 (Naija247news) — President Bola Ahmed Tinubu met French President Emmanuel Macron for a private dinner at the Élysée Palace in...
ABUJA, September 12, 2026 (Naija247news) — Nigeria’s High Commissioner-designate to South Africa, Femi Fani-Kayode, has warned that continued killings and alleged mistreatment of Nigerians...
ABUJA, September 17 (Naija247news) — Nigeria’s State Security Service has opened the trial of five suspected members of Islamist militant group Ansaru over the...
ABUJA, September 16, 2026 (Naija247news) — The President of the Nigerian Bar Association, Oyinkansola Badejo-Okusanya, has said Nigeria’s removal from the Financial Action Task...
WASHINGTON, Sept. 22 (Naija247news) — The Department of Homeland Security has tightened scrutiny of Curricular Practical Training for international students, prompting some U.S. universities...
ROME, Sept. 22 (Naija247news) — Italian Prime Minister Giorgia Meloni has announced plans to introduce a legal limit on the number of foreign students...
September 21, 2026 — LAGOS, United States (Naija247News)
US President Donald Trump has intensified his confrontation with sections of the American media, describing outlets...
HO CHI MINH CITY — Vietnam has granted citizenship to Nigerian-born footballer Michael Olaha and British-born Williams Lee, allowing both players to be registered...
September 23, 2026 - LAGOS, Nigeria (Naija247News) –
A series of recent developments involving the US Supreme Court, Federal Reserve and a Republican member...
September 18, 2026 — LAGOS, Nigeria (Naija247News)
South Africa’s recurring xenophobic violence against African migrants is once again raising questions about the country’s treatment of...
September 14, 2026 - LAGOS, Nigeria (Naija247news)
Benue State Governor Hyacinth Alia’s administration is attracting renewed attention over the scale of ongoing infrastructure projects, direct...
Nigeria should answer foreign consumer friction with regulatory competence at home, not emotional geopolitics.
When South Africa agreed to extradite six Nigerian nationals to the...
Abuja’s macroeconomic resilience is being underwritten by citizens whose economic security is increasingly exposed to immigration politics in the West.
NIGERIA’S external reserves present a...
LOS ANGELES, Sept. 8, 2026 (Naija247news) — Singer Ciara has confirmed that she and NFL star Russell Wilson are expecting their fourth child together,...
Boston Celtics star receives ancestral name during visit to Ile-Ife
Ooni says ‘Babatunde’ signifies the return of a father or ancestor
Brown praises...",direct,,6586.0,False
nprm_published,20250829T054500Z,"Four - year visa cap , shorter grace period in Trump administration proposed rule | 10 points",https://www.hindustantimes.com/world-news/us-news/fouryear-visa-cap-shorter-grace-period-in-trump-administration-s-proposed-rule-10-points-101756439290773.html,hindustantimes.com,English,India,https://www.hindustantimes.com/ht-img/img/2025/08/29/1600x900/photo-1581553673739-c4906b5d0de8_1754765042256_1754765051280_1756442706280.jpg,nprm_published,False,"Four-year visa cap, shorter grace period in Trump administration’s proposed rule | 10 points
The Trump administration said that the regulation aims to better monitor and oversee visa holders during their stay in the United States.
The Trump administration on Wednesday proposed a rule to shorten visas for international students, cultural exchange visitors, and media members, as part of a broader push to tighten oversight of legal immigration.
After taking office in January, President Donald Trump launched a broad immigration crackdown. The latest rule would require international students, exchange workers, and foreign journalists to apply for extensions rather than maintain a flexible legal status.
The Trump administration said that the proposed regulation seeks to enhance the government’s ability to ‘monitor and oversee’ visa holders throughout their stay in the US.
This rule was initially proposed by President Trump in 2020 but was withdrawn by the Biden administration in 2021.
What will change with the proposed rule?
- The proposed rule sets fixed periods for F visas (international students), J visas (cultural exchange visitors), and I visas (media members), instead of being valid for the program or employment duration.
- For foreign media personnel on I visas, which are typically issued for five years with multiple extensions, the rule would limit the initial admission period to 240 days.
- The rule caps admission and extension periods for F and J nonimmigrants at four years, reduces the F-1 student grace period after graduation from 60 to 30 days, and limits graduate-level F-1 students from switching programs mid-course.
- The public has 30 days to comment on the proposal, which mirrors a similar 2020 rule.
- The Department of Homeland Security said the rule would limit how long certain visa holders can stay in the US, ending the indefinite “duration of status” in place since 1978.
- In 2024, there were about 1.6 million F visa students. The US granted roughly 355,000 J visas and 13,000 I visas in fiscal year 2024 (starting Oct 1, 2023).
- In an August 22 memo, US Citizenship and Immigration Services said it would resume long-dormant visits to citizenship applicants’ neighborhoods to verify what it termed residency, moral character, and commitment to American ideals.
- The Trump administration has increased scrutiny of legal immigration, revoking visas and green cards over ideological views and affecting hundreds of thousands of migrants.
- DHS said the changes would enable immigration officers to ‘periodically and directly assess whether nonimmigrants are complying with the conditions of their visas and US immigration laws.
- The Trump administration claimed that some foreign students have exploited US generosity, becoming ‘forever’ students by staying continuously enrolled in higher education to remain in the country.
With PTI inputs
- ABOUT THE AUTHORHT News DeskFollow the latest breaking news, major developments and agenda-setting stories from India and around the world with the newsdesk at Hindustan Times. Operating round the clock, the desk brings together experienced editors, reporters and correspondents to deliver fast, accurate and contextual reporting across subjects that influence public policy, governance, business, society and international affairs. The HT News Desk covers politics, elections, government policies, the economy, business and markets, science and technology, the environment, law and order, infrastructure, education, climate issues and geopolitics, while closely tracking developments across states, institutions and global capitals. The team also leads coverage of major breaking news events, policy announcements, court proceedings, natural disasters, public emergencies and significant international developments. Reports published by the newsdesk are based on information gathered from reporters on the ground, official statements, government agencies, court records, regulatory filings, recognised institutions and other authoritative sources. Stories undergo editorial scrutiny and verification processes to ensure accuracy, fairness and relevance, and are updated as events evolve and additional information becomes available. Whether covering a key political decision in New Delhi, an economic policy shift affecting millions, a landmark court ruling or a major global event, the HT News Desk aims to provide readers with reliable, fact-based journalism that delivers not only the latest developments but also the context and analysis needed to understand their wider implications.Read More",direct,,4592.0,False
nprm_published,20250829T213000Z,"Trump Administration Seeks Strict Time Limits on Visas for Physicians , Academics",https://truthout.org/articles/trump-administration-seeks-strict-time-limits-on-visas-for-physicians-academics/,truthout.org,English,United States,https://truthout.org/app/uploads/2025/08/2025-8-29-DHS-USCIS.jpg,nprm_published,False,"This week, the Trump administration proposed a new rule to cap the amount of time that foreign-born reporters, academics, students, physicians, and others can stay in the United States.
Comments on the proposed rule must be received on or before September 29, 2025.
The proposed rule caps international students and exchange visitors’ visas at four years.
Currently, these visitors are permitted to stay for what’s called “duration of status,” which typically means the time they are enrolled in their educational institution or program. Exchange visitors include, among others, physicians, professors, research scholars, and teachers.
Fanta Aw, executive director and CEO of NAFSA: Association of International Educators, said the rule, if adopted, will harm students and scholars.
“These changes will only serve to force aspiring students and scholars into a sea of administrative delays at best, and at worst, into unlawful presence status — leaving them vulnerable to punitive actions through no fault of their own,” she said in a statement.
The proposed rule prohibits graduate students from changing their “educational objectives,” which Aw called “a dangerous overreach by government into academia.”
If adopted, media representatives would also be impacted. The rule caps the time media representatives can stay in the country — up to 90 days for Chinese nationals and up to 240 days for everyone else. Currently, they are allowed to stay for the duration of their employment.
Those who wish to stay longer than the fixed time periods would have to apply to the United States Citizenship and Immigration Services (USCIS), “therefore requiring regular assessments by DHS [Department of Homeland Security],” according to DHS’s press release on the proposed rule.
The rule, DHS said, “will limit the amount of time that foreign students, professors, physicians, and other visa holders are allowed to remain in the United States without additional screening and vetting.”
The “regular assessments” by DHS may have a particularly deleterious impact on academics, students, journalists, and others who engage in advocacy, research, or reporting that challenges the Trump administration’s policies, potentially further formalizing a process to deny authorization to live in the United States based on a person’s views.
Earlier this month, USCIS announced that when reviewing noncitizens’ applications to live and work in the United States, it would consider “any involvement in anti-American or terrorist organizations, as well as the use of discretion in adjudication of certain benefit requests where evidence of antisemitic activity is present.” The applicant “bears the burden of proof to demonstrate that a favorable exercise of discretion is warranted,” the announcement states.
The Trump administration has accused pro-Palestine activists of antisemitism simply because of their work to stop Israel’s genocide in Gaza. Earlier this year, the Trump administration falsely accused pro-Palestine student activist Mahmoud Khalil, a green card holder, of antisemitism, and attempted to use that false accusation as a basis to deport him.
In March, the national American Association of University Professors (AAUP), along with chapters at Harvard, Rutgers, and NYU, and the Middle East Studies Association, filed a lawsuit “to block the Trump administration from carrying out large-scale arrests, detentions, and deportations of noncitizen students and faculty members who participate in pro-Palestinian protests and other protected First Amendment activities.”
“The Trump administration is going after international scholars and students who speak their minds about Palestine, but make no mistake: they won’t stop there,” said AAUP President Todd Wolfson in a statement. “They’ll come next for those who teach the history of slavery or who provide gender-affirming health care or who research climate change or who counsel students about their reproductive choices. We all have to draw a line together — as the old labor movement slogan says: an injury to one is an injury to all.”
25 Years of Truthout: An important fundraising appeal
This September, Truthout is celebrating 25 years of publication. For over two decades, we have been a trusted source for fiercely independent journalism thanks to readers like you.
As we look to the next 25 years, we have launched a special fundraising campaign. At this moment, we have a goal to raise $27,000 in the next 24 hours.
We are asking for your support at this juncture because we face greater threats than ever before in our organizational history. Trump and his MAGA allies are determined to control the information ecosystem, and movement-based organizations are subject to dangerous censorship and scrutiny.
If you can support Truthout with a one-time or monthly donation, you will make a significant impact on our work and our legacy. Anything you can do makes a difference!",direct,https://www.dhs.gov/news/2025/08/27/trump-administration-proposes-new-rule-end-foreign-student-visa-abuse | https://www.federalregister.gov/documents/2025/08/28/2025-16554/establishing-a-fixed-time-period-of-admission-and-an-extension-of-stay-procedure-for-nonimmigrant,4928.0,False
nprm_published,20250830T124500Z,All about Trump proposed rule that affects Indian students in US | Explained News,https://indianexpress.com/article/explained/explained-global/trumps-rule-indian-students-10220539/,indianexpress.com,English,India,https://images.indianexpress.com/2025/08/Trump_f42995.jpg,nprm_published,False,"In a move that could deal yet another blow to international students in the US, the Donald Trump administration has proposed a rule that can limit the amount of time that foreign students can remain in the country without being subjected to additional screening.
The draft rule, proposed this week by the Department of Homeland Security (DHS), has been made public for comments.
Current policy
International students in the US are largely on an F-1 visa.
Holders of F (academic student visa) and J (exchange visitor visa; used for educational exchange programmes) category visas are admitted to the US for an unspecified period known as the “duration of status”. This means that their records don’t set a specific date up to which they can stay in the country.
Rather, students can remain in the US for as long as they maintain their student status. If they need more time to complete a program, they can request school officials to extend the duration of their stay. Universities can postpone the end date of students’ programs by updating their records.
After this end date, F category visa-holders have up to 60 days to leave the US. They can extend their stay by maintaining their student status, either by transferring to another school or going for another level of study.
Proposed rule
The DHS has now sought to limit the time that student visa holders can stay in the US to a maximum of four years, or the duration of their course, whichever is shorter. To extend their stay beyond this period, student visa holders will have to apply directly to the DHS for an extension of stay (EOS).
Moreover, the proposed rule gives F category visa holders only 30 days to leave the US after the end date of their program, half of the current 60 days. It also prohibits students on F-1 visas at the graduate level (master’s degree) from changing their programs at any point during the course of study and seeks to prevent students from transferring to another school or “changing their educational objectives” unless they have completed the first academic year of a program of study.
The proposed rule says that an F-1 visa holder who has completed a program can only pursue another programme at a higher educational level. It justifies this on the grounds that students change to lower educational levels like language training programmes to remain in the US for “lengthy periods” on F-1 status.
The DHS claims that the proposed rule will curb “visa abuse” by requiring regular vetting of a visa-holder wanting to remain in the US for a longer period of time.
The proposed rule states that the “duration of stay” framework posed a challenge to the ability of the DHS to “efficiently monitor and oversee these nonimmigrants” to assess whether they are complying with the terms and conditions of their status “and whether they present national security concerns.”
It also states that “these nonimmigrants are not required to have direct interaction with DHS, except for limited instances,” while applying for employment authorisation or reinstatement if they fail to maintain status. DHS has “many examples” of students and exchange visitors “staying for decades” in their student status, the draft rule claims.
Since “duration of status” framework was first introduced in 1978 for F category visa holders, and in 1985 for J and I category holders, the number of these nonimmigrants admitted to the US has increased — 1.6 million admissions in the F status in 2023, compared to around 260,000 admissions in 1980-81, the DHS said.
Bigger picture
Apart from F and J category visa holders, the proposed rule will affect those of the I category (representatives of foreign media). It proposes to set the initial admission period for foreign media representatives to 240 days, with an extension period of up to 240 days, but no longer than the length of their assignment. I category visa admissions are currently also for
“duration of status”.
“This proposed rule was first proposed under President Trump in 2020 but was withdrawn by the Biden Administration in 2021 much to the detriment of U.S. citizens and taxpayers,” the DHS said.
From increased screening and social media vetting to student visa terminations, the Trump administration has dealt a heavy blow to international students this year.
Going by Open Doors data for 2023-24, there were around 11.27 lakh international students in the US, comprising around 6% of the total enrolment in higher education institutions. With 3.31 lakh people from India studying in the US, Indians constitute the largest cohort of international students in the country.",direct,,4602.0,False
nprm_published,20250830T124500Z,Indian students may flee US colleges : Here why tighter visa rules are forcing a rethink,https://timesofindia.indiatimes.com/education/news/indian-students-may-flee-us-colleges-heres-why-tighter-visa-rules-are-forcing-a-rethink/articleshow/123598757.cms,timesofindia.indiatimes.com,English,India,"https://static.toiimg.com/thumb/msid-123599032,width-1070,height-580,imgsize-77322,resizemode-75,overlay-toi_sw,pt-32,y_pad-40/photo.jpg",nprm_published,False,"The Trump administration has proposed new visa rules that could restrict the stay of international students in the US to a maximum of four years. While the policy is expected to affect all foreign students, early analysis indicates that Indian students may be disproportionately impacted when compared to their Chinese counterparts.
Currently, international students in the US are allowed to stay for the “duration of status,” which is flexible and typically extends as long as the student maintains their enrolment. The new proposal would introduce fixed-term visas, generally capped at four years, with provisions for extension requiring additional approval. This change could significantly affect students’ ability to complete longer programmes or seek post-study employment.
Indian students depend heavily on post-study work visas
Indian students, who often pursue self-funded master’s programmes in the US, typically depend on post-study work opportunities such as OPT and the H-1B visa. OPT, or Optional Practical Training, permits international students to work in the US for up to 12 months after graduation, with STEM graduates receiving an additional 24-month extension. Many Indian students transition from OPT to an H-1B visa through employer sponsorship.
The proposed rule change does not explicitly address changes to OPT, but the introduction of a four-year cap could limit opportunities for students who rely on this pathway. For Indian students, whose return on investment often hinges on gaining work experience in the US after graduation, this move introduces uncertainty into their long-term academic and career plans.
Chinese students less dependent on OPT and H-1B
In contrast, Chinese students, who also make up a large portion of the international student population in the US, often return home after completing their studies or pursue funded PhD and STEM research programmes. These are generally supported by assistantships that cover tuition and living expenses. As a result, their reliance on OPT or H-1B visas is lower.
At the undergraduate level, many Chinese students attend top-ranked programmes, which influence their prospects in tier-1 cities such as Beijing, Shanghai, and Shenzhen after returning home. These institutional pathways and family financial support reduce the immediate impact of visa restrictions.
Experts observe shift in study preferences
In recent months, study abroad advisors have reported an increasing number of Indian students choosing destinations such as Germany, the UK, Australia, and New Zealand over the US. This trend is more pronounced among those pursuing non-STEM courses, where the benefits of US education are closely tied to post-study employment.
Although STEM programmes in the US remain attractive to Indian students, changes to visa policy may influence future intake. The lack of clarity around the status of OPT under the proposed rule and delays in visa interview slots have already begun affecting upcoming admissions cycles.
Policy aims to reduce visa overstays
The proposed visa rule change aims to reduce the incidence of student visa overstays by eliminating the current flexible model. Under the new system, students would be required to apply for an extension if they need to stay beyond the four-year period. This process could add administrative complexity and affect timelines for academic completion, internships, or job placements.
In addition to students, the proposed changes are expected to impact exchange workers and foreign journalists under other visa categories. The tightening of visa pathways, particularly those frequently used by Indian students, is part of a broader immigration policy shift under the Trump administration.
TOI Education is on WhatsApp now. Follow us 
here
.",direct,,3778.0,False
nprm_published,20250830T140000Z,No Course Change Allowed Under New US F - 1 Visa Rules . How Will It Impact Indian Students ? ,https://www.news18.com/explainers/us-f-1-visa-rules-no-course-college-change-allowed-impact-on-indian-students-homeland-security-ws-ekl-9538692.html,news18.com,English,India,https://images.news18.com/ibnlive/uploads/2025/08/image-2025-08-9ac3bd3bf7ee7523ddd535073c06dd5e-16x9.jpg,nprm_published,False,"No Course Change Allowed Under New US F-1 Visa Rules. How Will It Impact Indian Students?
The changes proposed by the US Department of Homeland Security will make it harder for international students, exchange visitors and foreign journalists to study or work in the US.
In another setback for international students in the United States, the Trump administration has proposed a rule to tighten regulations on F-1 visas. The change could restrict the duration of stay for visa holders, including foreign students, and impose additional screening requirements.
The changes proposed by the US Department of Homeland Security are expected to make it harder for international students, exchange visitors and foreign journalists to study or work in the US. The proposed changes also include restrictions on visa duration or Optional Practical Training (OPT) grace period.
Recommended Stories
As per the new F-1 visa rules, international students will only be permitted to transfer colleges or change courses after finishing one year of study. This will impact Indian students considering fall admission to the US, as the rule is expected to come into effect by next month or October.
Undergraduate students studying in the US on an F-1 visa will not be able to change their programme or major during the first year of study, with limited exceptions.
Students who have completed a programme at a certain level cannot pursue another programme at the same or lower level while holding an F-1 visa. Once admitted, graduate students on the same visa will not be permitted to change their programme or field of study in any manner.
Why Is US Ending ‘Duration Of Status’?
The Homeland Security Department has also proposed to end the long-standing “duration of status"" framework and replace it with fixed admission periods. Under the “duration of status"", students can remain in the US for as long as they maintain their student status.
The new rule seeks to establish a fixed four-year period for F-1 and J-1 visa holders. If a student visa holder wishes to extend their stay beyond this period, they will have to apply directly to the DHS for an extension of stay (EOS).
The proposed rule also gives F category visa holders only 30 days to leave the US after the end date of their programme, as compared to the earlier period of 60 days. The DHS has argued that these steps would curtail “visa abuse"" and increase the administration’s ability to properly vet and oversee these individuals.
“For too long, past Administrations have allowed foreign students and other visa holders to remain in the US virtually indefinitely, posing safety risks, costing untold amounts of taxpayer dollars, and disadvantaging US citizens,"" said a DHS spokesperson.
“This new proposed rule would end that abuse once and for all by limiting the amount of time certain visa holders are allowed to remain in the US, easing the burden on the federal government to properly oversee foreign students and their history.""
ALSO READ: Time To Wake Up From The American Dream? How Trump’s H1-B Visa Changes May Affect Indians
How Will It Impact Indian Students?
The proposed changes introduce significant uncertainty for F-1 students, particularly those enrolled in long-term academic programmes or participating in OPT programmes. Under the new rules, students can no longer rely on continuous enrollment to guarantee their stay for the full duration of their studies. Over half of the international students studying in the US are from India and China.
Similarly, J-1 exchange visitors – including scholars and researchers – could face stricter time constraints, potentially disrupting already tight schedules for academic collaborations and research initiatives. Furthermore, foreign media representatives would be eligible for an extension period of up to 240 days, but no longer than the length of the temporary activity or assignment.
Additionally, foreign students would be required to apply for authorisation to extend their stay with the United States Citizenship and Immigration Services (USCIS), therefore requiring regular assessments by DHS to check their conduct, immigration history or any affiliation with anti-American beliefs.",wayback 20250923175006,https://images.news18.com/dlxczavtqcctuei/news18/static/images/english/iso_certificate_2024_to_2027.pdf,4203.0,False
nprm_published,20250831T181500Z,DHS Proposes Four - Year Visa Limit To End  Forever Student  Loophole,https://www.yahoo.com/news/articles/dhs-proposes-four-visa-limit-163018888.html,yahoo.com,English,United States,https://media.zenfs.com/en/dallas_express_media_articles_743/ebce243b743af30e0c24f32ff653eb2e,nprm_published,False,"DHS Proposes Four-Year Visa Limit To End ‘Forever Student’ Loophole
- The Trump administration has proposed a new rule that would limit the duration of study for international students in the United States to four years, in an effort to crack down on visa abuse and increase DHS’s capacity to manage these visa holders.
The Trump administration has proposed a new rule that would limit the duration of study for international students in the United States to four years.
The rule would limit the duration for which certain visa holders, including foreign students, are permitted to remain in the country, according to the Department of Homeland Security. The proposal is designed to crack down on visa abuse and increase DHS's capacity to manage these visa holders.
""For too long, past Administrations have allowed foreign students and other visa holders to remain in the U.S. virtually indefinitely, posing safety risks, costing untold amount of taxpayer dollars, and disadvantaging U.S. citizens,"" said a DHS spokesperson in a press release.
""This new proposed rule would end that abuse once and for all… easing the burden on the federal government to properly oversee foreign students and their history.""
Foreign students (F visa holders) have been permitted to remain in the United States for an unspecified period, known as the ""duration of status,"" since 1978. Unlike other visas, those that include the ""duration of status"" designation allow individuals to stay in the country indefinitely, without requiring further vetting. According to the DHS release, this has led to foreign students taking advantage of the program by becoming ""forever"" students.
The new rule would set the authorized admission and extension periods for international students and exchange visitors to the length of their program, but no longer than four years. The proposal would also establish initial admission periods for journalists, limited to no more than 240 days. However, eligible individuals could be granted up to 240 additional days, but capped at the duration of the temporary activity or assignment.
By placing a fixed period of time on foreign students, exchange, and foreign media classifications, extensions would require authorization with the United States Citizenship and Immigration Services (USCIS), ensuring ""regular assessments by DHS for the alien to remain in the U.S. for a longer period,"" read the announcement.
""This would allow DHS to conduct proper oversight as part of SEVP and SEVIS by making access to necessary information more accessible and reducing the number of individuals here on visas.""",direct,https://www.dhs.gov/news/2025/08/27/trump-administration-proposes-new-rule-end-foreign-student-visa-abuse,2609.0,False
nprm_published,20250901T040000Z,Trump deals a new immigration blow to international students : Here why US universities could lose thousands,https://timesofindia.indiatimes.com/education/news/trump-deals-a-new-immigration-blow-to-international-students-heres-why-us-universities-could-lose-thousands/articleshow/123624884.cms,timesofindia.indiatimes.com,English,India,"https://static.toiimg.com/thumb/msid-123625333,width-1070,height-580,imgsize-199843,resizemode-75,overlay-toi_sw,pt-32,y_pad-40/photo.jpg",nprm_published,False,"The Trump administration has proposed a new immigration rule that would impose fixed admission periods for international students in the US, signalling a major shift in policy. This regulation would replace the current “duration of status” system, which allows students to remain in the country as long as they are actively pursuing their academic programmes.
Educators and immigration experts warn the move could sharply reduce international student enrolment in US universities. Data from US Customs and Border Protection for July 2025 showed a significant decline in international student arrivals compared to the previous year, with a nearly 50% drop for students from India, one of the largest source countries.
New limits on student visa duration and transfers
The Department of Homeland Security (DHS) has proposed eliminating the duration of status for F-1 and J-1 visa holders, instead establishing a fixed maximum stay of four years. Currently, international students can remain legally in the US for the entire length of their studies, including transitions between undergraduate and graduate levels. The new rule would require students to seek extensions if their programmes exceed four years.
According to DHS documents, this change will affect many students, as the median time to complete a bachelor’s degree in the US is around 52 months, or 4.3 years, and PhD studies often take much longer—averaging 5.7 years. The proposed policy also limits language training students to a 24-month stay.
Dan Berger, an immigration lawyer at Green & Spiegel, told the Forbes that students will need to pay close attention to their I-94 records, which show the expiration of their status. He said students would have only 30 days to depart the US after completing their coursework or authorised practical training. Failure to comply could result in unlawful presence, affecting future visa eligibility.
Berger added that the ability of students to transfer to different schools or change programmes would be severely restricted. “An F-1 student at any level below the graduate degree level may not change programmes within the first academic year unless an exception is authorised,” he said, as quoted by the Forbes. Graduate-level students would not be allowed to change programmes at any point during their studies.
Impact on Optional Practical Training and STEM extensions
The proposed rule would also alter how international students access Optional Practical Training (OPT) and STEM OPT extensions, currently allowed without filing for an extension of F-1 status. Berger told the Forbes that under the new rule, students would have to apply for an extension of their visa status to be eligible for OPT or STEM OPT, potentially adding delays and costs.
US Citizenship and Immigration Services (USCIS) Director Joseph Edlow has indicated a desire to end work authorisation through OPT after coursework completion, raising concerns about future restrictions.
Changes to adjudication and appeals process
The Trump administration’s proposal also includes a significant change to USCIS procedures by removing deference to previous approvals when reviewing extension applications. The new policy would allow USCIS to deny extensions at its discretion, with no right to appeal, as detailed in the proposed rule.
Nancy Morowitz of Fragomen told the Forbes that this echoes policies from Trump’s first term, which led to increased denials and uncertainty for visa holders and employers.
Limited exceptions and national security justification
The rule allows extensions only for compelling academic reasons, serious illness, or circumstances beyond the student’s control, such as natural disasters or institutional closures. Academic probation or suspension would not be valid reasons.
DHS justifies the rule citing national security concerns, highlighting cases involving J-1 visa holders allegedly posing threats. Elizabeth Neumann, former DHS assistant secretary for counterterrorism, said to the Forbes that while student visa security is important, this broad policy may not be the most effective solution.
Educators warn of impact on US universities and innovation
Education leaders have expressed concern that the rule will impose burdens on students, universities, and immigration authorities, risking a decline in international enrolment. Miriam Feldblum, President of the Presidents’ Alliance on Higher Education and Immigration, said in a statement to the Forbes that the rule would create uncertainty and deter students, researchers and scholars from coming to the US.
Fanta Aw, CEO of NAFSA: Association of International Educators, described the proposal as government overreach, interfering with academic decision-making and potentially harming US competitiveness in research and innovation, as reported by the Forbes.
If finalised, the rule could take effect before the 2026 fall academic term, marking a significant shift in US immigration policy towards international students.",direct,,4990.0,False
nprm_published,20250901T041500Z,DHS proposes major overhaul of international student and exchange visitor visas – NaturalNews . com,https://www.naturalnews.com/2025-08-31-dhs-overhaul-international-student-exchange-visitor-visas.html,naturalnews.com,English,United States,https://www.naturalnews.com/wp-content/uploads/sites/91/2025/08/United-States-Passport-Travel-Identification.jpg,nprm_published,False,"The Department of Homeland Security (DHS) has proposed a sweeping new regulation that would impose fixed visa periods on international students, exchange visitors and foreign journalists, replacing the decades-old policy of open-ended stays based on program participation.
The draft rule, published Aug. 28 in the Federal Register, would eliminate the current ""duration of status"" (D/S) model for F and J visa holders used by international students and exchange visitors since the 1980s and instead implement capped admission periods of up to four years. After that, visa holders would need to apply for an extension or depart the country.
Key changes in the proposed rule include:
International students, even those enrolled in multi-year degree programs or undergoing authorized training, would be required to adhere to stricter timelines and submit applications for continued stay, each subject to government approval. Universities, colleges and cultural exchange sponsors will also have to adjust to new data collection requirements via DHS systems like Student and Exchange Visitor Information System (SEVIS) and the Student and Exchange Visitor Program (SEVP). (Related: Sweeping visa review places 55 million under scrutiny in unprecedented security move.)
The proposed rule is open to public comment through September 27, while separate changes to DHS forms and data systems will be subject to a 60-day comment window. Once comments are reviewed, DHS must finalize the rule, submit it for Office of Management and Budget review and publish a final version before the changes take effect.
Brighteon.AI's Enoch notes that for more than three decades, F and J visa holders have been able to remain in the U.S. as long as they maintained their program status. However, DHS officials said the open-ended D/S policy created vulnerabilities by allowing individuals to remain in the country indefinitely without regular government review.
The DHS cited high-profile incidents involving individuals on J visas, such as Chinese government employee Zhongsan Liu, who was convicted in 2019 for fraudulently obtaining visas to recruit U.S. scientists; Harvard exchange student Zaosong Zheng, indicted for smuggling stolen research; and Ye Yanqing, charged in 2020 with visa fraud and acting as a Chinese military agent while at Boston University.
In 2025, a University of Michigan case involving a J visa holder and a Chinese Communist Party member charged with smuggling an agricultural fungus. Beyond espionage, the agency flagged widespread academic abuse, revealing that nearly 77,000 F-1 students in 2024 had remained in status for over a decade, often by enrolling in repetitive or lower-level programs.
DHS also pointed to fraud by school operators involved in ""pay-to-stay"" schemes, including one case that led to a prison sentence and a $450,000 fine. Language training programs were also criticized for excessive enrollment duration, prompting a proposed 24-month cap.
Bookmark Trump.news for more stories like this.
Watch this video about a Trump Burger owner facing deportation due to overstaying.
This video is from the TrendingNews channel on Brighteon.com.
Chinese student arrested for omitting link to PLA-backed university in F-1 visa application.
U.S. to impose new ""visa integrity fee"" on millions of foreign visitors.
Trump orders visa suspensions on 19 countries due to national security concerns.
Sources include:",direct,,3430.0,False
nprm_published_docket,20250901T054500Z,"US Plans To End  Duration of Statu : How Itll Impact F1 , J1 , I Visa Holders – PrestigeOnlline Hong Kong",https://www.prestigeonline.com/hk/lifestyle/travel/new-us-visa-rule-for-foreign-students-and-journalists-what-you-should-know/,prestigeonline.com,English,Hong Kong,https://images.prestigeonline.com/wp-content/uploads/sites/3/2025/08/31232115/grand-central-terminal-east-42nd-street-new-york-usa.jpeg,nprm_published_docket,False,ERROR: direct: only 157 chars | wayback: no archived copy,,,57.0,False
comment_deadline,20250925T040000Z,"The Academic Advisor - Education Law Insights , Issue 7 , 2025 | Spilman Thomas & Battle , PLLC",https://www.jdsupra.com/legalnews/the-academic-advisor-education-law-4236213/,jdsupra.com,English,United States,https://jdsupra-static.s3.amazonaws.com/profile-images/og.13138_0636.jpg,comment_deadline,False,"“The U.S. Department of Education Office for Civil Rights said in a press release that the all-gender restroom places a burden on girls to seek a single-sex restroom elsewhere, ‘thereby denying their right to equal educational facilities and opportunities’ under Title IX.: 
Why this is important: On August 28, 2025, the U.S. Department of Education (ED) found that Denver Public Schools (DPS) violated Title IX of the Education Amendments of 1972 (Title IX), and its prohibition against sex discrimination, by converting sex-separated multi-stall restrooms to “all-gender” facilities and enabling students to use restroom facilities that correspond with their gender identity (rather than biological sex) per the “Denver Public Schools LGBTQ+ Toolkit.” Initiated on January 28, 2025, this review constituted the first Title IX-directed investigation by the ED Office for Civil Rights (OCR) under the second Trump administration, and since then, numerous others taking issue with the same facilities and policy-related objections have followed. In an unprecedented move by ED, the investigation of DPS was influenced, at least in part, by a local news story covering this facilities-related conversion at one DPS school, according to DPS.
In December 2024, DPS converted a second-floor multi-stall restroom designated for girls into a restroom for use by both sexes. According to ED, this resulted in male students having access to another restroom on that floor designated exclusively for males and female students having to seek an exclusive restroom elsewhere, denying their right to equal educational facilities and opportunities. When DPS thereafter attempted to rectify the issue by converting the boys’ restroom on the second floor to an “all-gender” restroom as well, ED asserted that it did not resolve the issue because males “were still allowed to invade sensitive female-only facilities” in violation of Title IX.
Consistent with its handling of other Title IX investigations this year, OCR issued a proposed Resolution Agreement to DPS that would require DPS to convert all multi-staff restrooms for use by both sexes back to sex-designated multi-staff facilities, rescind any policies or guidance allowing students to access intimate facilities based on their gender identity, issue a memorandum to DPS schools reiterating these requirements, and adopt biology-based definitions for the words “male” and “female” in all policies and practices related to Title IX. In its press release, OCR provided DPS with 10 days to voluntarily agree to the Resolution Agreement or else “risk imminent enforcement action.” To date, DPS has not capitulated to these demands. Instead, DPS has requested that OCR engage with DPS in a 90-day resolution negotiation, arguing that Title IX does not prohibit conversion of a girls’ restroom to an all-gender facility.
DPS is not alone. As this article highlights, the federal government has threatened to withhold millions in federal funds from five Virginia school districts on similar grounds as a result of district policies that allow students to use bathroom and locker room facilities consistent with their gender identity. Since these schools’ initiation of lawsuits against ED in federal district court and their recent dismissal by a federal judge who found that the court lacked authority to opine on the distribution of federal funds, it is unclear how these cases will proceed. Though a prior Fourth Circuit ruling that mandated a transgender student be permitted to use restroom facilities aligned with his gender identity is an arrow in the Virginia schools’ quiver, should they appeal.
As with many issues concerning the interpretation of Title IX and other federal anti-discrimination laws, it is unlikely that DPS, the Virginia School districts, or others will have certainty until the U.S. Supreme Court issues a ruling on point. In the interim, all schools (and school districts alike)--public and private primary, secondary, postsecondary institutions—should expect that this scrutiny by ED will continue and any policies, protocols, and allowances for “all-gender” usage of restroom and locker room facilities will be strictly construed as violative of Title IX. --- Erin Jones Adams",direct,,4248.0,False
comment_deadline,20250925T164500Z,American Sociological Association Opposes DHS Proposal to Eliminate Duration of Status for International Students,https://www.newswise.com/articles/american-sociological-association-opposes-dhs-proposal-to-eliminate-duration-of-status-for-international-students,newswise.com,English,United States,,"comment_deadline,comment_deadline_docket",False,"Newswise — The American Sociological Association (ASA), representing over 9,000 sociologists in America and abroad, on Thursday, September 25, 2025, submitted a formal letter strongly opposing the Department of Homeland Security's (DHS) proposed rule (Docket No. ICEB-2025-0001) that would eliminate Duration of Status (D/S) for international students and replace it with fixed four-year periods. Public comment on Docket No. ICEB-2025-0001 may be submitted here until Monday, September 29, at 11:59 PM Eastern.
The ASA letter states that the proposed rule would create devastating barriers for international PhD students in sociology and other social science disciplines. Since most sociology doctoral programs take six years to complete, the proposed four-year cap would force students into costly annual visa renewals that most cannot afford on graduate student stipends alone. Furthermore, the ASA letter warns that the rule would create complex bureaucratic hurdles, resulting in processing delays and a constant risk of status termination, which would hinder the academic progress of international students. ASA argues this approach is particularly harmful to the social sciences, where exposure to diverse global perspectives is essential for addressing worldwide social problems.
“The rule would harm our universities' international reputation and deter brilliant minds from choosing American graduate programs, reducing America's ability to attract global talent. If our universities are unable to compete for the world’s best students, we will see a decline in the overall quality of our PhD programs in sociology and the social sciences,” the letter states.
ASA urges DHS to rescind the proposal and maintain current D/S policies without modification, emphasizing that preserving America's role as an intellectual powerhouse requires supporting academic freedom and attracting diverse talent from across the globe. Both ASA President Shelley J. Correll and ASA Executive Director Heather M. Washington signed the letter on behalf of the Association.
The full letter detailing ASA's position is available here.
About the American Sociological Association
The American Sociological Association, founded in 1905, is a nonprofit membership association dedicated to serving sociologists in their work, advancing sociology as a science and profession, and promoting the contributions to and use of sociology by society. For media inquiries, please contact the ASA Communications Department at [email protected].",direct,https://www.asanet.org/wp-content/uploads/2025/09/2025-ASA-Letter-re-DHS-Proposed-Rule-on-Student-Duration-of-Status-1.pdf | https://www.federalregister.gov/documents/2025/08/28/2025-16554/establishing-a-fixed-time-period-of-admission-and-an-extension-of-stay-procedure-for-nonimmigrant,2516.0,True
comment_deadline,20250930T101500Z,Higher education bodies urge DHS to scrap proposed rule that limits duration of student visas ; warn of damage to US global talent pipeline,https://timesofindia.indiatimes.com/world/us/higher-education-bodies-urge-dhs-to-scrap-proposed-rule-that-limits-duration-of-student-visas-warn-of-damage-to-us-global-talent-pipeline/articleshow/124230917.cms,timesofindia.indiatimes.com,English,India,"https://static.toiimg.com/thumb/msid-124231029,width-1070,height-580,imgsize-1112642,resizemode-75,overlay-toi_sw,pt-32,y_pad-40/photo.jpg",comment_deadline,False,"A broad coalition of US higher education organizations is urging the Department of Homeland Security (DHS) to withdraw a proposed rule that would replace the longstanding “duration of status” (D/S) policy for F-1 international students and J-1 exchange visitors with fixed, four-year visa terms. The groups warn that the change would harm US colleges and universities, deter global talent, and disrupt the academic careers of thousands of students and scholars.
The rule, published by US Immigration and Customs Enforcement (ICE) in the Aug 28 Federal Register, would cap most student and scholar visas at four years, restrict transfers and changes of academic programs, shorten the post-completion grace period from 60 to 30 days, and limit English-language study to 24 months. Students needing more time for degree completion — such as PhD candidates, joint-degree students, medical residents, and community-college transfers — would be forced to apply for one or more extensions through a new, untested “extension of status” (EOS) process that critics say lacks clear timelines or appeals.
The proposed rule was analyzed by TOI in its edition of August 29. In public comments submitted this week, the American Council on Education (ACE) and 53 other higher-education associations called the rule “flawed” and said it tries to address problems that do not exist. 
“If implemented, the rule would severely restrict the opportunities of international students and discourage them from choosing the United States,” the groups wrote.
The Presidents’ Alliance on Higher Education and Immigration (Presidents Alliance) echoed those concerns, warning that the rule would impose “rigid academic timelines,” duplicate oversight already provided by the Student and Exchange Visitor Information System (SEVIS) and add “bureaucratic hurdles” that would intrude on academic decision-making and create financial and emotional burdens for students.
“If implemented, this rule would cause significant harm to students and institutions … and likely dissuade international students, researchers, and scholars from coming to the United States, with damaging consequences for institutions, small businesses, local communities, and the broader economy,” said Miriam Feldblum, president and CEO of the Presidents’ Alliance.
Higher-education leaders stressed that many students already take more than four years to complete degrees: federal data show that even some undergraduates need additional time. They warned that the EOS requirement could create massive backlogs similar to delays seen with Optional Practical Training (OPT) approvals.
The groups also criticized limits on program transfers and changes of major in the first year, saying the proposal would reduce flexibility that domestic students take for granted and shift authority over academic progress from universities to federal officials.
The proposed rule comes as US institutions continue to compete globally for top talent. International students contributed an estimated $44 billion to the US economy in 2023-24, supporting nearly 380,000 jobs, while also advancing research and innovation and strengthening cross-border ties. Educational experts warn that the new restrictions could accelerate recent declines in international enrollment, raising tuition for domestic students and undermining US competitiveness.
Both ACE and the Presidents’ Alliance urged DHS to withdraw the rule entirely and engage directly with higher-education stakeholders to address any legitimate concerns without jeopardizing the United States’ long-standing appeal as a premier destination for global talent.",direct,,3636.0,False
comment_deadline,20251001T020000Z,"President Hensel : International student status , Title III funding , GEAR UP | University of Hawaiʻi System News",https://www.hawaii.edu/news/2025/09/30/international-student-status-title-iii-funding-gear-up/,hawaii.edu,English,United States,https://www.hawaii.edu/news/wp-content/uploads/2024/05/gnrc-system-bachman-mural-tag.jpg,comment_deadline,False,"This message was shared with the students, faculty and staff of the 10-campus University of Hawaiʻi system on September 30, 2025.
Aloha UH ʻohana,
I hope your fall semester is going well. I have several important updates from Washington, D.C. Federal funding is set to lapse at midnight, and a government shutdown now appears inevitable. Should that occur, I will provide updates in the days ahead on the impact to our 10-campus system and our coordination with the state. For now, I want to begin with information on our official response to a federal proposal that could negatively affect international students.
Proposed rule on “duration of status” of international students
UH Mānoa submitted formal comments yesterday (Monday, September 29) opposing the Department of Homeland Security’s proposal to eliminate “duration of status” (D/S) for international students, specifically F-1 and J-1 students. The rule would impose rigid four-year limits, costly and time-consuming extensions and new restrictions on academic flexibility, disrupting research and degree completion. International students are essential to our mission, and we are urging DHS to withdraw the proposal and maintain current policy. You can read the submitted comments.
I know this is a major concern across our campus communities. My office, the Board of Regents and other leaders have heard directly from many of you urging us to act. We were already preparing a response, and your outreach reinforced that direction. Mahalo to everyone who took the time to reach out as your engagement is just another example of how deeply we care for one another.
Title III, Title VI and NHEP update
On September 18, I reported on the U.S. Department of Education’s decision to end discretionary funding for several Minority-Serving Institutions. Each campus is reviewing potential impacts and identifying critical services as we plan for next steps across the system.
We have received the positive news that the Department of Education will grant No-Cost Extensions for up to 12 months for the Title III funds that have received non-continuation notices. In practical terms, that means that we will be able to employ $10 million in funds over the next year, helping to mitigate the immediate impact of non-continuation.
GEAR UP award
I’m pleased to share that Hawaiʻi P–20 Partnerships for Education has been awarded a seven-year, $35-million GEAR UP grant. GEAR UP aims to increase the number of low-income students who graduate from high school and go on to complete college. For more than two decades, this program has supported thousands of Hawaiʻi students, beginning in middle school.
This highly competitive award is a testament to the outstanding work of the Hawaiʻi P–20 team. Congratulations to them on securing this grant, which will benefit students and families across our state.
As a reminder, please continue to check the Federal Policy Updates and Resources webpage, which is updated regularly with information on executive orders, federal actions and all of my prior messages.
Mahalo for your resilience, your dedication, and the care you show for our students and one another. I look forward to keeping you informed and working alongside you in the months ahead.
With aloha,
Wendy Hensel
President, University of Hawaiʻi
Stay connected with President Wendy Hensel by following her on X, Instagram, and LinkedIn.",direct,https://www.hawaii.edu/wp/wp-content/uploads/2025/09/DHS_OGE_OPPOSE_0925.pdf,3392.0,False
comment_deadline,20251001T171500Z,California leads coalition opposing Trump planned restrictions on student visas – The Mercury News,https://www.mercurynews.com/2025/10/01/california-leads-coalition-opposing-trumps-planned-restrictions-on-student-visas/,mercurynews.com,English,United States,https://www.mercurynews.com/wp-content/uploads/2025/07/SJM-L-BONTALAWSUITS-0720-1.jpg,comment_deadline,False,"California is leading a multistate coalition in opposition to proposed federal changes that would restrict international student visas.
The proposal by the U.S. Department of Homeland Security would limit international students to a fixed four-year visa period and restrict their ability to transfer schools or change academic programs. Students would be required to apply for an extension to remain in the U.S. beyond the fixed term. The Department of Homeland Security said the rules would “curb visa abuse” and increase DHS’s ability to properly vet and oversee international student visa holders and “their history.”
The agency said the rule was first proposed under President Trump in 2020 but was withdrawn by the Biden Administration in 2021.
In opposing the changes, California Attorney General Rob Bonta announced the multistate coalition Monday in partnership with the attorneys general of Colorado, Connecticut, District of Columbia, Hawaii, Illinois, Maine, Massachusetts, Minnesota, New Mexico, New Jersey, New York, Nevada, Oregon, Vermont and Washington.
The proposal comes as the Trump administration has cracked down on immigration and visas for foreign students and workers across the country. Earlier this spring, the State Department expanded the screening process for student visa applicants, directing diplomats to comb through students’ social media accounts and the administration terminated hundreds of international students’ visas before it abruptly reversed course and restored students’ immigration statuses. And this month, the Trump administration imposed a new $100,000 fee on some visas, sparking widespread panic among workers and companies.
In a letter to DHS secretary Kristi Noem and acting director of the United States Immigration and Customs Enforcement Todd Lyons, Bonta and the state leaders urged the Trump administration to withdraw the proposal to limit international students’ visas, arguing the proposed rule would hurt American universities and state economies by discouraging international students from pursuing educational opportunities in the U.S.
Bonta’s office said the proposal will have an extreme impact on California especially, as the state welcomes more international students than any other state in the country — 140,858 for the 2023-24 academic year, according to the nonprofit international education association NAFSA: Association of International Educators.
According to the group, international students contributed $6.4 billion to California’s economy and supported more than 55,114 jobs in the 2023-2024 academic year. The association also warned of a projected decline of $7 billion to the U.S. economy due to international student visa restrictions and resulting declines in enrollment, leading to a potential loss of 60,000 jobs nationwide.
Bonta’s office said estimates by the Department of Homeland Security reveal that the proposed change would cost U.S. institutions nearly $90 million.
“Our state thrives when students from around the world come here to learn, research, and contribute,” Bonta said. “The Trump Administration’s proposal is a direct threat to California’s universities and colleges, our economy and to the diversity that strengthens our communities. We urge the Department of Homeland Security to reverse this misguided rule and recognize that America is stronger and more economically vibrant when we attract the best and the brightest students from all over the world.”
The states’ letter to Noem and Lyons argued the proposed rule would restrict international students’ school transfers and academic program changes within an undergraduate’s first academic year unless an exception is authorized by the Student and Exchange Visitor Program — DHS’ program for overseeing international student visas.
Under the proposed rule, graduate students would be prohibited from changing educational programs, and student visa holders would be required to depart the U.S. within 30 days of completing their studies, rather than the current 60 days. An extension of stay for international students would only be granted by DHS if additional time is needed for a compelling academic reason, due to a documented medical illness or condition or a circumstance beyond the student’s control, like a natural disaster, national health crisis or the closure of the school. DHS would not grant a student an extension of stay if additional time is needed due to academic probation, suspension or the inability to complete their course of study.
But the states’ letter pointed out that nationally, only 34% of all college students complete their undergraduate degrees within four years and the average time needed for a graduate or doctoral degree is much longer — seven to 12 years.
“DHS claims the rule is intended to combat fraud, yet it inappropriately fails to explain how eliminating the duration of status will address those concerns,” Bonta’s office said. “Instead, these burdensome restrictions will discourage international students from applying to U.S institutions, increase deportation risks and create costly administrative hurdles.”
In their letter, Bonta and the multistate coalition argued the proposed rule violates federal law and will have a chilling effect on international student applications, not only impacting state economies and university budgets but also decreasing the quality of education provided to American students. As international students typically pay full-tuition, the coalition pointed out that the rule would reduce tuition revenues that help fund programs for in-state students.
“Limiting international students’ ability to study in the U.S. will only undermine the health of California’s economy, contributing to fewer course offerings, student services, academic support and housing services for both international and American students,” Bonta’s office said.",direct,https://oag.ca.gov/system/files/attachments/press-docs/2025.09.29%20Multistate%20Comment%20Letter%20re%20DHS%20NPRM.pdf | https://www.nafsa.org/sites/default/files/media/document/EconValue2024.pdf,5876.0,False
final_rule,20260716T151500Z,"US moves to impose fixed visa terms for foreign students , cultural exchange visitors and journalists",https://www.livemint.com/news/us-news/us-moves-to-impose-fixed-visa-terms-for-foreign-students-and-journalists-11784211004629.html,livemint.com,English,India,https://www.livemint.com/lm-img/img/2026/07/16/600x338/visa_1768827528991_1768827534199_1784211248842_5968ef22-bc88-4f19-bdd9-87c9bb8c0a75.jpg,final_rule,False,"The US Department of Homeland Security (DHS) on Thursday unveiled a rule that would replace the current open-ended visa validity for certain foreign students, cultural exchange visitors and journalists with fixed periods of stay.
According to a notice published in the Federal Register, the proposed final rule would apply to F visas for international students, J visas for participants in cultural exchange programmes, and I visas issued to members of the foreign media.
Under the proposed rule, holders of these visas would be granted permission to remain in the United States for a fixed time period, replacing the current system that allows them to stay for the duration of their academic programme or US-based employment.
Quick answers to key questions
Under the new DHS rule, foreign students on F visas will be granted a fixed maximum stay of four years, as opposed to the current system which allows stay for the duration of their academic program.
The DHS aims to address challenges in monitoring an increasing number of foreign nationals by establishing clear limits on visa stays, which are intended to combat visa abuse and enhance immigration oversight.
Foreign journalists holding I visas will generally be allowed to stay for up to 240 days, while those from China will be limited to a maximum of 90 days.
Yes, under the proposed rules, international students can still apply for extensions to their visas if they wish to remain in the US beyond the maximum authorized stay.
Current non-immigrant visa holders will transition to the new system automatically, with their stay generally remaining valid until the conclusion of their current program, not exceeding four years from the effective date.
At present:
F visas allow international students to remain in the US for the duration of their approved course of study.
J visas permit participants in exchange and cultural programmes to stay for the length of their approved programme.
I visas allow foreign journalists and media representatives to remain in the US while employed in their US-based assignments.
The new rule would end this ""duration of status"" framework and instead establish predetermined periods of authorised stay.
The Department of Homeland Security said the rule is subject to congressional review before it can take effect.
According to the Federal Register notice, an effective date has not yet been determined.
If implemented, the measure would mark a significant change to US immigration regulations governing international students, exchange programme participants and foreign journalists working in the United States.
According to a Reuters report, if implemented, the rule would cap student (F) and exchange visitor (J) visas at four years, while foreign journalists (I visas) would generally be allowed to stay for up to 240 days. Journalists from China would face a shorter 90-day limit.
Under the proposed regulation, F and J visa holders would no longer be admitted for the duration of their academic or exchange programmes. Instead, they would receive a maximum authorised stay of four years, after which they would need to seek permission to remain in the United States.
Foreign journalists holding I visas would be limited to 240 days, while Chinese nationals in the same category would be admitted for up to 90 days.
The proposed rule, as per the news report, allows visa holders to apply for extensions. Those wishing to remain in the United States beyond their authorised stay would need to apply to DHS for an extension or leave the country and seek readmission by re-entering with a valid immigration status.
The Department of Homeland Security reportedly said the changes are needed because of a sharp rise in the number of foreign students, exchange visitors and journalists entering the United States.
According to DHS, the growing number of visa holders has made immigration oversight increasingly challenging.
The department reportedly said the significant increase in admissions ""poses a challenge to DHS's ability to monitor and oversee these nonimmigrants while they are in the United States.""
Officials also said they have identified numerous cases in which students and exchange visitors remained in the country for decades under the current ""duration of status"" system.
The proposed rule is the latest immigration measure introduced by President Donald Trump's administration since he returned to office in January 2025.
The administration has pursued a broader crackdown on both illegal and legal immigration, including increased scrutiny of student visas and permanent residency.
In recent months, officials have revoked visas and green cards of some university students over their ideological views and ended legal protections for hundreds of thousands of migrants.
If approved following congressional review, the new regulation would significantly change how international students, exchange programme participants and foreign journalists maintain legal status in the United States.
Oops! Looks like you have exceeded the limit to bookmark the image. Remove some to bookmark this image.",direct,,5106.0,False
final_rule,20260716T174500Z,"US Tightens Student Visa Rules , Four - Year Stay Limit Proposed for F - 1 Visa Holders – GOA – 16 July 2026",https://www.heraldgoa.in/goa/us-tightens-student-visa-rules-four-year-stay-limit-proposed-for-f-1-visa-holders/482032/,heraldgoa.in,English,India,https://www.heraldgoa.in/wp-content/uploads/2026/05/Thailand-visa-on-arrival-for-us-citizens.jpg,final_rule,False,"International students in the United States, including more than 3.3 lakh Indians, could soon be subject to stricter immigration rules after the US Department of Homeland Security (DHS) finalised a regulation replacing the long-standing “duration of status” system with a fixed period of stay. The rule, which still requires congressional review before taking effect, is expected to significantly impact students enrolled in longer academic programmes.
Under the proposed framework, most F-1 student visa holders will be allowed to remain in the US for up to four years. Those whose courses extend beyond this period will be required to apply to DHS for an extension before their authorised stay expires. Similar fixed-term rules will also apply to J-1 exchange visitors and I visa holders, including foreign researchers, scholars and journalists.
For decades, international students have been admitted under the “duration of status” system, allowing them to stay in the country as long as they remained enrolled full-time and complied with visa conditions. The new regulation ends that arrangement, introducing a defined expiry date for legal stay.
The Trump administration said the measure is intended to strengthen oversight of temporary visa holders and enhance national security. However, universities and education organisations have warned that the change may create uncertainty for students pursuing doctoral degrees, research-based master’s programmes, medical education and other courses that often exceed four years.
Indian students are expected to be among the most affected. According to the Open Doors 2024 report, more than 331,000 Indian students were studying in the US during the 2023-24 academic year, making them the country’s largest international student community.
Another concern is that students who fail to obtain an extension before their authorised stay ends could begin accruing unlawful presence immediately, unlike under the existing system. Administrative delays or processing backlogs could therefore leave students temporarily out of legal status. Until Congress completes its review and an implementation date is announced, the current “duration of status” framework will remain in force.",direct,,2223.0,False
final_rule,20260716T181500Z,"International students , journalists to face stricter US visa rules",https://jamaica-gleaner.com/article/world-news/20260716/international-students-journalists-face-stricter-us-visa-rules,jamaica-gleaner.com,English,Jamaica,http://jamaica-gleaner.com/sites/default/files/styles/1_1_large/public/media/2026/07/16/DHS.jpg?h=cf2dbb31&itok=6QQVgmKi,final_rule,False,"International students, journalists to face stricter US visa rules
Loading article...
The Department of Homeland Security logo during a news conference in Washington, February 25, 2015. (AP Photo/Pablo Martinez Monsivais, File)
Foreign journalists and international students heading to the United States on temporary visas are to face new limits on how long they can remain in the country under a new rule announced by the US Department of Homeland Security.
The department, in a document, indicated that it is amending its regulations to change the admission period for F, J, and I visas from duration of status to admission for a fixed period, along with additional changes to admission and extension requirements.
The new rule generally limits foreign journalists travelling on I visas to stays of up to 240 days, while most international students on F visas and exchange visitors on J visas will be allowed to remain in the United States for up to four years.
Those wishing to stay longer will have to apply for an extension.
Previously, many international students were permitted to remain in the United States for the duration of their academic programme, while foreign correspondents could stay for as long as they maintained their accredited status.
The US government said the changes are intended to strengthen oversight of temporary visa holders and reduce visa overstays.
""This final rule will provide additional protections and oversight of these nonimmigrant categories and will allow DHS to better evaluate whether these nonimmigrants are maintaining status while temporarily in the United States,"" the department said.
The agency argued that the changes will help mitigate risks posed by individuals who seek to exploit the programmes and live in the United States on a non-temporary basis, contrary to the statutory provisions governing their nonimmigrant status.
It further stated that replacing admissions for duration of status with admissions for a fixed period of authorised stay is consistent with most other nonimmigrant visa categories.
""It will provide additional protections and oversight of these nonimmigrant categories and will allow DHS to better evaluate whether these nonimmigrants are maintaining status while temporarily in the United States. DHS does not believe such a requirement will place an undue burden on F, J, and I nonimmigrants. Rather, providing F, J, and I nonimmigrants a fixed period of authorised stay that will require them to apply to extend their stay, change their nonimmigrant status, or otherwise obtain authorisation to remain in the United States (e.g. adjustment of status) by the end of this specific admission period is consistent with requirements applicable to most other nonimmigrant classifications and consistent with the practices for F-1 students prior to 1979.""
Homeland Security said the changes will ensure it has an effective mechanism to periodically and directly assess whether these nonimmigrants are complying with the conditions of their classifications and US immigration laws, and to obtain timely and accurate information about the activities they have engaged in and plan to engage in during their temporary stay in the United States.
""If immigration officers discover a nonimmigrant in one of these classifications has overstayed or otherwise violated his or her status, the alien will accrue unlawful presence for purposes of unlawful presence-related statutory grounds of inadmissibility under the INA (Immigration and Nationality Act). Unlawful presence in the United States may result in an alien becoming inadmissible upon departing the United States. As a result of this inadmissibility, the alien may become ineligible for a nonimmigrant or immigrant visa, admission to the United States, or benefits for which admissibility is required, such as adjustment of status to that of a lawful permanent resident.""
The department argued that the changes will encourage foreign nationals to maintain lawful status and reduce instances in which F, J and I nonimmigrants unlawfully remain in the United States after their programme, practical training, activities or assignments consistent with the I classification have ended.
""DHS believes this greater oversight will deter F, J, and I nonimmigrants from engaging in fraud and abuse and will strengthen the integrity of these nonimmigrant classifications while enhancing national security.""
The department indicated that the new rule is expected to take effect 60 days after its publication in the Federal Register.
The document shows that the rule is scheduled to be published on July 17.
""This rule has been classified as a major rule subject to congressional review... However, at the conclusion of the congressional review, if the effective date has been changed, DHS will publish a document in the Federal Register to establish the actual effective date or to terminate the rule,"" the document stated.
The visa changes have sparked concern among universities and media organisations, which argue that the new limits could create uncertainty for international students pursuing lengthy degree programmes and for foreign correspondents covering the United States on long-term assignments.
For aspiring journalists, including those from Jamaica, the changes could mean additional immigration requirements if they enrol in journalism programmes in the United States or are assigned by media organisations to work there as foreign correspondents.
Follow The Gleaner on X, formerly Twitter, and Instagram @JamaicaGleaner and on Facebook @GleanerJamaica. Send us a message on WhatsApp at 1-876-499-0169 or email us at onlinefeedback@gleanerjm.com or editors@gleanerjm.com.",direct,,5701.0,False
final_rule,20260716T183000Z,"Student Visa Update : DHS Formalizes Changes for F , J , I Classifications",https://www.newsweek.com/student-exchange-visa-update-dhs-formalizes-duration-stay-rules-12205910,newsweek.com,English,United States,https://assets.newsweek.com/wp-content/uploads/2026/07/GettyImages-2209835579.jpg?&crop=1,final_rule,False,"The Trump administration has finalized a proposal that would fundamentally change how hundreds of thousands of international students, exchange visitors and foreign journalists remain in the United States, replacing a decades-old immigration framework with fixed admission periods and new federal extension requirements.
The proposed Department of Homeland Security (DHS) rule would affect individuals on F student visas, J exchange visitor visas and I visas for representatives of foreign media.
Rather than being admitted for the duration of their studies, exchange programs or professional assignments, the people would receive fixed periods of admission and, in many cases, need to seek approval from U.S. Citizenship and Immigration Services (USCIS) to remain in the country longer.
The change would represent one of the most significant overhauls of the student visa system in decades, shifting authority away from universities and exchange program administrators and toward federal immigration officials, coming after the Trump administration placed additional scrutiny on student visa holders in 2025 after pro-Palestinian protests on college campuses.
Who Would Be Impacted?
The proposal applies to:
- F-1 academic students and their dependents.
- J-1 exchange visitors, including researchers, scholars, physicians, au pairs and other program participants, along with their dependents.
- I visa holders, which include foreign journalists and other representatives of international media organizations.
Currently, many of these visa holders are admitted under a system known as Duration of Status, allowing them to remain in the United States as long as they continue to comply with the terms of their visa program. The new proposal would end that framework and replace it with a fixed end date for admission.
For students and exchange visitors, admission generally would be tied to a program's end date but capped at four years, meaning people in longer programs such as doctoral degrees could have to request extensions from USCIS before completing their studies.
Fanta Aw, the executive director and CEO of NAFSA: Association of International Educators, said in a statement shared with Newsweek that the plan was ""misguided and unnecessary.""
""It is a solution in search of a problem,"" Aw said. ""International students and exchange visitors are already the most monitored nonimmigrant populations in the United States. SEVIS and the partnership between institutions and the federal government already provide a rigorous and highly effective system of oversight, compliance, and accountability.""
What Would Change?
Under the new rule, students, exchange visitors and media representatives who need additional time would have to file an Extension of Stay application with USCIS. Federal immigration officers would review those requests and could require biometrics appointments or interviews as part of the process.
The rule would also:
- Reduce the post-graduation grace period for F-1 students from 60 days to 30 days.
- Create tighter limits on school transfers and changes in educational objectives.
- Impose a 24-month aggregate cap on English-language study for F-1 students.
- Increase reporting requirements for schools and exchange program sponsors.
- Establish new admission and extension procedures for foreign media on I visas.
Supporters have argued that the changes would strengthen oversight and ensure immigration officials have more visibility into whether visa holders remain eligible for their status. Critics previously warned that the proposal would create additional costs, paperwork and uncertainty for students and educational institutions.
“International students, scholars, and exchange visitors contribute economically, intellectually, and culturally to American society,"" Zuzana C. Wootson, deputy director of federal policy at the Presidents’ Alliance, said in a press release. ""They drive innovation, create jobs, and advance groundbreaking research, creating opportunities for Americans. They deserve assurance that their admission period to the U.S. will conform to the requirements of their academic programs.
“At a time when international student enrollment is already declining, we should be welcoming the best and brightest—not erecting new barriers that limit opportunity and innovation.”
Part of Broader Crackdown
The proposal arrives amid a wider Trump administration effort to increase scrutiny of international students and foreign academics.
Since January 2025, the administration has moved aggressively on student visa enforcement, including increased reviews of social media activity and intensified scrutiny of foreign students involved in protests and political activism. The administration has also sought to expand grounds for visa revocations and deportations, arguing that stronger enforcement is necessary for national security and immigration compliance.
“For nearly half a century, the outdated 'duration of status' system has compromised national security and created an environment ripe for immigration fraud,” DHS Secretary Markwayne Mullin said Thursday in a press release. “For decades, foreign students have been admitted into the U.S. indefinitely, allowing thousands to abuse our immigration system by perpetually enrolling in courses to avoid having to leave the U.S.
""By implementing clear, finite limits on these visas, the United States is reclaiming its ability to properly screen, vet, and monitor individuals within our borders. This final rule ensures that foreign students remain focused on their primary purpose: completing their studies and returning home.”
The renewed push echoes policies pursued during President Donald Trump's first term, when his administration first proposed eliminating Duration of Status and requiring students to seek government approval for extended stays. The proposal generated significant opposition from universities, higher-education groups and immigration advocates, who argued that it would make the United States a less attractive destination for international talent.
International students contribute billions of dollars annually to the U.S. economy and play a major role in graduate programs, particularly in the science, technology, engineering and mathematics fields. Higher-education organizations previously warned that requiring repeated USCIS approvals could create processing delays and uncertainty for students pursuing lengthy programs or research projects.
Contact Newsweek editors on this story: Jason Lemon and Dave Siminoff.",direct,,6555.0,False
final_rule,20260716T190000Z,Trump limits foreign students to four - year US stay,https://punchng.com/trump-limits-foreign-students-to-four-year-us-stay/,punchng.com,English,Nigeria,https://punchng.com/wp-content/uploads/2026/07/AFP__20260715__2286275847__v1__MidRes__PresidentTrumpAddressesPennsylvaniaDefenseAnd_1784226990-1200x630.webp,final_rule,False,"The administration of United States President Donald Trump has finalised a new rule limiting most foreign students and exchange visitors to a maximum stay of four years in the country unless they obtain an extension from the Federal Government, The Washington Post reports on Thursday.
The new rule, announced by the Department of Homeland Security, ends the long-standing “duration of status” policy under which international students were generally allowed to remain in the US for the length of their academic programmes, provided they complied with visa requirements.
The restriction will apply to students on F-1 visas and exchange visitors on J-1 visas.
According to The Washington Post, the Department of Homeland Security acknowledged concerns that some students could struggle to complete their academic programmes within the new timeframe, noting that many bachelor’s degrees take more than four years to complete, while doctoral programmes typically take even longer.
Homeland Security Secretary Markwayne Mullin said the change was necessary to strengthen immigration enforcement and prevent visa overstays.
“For nearly half a century, the outdated ‘duration of status’ system has compromised national security and created an environment ripe for immigration fraud,” Mullin said.
The policy was, however, criticised by NAFSA: Association of International Educators, which described the move as unnecessary and warned it would create uncertainty for international students.
“DHS’ decision to end Duration of Status is a misguided and unnecessary policy shift that injects uncertainty, bureaucracy, and fear into a system that has long worked effectively,” NAFSA Executive Director Fanta Aw said.
The new rule comes as many US colleges and universities continue to face challenges attracting international students amid tighter immigration policies and visa restrictions introduced by the Trump administration.",direct,,1919.0,False
final_rule,20260716T221500Z,"US tightens visa rule for foreign students , exchange visitors",https://www.hindustantimes.com/world-news/us-tightens-visa-rule-for-foreign-students-exchange-visitors-101784226859137.html,hindustantimes.com,English,India,https://www.hindustantimes.com/ht-img/img/2026/07/16/550x309/Harvard-University-graduates-celebrate-during-comm_1784226849909.jpg,final_rule,False,"New US rule caps foreign student visas at four years, halves grace period
Foreign students and exchange visitors will be admitted only for the duration of their academic programme, subject to a maximum stay of four years.
In a move that could significantly affect foreign students in the United States, the Department of Homeland Security (DHS) has ended the decades-old “duration of status” policy, replacing it with fixed visa validity periods for international students, exchange visitors and foreign journalists.
Under the new rule, foreign students and exchange visitors -- including those already in the US -- will be admitted only for the duration of their academic programme, subject to a maximum stay of four years. The rule, which also applies to J visas for exchange visitors and I visas for foreign media, is expected to take effect around September 15 after the mandatory congressional review period.
Also read: NEET UG 2026 results declared, 11.21 lakh candidates qualify | See how to check scorecard here
The Trump administration said the changes are intended to curb abuse of student visas by imposing finite periods of stay instead of allowing visa holders to remain in the US indefinitely.
Since 1978, students entering the US on F-category visas have been allowed to stay for an unspecified period under the “duration of status” framework, provided they maintained their non-immigrant student status. After completing their studies, they could also remain in the US for Optional Practical Training (OPT), after which they were given 60 days to leave the country, change visa status or enrol in another academic programme.
What does the new rule say?
The new rule ends that system. Students seeking to remain in the US beyond four years will have to apply to the US Citizenship and Immigration Services (USCIS) for an extension. The grace period after completion of studies has also been halved to 30 days from 60 days for enrolling in a new educational programme, changing visa status or departing the US.
The regulations also tighten academic flexibility. Graduate students will no longer be allowed to transfer to another university or change their programme of study without seeking fresh authorisation.
Also read: Over 100 scientists quit Isro, govt steps in to tighten exit norms amid mass resignations: Reports
“This rule will really impact students who take more than four years to complete their programme of study. For example, there were students who had to return home during the pandemic. Sometimes students fall ill, take a break and later resume their studies in the US. The earlier rules accommodated such situations. Now, any emergency could create major problems. It will also affect PhD students who may not complete their research within four years. Given that student visa appointments are already difficult to obtain, this could further worsen the situation,” said Mrinalini Batra, who heads International Education Exchange, an education consultancy.
Trump administration on new visa rule
Defending the policy, the Trump administration said the existing “duration of status” system had enabled misuse of student visas.
“For decades, foreign students have been admitted into the US indefinitely, allowing thousands to abuse our immigration system by perpetually enrolling in courses to avoid having to leave the U.S. By implementing clear, finite limits on these visas, the United States is reclaiming its ability to properly screen, vet, and monitor individuals within our borders. This final rule ensures that foreign students remain focused on their primary purpose: completing their studies and returning home,” DHS secretary Markwayne Mullin said.
- ABOUT THE AUTHORShashank MattooShashank Mattoo is the Washington DC-based US Correspondent for Hindustan Times. Shashank covers the Trump administration, the India-US relationship and America's policies towards South Asia and the broader Indo-Pacific.Read More",direct,,3955.0,False
final_rule,20260717T000000Z,Trump rule puts new limits on how long Bay Area international students can stay,https://www.mercurynews.com/2026/07/16/trump-administration-caps-how-long-international-students-can-stay-in-the-us/,mercurynews.com,English,United States,https://www.mercurynews.com/wp-content/uploads/2026/07/Trump_72716_c17efd.jpg,final_rule,False,"By Annie Ma , Associated Press and Molly Gibbs, Bay Area News Group
International students at Bay Area universities could be forced to seek federal approval to remain in the country beyond four years under a new Trump administration rule that upends decades of federal policy and has alarmed University of California officials.
The rule, finalized Thursday by the Department of Homeland Security, will limit international students’ initial admission to the length of their academic program or four years, whichever is shorter. Students who need more time will have to apply to extend their stay. The rule, which takes effect in September, also restricts when and how students may change their major or academic program.
Current rules generally allow international students to remain in the United States for as long as it takes to complete their academic programs, provided they maintain their legal status. Many programs, particularly doctoral degrees, take longer than four years by design.
The changes could affect thousands of students in the Bay Area. UC Berkeley alone enrolled 6,879 students on F-1 or J-1 visas in fall 2025, according to the university’s international office.
RELATED: New international student enrollment fell at colleges this fall, report finds
“The University is deeply concerned with the new Department of Homeland Security policy as it significantly changes the way international students have studied in the U.S. for decades,” UC spokesperson Rachel Zaentz said in a statement.
The previous policy, known as “duration of status,” gave international students and scholars the time needed to complete their studies, conduct research, teach, train and work as long as they maintained their legal status, Zaentz said.
The California State University system said Thursday that it was still assessing how the rule would affect its international students, who come from more than 160 countries.
“Like all CSU students, our international students add to the rich diversity, voices and perspectives that enrich our campuses and make the CSU a vibrant and inclusive place to learn and grow,” the system said in a statement.
Higher education leaders have opposed the rule, arguing that it will create additional uncertainty for students and an administrative burden for universities and the federal government.
“This action is unnecessary and duplicative,” said Zuzana Wootson, deputy director of federal policy at the Presidents’ Alliance on Higher Education and Immigration, a nonprofit organization. “International students are already among the most closely monitored nonimmigrant populations in the U.S. and are subject to rigorous oversight by DHS and academic institutions.”
In a statement, DHS Secretary Markwayne Mullin said the rule closes a loophole that international students have exploited by extending their studies.
“By implementing clear, finite limits on these visas, the United States is reclaiming its ability to properly screen, vet, and monitor individuals within our borders,” Mullin said. “This final rule ensures that foreign students remain focused on their primary purpose: completing their studies and returning home.”
The rule is the latest in a series of Trump administration crackdowns on international students. Last spring, widespread terminations of students’ legal status sent students scrambling to hide or leave the country out of fear they would be detained for being in the U.S. illegally.
RELATED: In the Bay, some international students self-deported before Trump restored their legal status
The federal government also imposed a requirement that visa applicants share their social media handles, subjecting them to increased scrutiny. Travel bans affecting more than a dozen countries across Africa, the Middle East and Asia have further limited international students’ ability to obtain visas and enter the United States to attend school.
The rule comes as international student enrollment is declining. The effects have been felt most acutely at schools with small endowments and those that enroll large percentages of international students recruited from abroad. International students are not eligible for federal financial aid and often pay full tuition.
Higher education leaders have warned that growing uncertainty could drive more international students to pursue their education elsewhere, with ripple effects throughout the workforce and economy.
“At a time when global competition for talent is intensifying, this policy sends exactly the wrong message,” Fanta Aw, CEO of NAFSA, an association representing international education, said in a statement. “It tells the world’s brightest students and scholars that the United States is becoming less welcoming, less predictable, and less committed.”",direct,,4770.0,False
final_rule,20260717T001500Z,Donald Trump Team Proposes Huge Student Visa Changes : Details,https://www.realitytea.com/2026/07/16/donald-trump-student-visa-four-year-limit/,realitytea.com,English,United States,https://www.realitytea.com/wp-content/uploads/sites/6/2026/07/Donald-Trump-student-visa.jpg,final_rule,False,"International students in the US may face new challenges as the Department of Homeland Security under Donald Trump‘s administration moves forward with major visa rule changes. The new regulations will likely raise expenses and add to the uncertainty for F-1 visa students. The changes will affect how long students can remain and how they plan their studies. Indian students could feel a major impact, as they constitute the largest group of international students in the US.
The biggest changes in Donald Trump’s proposed student visa rules
Many international students will no longer benefit from the “duration of status” process, a change that has been finalized by the Department of Homeland Security. The new rule limits most F-1 students to the length of their academic program, up to a maximum of four years.
The rule will also shorten the grace period after studies or training from 60 days to 30 days. The maximum period of stay will be 24 months for students in English language programmes.
The new system will also impact exchange visitors holding J visas and representatives of foreign media. Students will need to apply for extensions instead of staying in the US while they continue their approved studies.
Extensions will need USCIS approval, documents, and biometric information. If students do not extend their stay on time, they may encounter unlawful presence problems.
The rule will also restrict academic changes for international students. In the first year, undergraduate F-1 students are not allowed to change their major or study program or change their education level except in certain situations.
Graduate students will face stricter rules and generally cannot change their program or field of study. They will also have restrictions during transfer to other schools.
DHS has developed transition arrangements for students who are currently in the United States under the current system. Students already in the U.S. under the current system may continue under the existing “duration of status” framework for up to four additional years or until they complete their current academic program, whichever comes first.
The new fixed-period system is expected to take effect on Sept 17. The Open Doors Report shows that 3.6 lakh Indian students were enrolled in the U.S. in 2024-25.
Tell us – Do you think Donald Trump’s new US visa rules will make it harder for international students to study in America?",direct,,2428.0,False
final_rule,20260717T003000Z,"SKNVibes | US overhauls visa rules , imposes time limits on students and foreign media",https://www.sknvibes.com/news/newsdetails.cfm/127632,sknvibes.com,English,Saint Kitts and Nevis,,final_rule,False,"WASHINGTON, DC — THE United States is moving to end what it describes as one of the last major loopholes in its immigration system by imposing fixed periods of stay for foreign students, exchange visitors and international media representatives.
 
In a statement issued today, the Department of Homeland Security (DHS) announced a final rule eliminating the long-standing ""duration of status"" policy, which allowed certain nonimmigrant visa holders to remain in the United States for as long as they continued to meet the conditions of their visa, without having to periodically seek approval from federal immigration authorities.
 
The new rule establishes a fixed period of admission for holders of F (student), J (exchange visitor) and I (foreign media) visas. According to the DHS, the change is intended to strengthen immigration oversight, reduce visa abuse and enhance national security through regular vetting.
 
""This decisive shift restores integrity to the nation's immigration system, combats rampant visa abuse, and strengthens national security through regular vetting,"" the department said.
 
DHS Secretary Markwayne Mullin said the previous system had remained in place for nearly 50 years and created opportunities for abuse.
 
""For nearly half a century, the outdated 'duration of status' system has compromised national security and created an environment ripe for immigration fraud,"" Mullin said. ""For decades, foreign students have been admitted into the U.S. indefinitely, allowing thousands to abuse our immigration system by perpetually enrolling in courses to avoid having to leave the U.S.""
 
He added that introducing fixed time limits would allow immigration authorities to more effectively screen, vet and monitor foreign nationals while ensuring students remain focused on completing their studies before returning home.
 
Under the new regulations, F visa students and J visa exchange visitors will be admitted for the duration of their approved academic or exchange programme, subject to a maximum stay of four years.
 
The rule also introduces several other significant changes, including:
 
Mandatory federal extensions: Students needing additional time to complete their programme must apply directly to U.S. Citizenship and Immigration Services (USCIS) for an Extension of Stay. Applications will be subject to biometric screening, background checks and fraud reviews.
 
Shorter grace period: The period for F-1 students to remain in the United States after completing their studies, transferring schools or changing immigration status will be reduced from 60 days to 30 days.
Restrictions on programme changes: The rule introduces tighter controls on students seeking to change their academic programmes.
 
According to DHS, the regulation will be published in the Federal Register within the coming days and will take effect 60 days after publication.
 
Current F, J and I visa holders already residing in the United States under the existing ""duration of status"" framework will automatically transition to the new system, with their authorised stay capped at a maximum of four years from the rule's effective date.
 
The Student and Exchange Visitor Program (SEVP), administered by U.S. Immigration and Customs Enforcement (ICE), will continue overseeing schools and international students through the Student and Exchange Visitor Information System (SEVIS), which tracks compliance with U.S. immigration requirements.
 
The policy marks one of the most significant changes to the administration of student and exchange visitor visas in decades, shifting oversight from educational institutions to federal immigration authorities through mandatory periodic review of visa holders' status.",direct,,3727.0,False
final_rule,20260717T010000Z,Trump rule puts new limits on how long Bay Area international students can stay,https://www.eastbaytimes.com/2026/07/16/trump-administration-caps-how-long-international-students-can-stay-in-the-us/,eastbaytimes.com,English,United States,https://www.eastbaytimes.com/wp-content/uploads/2026/07/Trump_72716_c17efd.jpg,final_rule,True,,,,,False
final_rule,20260717T013000Z,"INT : Student visa update : DHS formalizes changes for F , J , I classifications",https://inlandnewstoday.com/story.php?s=80749,inlandnewstoday.com,English,United States,,final_rule,False,"WASHINGTON - The Trump administration has finalized a proposal that would fundamentally change how hundreds of thousands of international students, exchange visitors and foreign journalists remain in the United States, replacing a decades-old immigration framework with fixed admission periods and new federal extension requirements.  
  
The proposed Department of Homeland Security (DHS) rule would affect individuals on F student visas, J exchange visitor visas and I visas for representatives of foreign media.  
  
Rather than being admitted for the duration of their studies, exchange programs or professional assignments, the people would receive fixed periods of admission and, in many cases, need to seek approval from U.S. Citizenship and Immigration Services (USCIS) to remain in the country longer.  
  
The change would represent one of the most significant overhauls of the student visa system in decades, shifting authority away from universities and exchange program administrators and toward federal immigration officials, coming after the Trump administration placed additional scrutiny on student visa holders in 2025 after pro-Palestinian protests on college campuses.  
  
Who would be impacted?  
  
The proposal applies to:  
  
•	F-1 academic students and their dependents.  
•	J-1 exchange visitors, including researchers, scholars, physicians, au pairs and other program participants, along with their dependents.  
•	I visa holders, which include foreign journalists and other representatives of international media organizations.  
  
Currently, many of these visa holders are admitted under a system known as Duration of Status, allowing them to remain in the United States as long as they continue to comply with the terms of their visa program. The new proposal would end that framework and replace it with a fixed end date for admission.  
  
For students and exchange visitors, admission generally would be tied to a program's end date but capped at four years, meaning people in longer programs such as doctoral degrees could have to request extensions from USCIS before completing their studies.  
  
What would change?  
  
Under the new rule, students, exchange visitors and media representatives who need additional time would have to file an Extension of Stay application with USCIS. Federal immigration officers would review those requests and could require biometrics appointments or interviews as part of the process.  
  
The rule would also:  
  
•	Reduce the post-graduation grace period for F-1 students from 60 days to 30 days.  
•	Create tighter limits on school transfers and changes in educational objectives.  
•	Impose a 24-month aggregate cap on English-language study for F-1 students.  
•	Increase reporting requirements for schools and exchange program sponsors.  
•	Establish new admission and extension procedures for foreign media on I visas.  
  
Supporters have argued that the changes would strengthen oversight and ensure immigration officials have more visibility into whether visa holders remain eligible for their status. Critics previously warned that the proposal would create additional costs, paperwork and uncertainty for students and educational institutions.  
  
“International students, scholars, and exchange visitors contribute economically, intellectually, and culturally to American society,"" Zuzana C. Wootson, deputy director of federal policy at the Presidents’ Alliance, said in a press release. ""They drive innovation, create jobs, and advance groundbreaking research, creating opportunities for Americans. They deserve assurance that their admission period to the U.S. will conform to the requirements of their academic programs.  
  
“At a time when international student enrollment is already declining, we should be welcoming the best and brightest—not erecting new barriers that limit opportunity and innovation.”  
  
The proposal arrives amid a wider Trump administration effort to increase scrutiny of international students and foreign academics.  
  
The proposal generated significant opposition from universities, higher-education groups and immigration advocates, who argued that it would make the United States a less attractive destination for international talent.  
  
International students contribute billions of dollars annually to the U.S. economy and play a major role in graduate programs, particularly in the science, technology, engineering and mathematics fields. Higher-education organizations previously warned that requiring repeated USCIS approvals could create processing delays and uncertainty for students pursuing lengthy programs or research projects. (Source: Newsweek)  
Story Date: July 17, 2026",direct,,4717.0,False
final_rule,20260717T041500Z,Trump administration to limit international student stay to 4 years - Xinhua,https://english.news.cn/northamerica/20260717/1e335ad3ebf945eebde8fffe22405b4f/c.html,english.news.cn,English,,,final_rule,False,"WASHINGTON, July 16 (Xinhua) -- The U.S. Department of Homeland Security (DHS) announced on Thursday that it will tighten stay limits for international students and exchange visitors, capping their legal stay at a maximum of four years unless granted a federal extension.
""Nonimmigrant students (F visas) and exchange visitors (J visas) will be admitted for the length of their specific program, not to exceed a maximum period of four years,"" the department said in a statement released on its website.
The final rule, it said, ""officially eliminates the 'duration of status' loophole"" that allowed foreign students, exchange visitors and others to remain in the United States indefinitely ""without routine government oversight.""
Duration of Status allows foreign individuals to remain in the United States for as long as they are actively maintaining the purpose of their visa, instead of giving a fixed calendar date when they must leave the country.
""For nearly half a century, the outdated 'duration of status' system has compromised national security and created an environment ripe for immigration fraud,"" said DHS Secretary Markwayne Mullin, accusing thousands of foreign students of abusing the U.S. immigration system.
In a statement, Fanta Aw, executive director and CEO of NAFSA, a U.S.-based association of international educators, depicted the DHS decision as a ""misguided and unnecessary policy shift that injects uncertainty, bureaucracy, and fear into a system that has long worked effectively.""
""It tells the world's brightest students and scholars that the United States is becoming less welcoming, less predictable, and less committed,"" Aw said. ■",direct,,1666.0,False
final_rule,20260717T041500Z,Trump administration to limit international student stay to 4 years - Xinhua,https://english.news.cn/20260717/447af6184e1547459593bfe429069ac3/c.html,english.news.cn,English,,,final_rule,True,,,,,False
final_rule,20260717T050000Z,Trump administration to limit international student stay to 4 years,http://en.people.cn/n3/2026/0717/c90000-20478924.html,en.people.cn,English,China,,final_rule,False,"Trump administration to limit international students' stay to 4 years
WASHINGTON, July 16 (Xinhua) -- The U.S. Department of Homeland Security (DHS) announced on Thursday that it will tighten stay limits for international students and exchange visitors, capping their legal stay at a maximum of four years unless granted a federal extension.
""Nonimmigrant students (F visas) and exchange visitors (J visas) will be admitted for the length of their specific program, not to exceed a maximum period of four years,"" the department said in a statement released on its website.
The final rule, it said, ""officially eliminates the 'duration of status' loophole"" that allowed foreign students, exchange visitors and others to remain in the United States indefinitely ""without routine government oversight.""
Duration of Status allows foreign individuals to remain in the United States for as long as they are actively maintaining the purpose of their visa, instead of giving a fixed calendar date when they must leave the country.
""For nearly half a century, the outdated 'duration of status' system has compromised national security and created an environment ripe for immigration fraud,"" said DHS Secretary Markwayne Mullin, accusing thousands of foreign students of abusing the U.S. immigration system.
In a statement, Fanta Aw, executive director and CEO of NAFSA, a U.S.-based association of international educators, depicted the DHS decision as a ""misguided and unnecessary policy shift that injects uncertainty, bureaucracy, and fear into a system that has long worked effectively.""
""It tells the world's brightest students and scholars that the United States is becoming less welcoming, less predictable, and less committed,"" Aw said.
Copyright © 2026 People's Daily Online. All Rights Reserved.",direct,,1795.0,False
final_rule,20260717T051500Z,"US limits stay of foreign students , journalists",https://pajhwok.com/2026/07/17/us-limits-stay-of-foreign-students-journalists/,pajhwok.com,English,Afghanistan,https://pajhwok.com/wp-content/uploads/2026/07/IMG_5188-1024x683.jpeg,final_rule,False,"KABUL (Pajhwok): The Trump administration has approved new regulations limiting the length of stay in the United States for foreign students, cultural exchange programme participants and foreign journalists.
According to Reuters, under the final regulations issued by the US Department of Homeland Security, holders of F visas for foreign students and J visas for exchange programme participants will, in most cases, be allowed to stay in the United States for a maximum of four years.
Foreign journalists holding I visas will generally be permitted to remain in the country for up to 240 days.
Reuters said the new rules also limit the stay of Chinese journalists to 90 days, although they may apply for an extension before their authorised stay expires. The restriction does not apply to journalists from Hong Kong and Macau.
Previously, foreign students, exchange programme participants and foreign journalists were admitted under the “Duration of Status” (D/S) system, which allowed them to remain in the United States as long as they continued to meet the conditions of their visas.
The Department of Homeland Security said assigning a fixed period of stay would strengthen oversight of visa holders and help prevent potential abuse of the US immigration system.
Under the new regulations, individuals who need additional time to complete their studies or continue their assignments must apply for an extension of their immigration status from within the United States.
Reuters said the changes could particularly affect doctoral students and graduates working under the Optional Practical Training (OPT) programme, as they may also need to apply for extensions to continue their stay.
Several higher education institutions and press freedom advocacy groups have opposed the decision, according to the report.
Critics say the new restrictions could make it more difficult for US institutions to attract international students and create additional challenges for foreign journalists working in the country.
The regulations will take effect 60 days after their official publication in the US Federal Register.
sa",direct,,2116.0,False
final_rule,20260717T053000Z,Homeland Security caps international student stay to four years,https://www.dailycardinal.com/article/2026/07/homeland-security-caps-international-student-stay-to-four-years,dailycardinal.com,English,United States,https://snworksceo.imgix.net/car/c224a69a-7794-4e1b-833c-e6ae29a236da.sized-1000x1000.jpg,final_rule,False,"The U.S. Department of Homeland Security announced today that international students will now only be allowed to stay in the United States for four years under their visa.
The new ruling will officially be published in the Federal Register tomorrow, July 17. The ruling guts a 1978 policy, known as ‘duration of status,’ that allowed international college and university students to stay in the U.S. until their program ended.
The change is set to go into effect on Sept. 15, 2026 — 60 days after its publication. Current international students will start their four-year stay on that day.
As of the 2024-25 academic year, there were nearly 8,000 international students at the University of Wisconsin-Madison, which accounts for 15% of the student body.
UW-Madison sent letters July 17 to all visa international students with information about the ruling and its implications.
Visa holders can apply for an extension, which would include “biometric vetting, background checks and fraud screenings,” according to DHS.
The DHS press release claims the ‘duration of status’ was a “loophole,” and called international students staying for an indefinite period of time “forever students.” DHS said the new ruling “restores integrity to the nation’s immigration system, combats rampant visa abuse and strengthens national security through regular vetting.”
“For decades, foreign students have been admitted into the U.S. indefinitely, allowing thousands to abuse our immigration system by perpetually enrolling in courses to avoid having to leave the U.S.,” DHS Secretary Markwayne Mullin said in the statement. “This final rule ensures that foreign students remain focused on their primary purpose: completing their studies and returning home.”
In an email, School of Journalism and Mass Communication Director Mike Wagner told SJMC students the ruling is an “incredibly drastic departure from the current rule that allowed students to stay in country for the duration of the program they were learning in while in the U.S.”
“The current rule has allowed our students to flourish academically, professionally, and civically for decades – our programs have literally been models for others around the globe,” Wagner said. “The rule change will also affect this record of accomplishment.”
Audrey Lopez-Stane is the state news editor for The Daily Cardinal. She has written in-depth on free speech on campus, higher education and elections including the Wisconsin Supreme Court race and upcoming governor primary. Audrey previously interned at WisPolitics and now works for Wisconsin Watch. Follow her on X @ALopezStane.",direct,https://www.dhs.gov/news/2026/07/16/trump-administration-issues-final-rule-end-foreign-student-visa-abuse | https://www.dhs.gov/news/2026/07/16/trump-administration-issues-final-rule-end-foreign-student-visa-abuse#:~:text=Current%20nonimmigrant%20visa%20holders%20residing%20in%20the%20United%20States%20under%20the%20previous%20%E2%80%9Cduration%20of%20status%E2%80%9D%20framework%20will%20transition%20to%20the%20new%20system%20automatically%2C%20with%20their%20authorized%20stay%20capped%20at%20a%20maximum%20of%20four%20years%20from%20the%20effective%20date%20of%20this%20rule. | https://www.dhs.gov/news/2026/07/16/trump-administration-issues-final-rule-end-foreign-student-visa-abuse#:~:text=The%20rule%20will%20go%20into%20effect%2060%20days%20after%20publication%20in%20the%20Federal%20Register. | https://www.dhs.gov/news/2026/07/16/trump-administration-issues-final-rule-end-foreign-student-visa-abuse#:~:text=biometric%20vetting%2C%20background%20checks%2C%20and%20fraud%20screenings,2612.0,False
final_rule,20260717T061500Z,US caps foreign student stay at four years under new visa rules,https://scroll.in/latest/1094340/us-caps-foreign-students-stay-at-four-years-under-new-visa-rules,scroll.in,English,India,https://sc0.blr1.cdn.digitaloceanspaces.com/book/211466-ykmdspmlip-1771602669.jpg,final_rule,False,"US caps foreign students’ stay at four years under new visa rules
Limits have also been introduced on the duration of stay for visitors on exchange programmes who hold a J visa and for international journalists with an I visa.
International students will only be able to remain in the United States for a maximum period of four years, said the Donald Trump administration on Thursday while announcing key changes to visa rules.
Apart from international students with F visas, the new final rule to be published by the Department of Homeland Security will impact visitors on cultural exchange programmes who possess a J visa and foreign journalists with an I visa.
These visas are currently available for the duration of an educational programme or employment in the US.
The changes are expected to affect students enrolled in doctoral programmes the most, which typically require five years to seven years to complete.
These programmes have attracted heavy Indian enrolment, among the 3.31 lakh students from the country currently studying in the US.
The new rules will replace the long-standing “duration of status” system and are meant to “combat rampant visa abuse, and strengthen national security through regular vetting”, stated the Department of Homeland Security.
It added that the changes will be published in the Federal Register “in the next few days” and will take effect 60 days after that.
Following that, students will have to apply for extensions periodically if they require more than four years to complete their studies or exchange programme.
The application process will include biometric and background checks, as well as fraud screening.
The grace period for students after completing their studies has also been reduced from 60 days to 30 days. During this time, students must leave the country, transfer to another institution or change to a different immigration status if they wish to remain in the US.
The regulations also prohibit students from changing their “educational objectives” or transferring to another institution without authorisation, Reuters reported.
The visa for members of the media will be limited to 240 days, while Chinese journalists will receive visas valid for up to 90 days, according to the news agency.
Homeland Security Secretary Markwayne Mullin said the previous system had allowed some students to remain in the US indefinitely by continually enrolling in courses.
“This final rule ensures that foreign students remain focused on their primary purpose: completing their studies and returning home,” he said.
In 2020, a similar proposal was announced at the end of Trump’s first term, but it was withdrawn by the Joe Biden administration in 2021.
As of 2024, there were about 1.6 million international students on F visas in the US.
In 2023-’24, authorities also granted 13,000 visas for journalists and more than 3.5 lakh J visas meant for cultural exchange visitors.
Since taking office in his second term in January 2025, Trump has announced several measures as part of his immigration crackdown.
Written by Sara Varghese. Edited by Sneha.",direct,https://www.dhs.gov/news/2026/07/16/trump-administration-issues-final-rule-end-foreign-student-visa-abuse,3098.0,False
final_rule,20260717T103000Z,From fixed four - year stays to shorter grace periods : Why Trump new student visa rules spell trouble for over 3 lakh Indian students,https://www.moneycontrol.com/world/from-fixed-four-year-stays-to-shorter-grace-periods-why-trump-s-new-visa-rules-are-bad-news-for-over-3-lakh-indian-students-article-13976837.html,moneycontrol.com,English,India,https://images.moneycontrol.com/static-mcnews/2023/05/US-VISA.jpg,final_rule,False,ERROR: direct: 403 Client Error: Forbidden for url: https://www.moneycontrol.com/world/from-fixed-four-year-stays-to-shorter-grace-periods-why-trump-s-new-visa-rules-a | wayback: no archived copy,,,195.0,False
final_rule,20260717T140000Z,America tightens rules for international students starting September,https://www.africanews.com/2026/07/17/america-tightens-rules-for-international-students-starting-september/,africanews.com,English,Nigeria,https://images.euronews.com/articles/stories/09/84/16/81/1024x538_cmsv2_addb943e-cb22-547d-ab2e-47e379ce8179-9841681.jpg,final_rule,False,ERROR: direct: 406 Client Error: Not Acceptable for url: https://www.africanews.com/2026/07/17/america-tightens-rules-for-international-students-starting-september/ | wayback: no archived copy,,,192.0,False
final_rule,20260717T144500Z,"US tightens visa regulations for international students , exchange visitors and journalists",https://www.orissapost.com/us-tightens-visa-regulations-for-international-students-exchange-visitors-and-journalists/,orissapost.com,English,India,https://www.orissapost.com/wp-content/uploads/2025/09/H-1B-visa.png,final_rule,False,"Washington: US has tightened visa rules for foreign students, exchange visitors and journalists, ending a decades-old policy that allowed them to remain in the country indefinitely without government oversight, a move likely to affect a large number of Indians.
The new regulations establish a fixed period of admission for nonimmigrant visa holders in F, J, and I classifications, the Department of Homeland Security (DHS) said in a statement on Thursday.
The F category visas are for students, the J category for exchange visitors, and the I category is for journalists.
The rule also shortens the amount of time F visa holders have to depart or transfer from school and change status after their graduation from 60 to 30 days.
Presently, student visas are permitted to last for the duration of their studies, in addition to a period of up to three years after graduation through optional practical training (OPT).
The duration of I visas, for members of the media, will be capped at 240 days by the new rule, and 90 days for Chinese nationals. Under current rules, there is no specific time period for journalists’ visas and it can last years.
Nonimmigrant students (F visas) and exchange visitors (J visas) will be admitted for the length of their specific programme, but not longer than four years, the DHS said in a statement.
“For decades, foreign students have been admitted into the US indefinitely, allowing thousands to abuse our immigration system by perpetually enrolling in courses to avoid having to leave the US,” DHS Secretary Markwayne Mullin said in a statement here.
Mullin said by implementing clear, finite limits on these visas, the US is reclaiming its ability to properly screen, vet, and monitor individuals within its borders.
“This final rule ensures that foreign students remain focused on their primary purpose: completing their studies and returning home,” he said.
The DHS said the decisive shift restores integrity to the nation’s immigration system, combats rampant visa abuse, and strengthens national security through regular vetting.
It said a fixed period of admission is currently in place for many other types of non-immigrant visas.
Since 1978, foreign students have been admitted into the US for an unspecified period, enabling thousands to become “forever students” by perpetually enrolling in courses to avoid departure.
According to the Open Doors 2025 report, there were 363,019 international students from India enrolled at US colleges and universities during the 2024-25 academic year. A 9.5 per cent change from the previous year.
Students from India account for nearly 31 per cent of all international students in the US, according to the report.
Visa holders requiring additional time to complete an academic programme must formally apply for an Extension of Stay directly through the US Citizenship and Immigration Services.
This transitions oversight from university staff back to federal authorities and subjects applicants to biometric vetting, background checks, and fraud screenings, the DHS said.
The rule introduces strict limitations on academic changes.
Current non-immigrant visa holders residing in the US under the previous “duration of status” framework will transition to the new system automatically, with their authorised stay capped at a maximum of four years from the effective date of this rule.",direct,,3366.0,False
final_rule,20260717T151500Z,Trump rule puts new limits on how long Bay Area international students can stay,https://www.sonomanews.com/2026/07/16/trump-administration-caps-how-long-international-students-can-stay-in-the-us/,sonomanews.com,English,United States,https://www.sonomanews.com/wp-content/uploads/2026/07/Trump_72716_c17efd.jpg,final_rule,True,,,,,False
final_rule,20260717T161500Z,US Plans to Cap International Student Stays at Four Years,https://en.tempo.co/read/2114243/us-plans-to-cap-international-student-stays-at-four-years,en.tempo.co,English,,https://statik.tempo.co/data/2017/03/01/id_585872/585872_620.jpg,final_rule,False,"TEMPO.CO, Jakarta - The United States Department of Homeland Security announced on Thursday, July 16, that it would tighten restrictions on international students and exchange program participants, limiting their legal stay to a maximum of four years unless they obtain a federally approved extension.
""Nonimmigrant students (F visas) and exchange visitors (J visas) will be admitted for the length of their specific program, not to exceed a maximum period of four years,"" the department said in a statement released on its website, as quoted by ANTARA.
According to the statement, the final rule “formally eliminates the ‘duration of status’ loophole” that allowed foreign students, exchange students, and others to remain in the U.S. indefinitely and “without routine government oversight.”
The duration of status provision allows foreign nationals to remain in the U.S. as long as they are actively pursuing the purpose of their visa, rather than setting a definite date when they must leave the country.
""For nearly half a century, the outdated 'duration of status' system has compromised national security and created an environment ripe for immigration fraud,"" said U.S. Homeland Security Secretary Markwayne Mullin, accusing thousands of foreign students of abusing the U.S. immigration system.
In a statement, Fanta Aw, executive director and CEO of NAFSA, a U.S.-based international educators association, described the DHS decision as ""an ill-advised and unnecessary policy change that injects uncertainty, bureaucracy, and fear into a system that has long operated effectively.""
""It tells the world's brightest students and scholars that the United States is becoming less welcoming, less predictable, and less committed,"" Aw said.
Read: Why Australia Cuts Indonesian Business Visa Process to 3 Days
Click here to get the latest news updates from Tempo on Google News",direct,,1878.0,False
final_rule,20260717T164500Z,"U . S ends indefinite stay for foreign students , journalists",https://www.vanguardngr.com/2026/07/u-s-ends-indefinite-stay-for-foreign-students-journalists/,vanguardngr.com,English,Nigeria,https://cdn.vanguardngr.com/wp-content/uploads/2026/06/AFP__20260603__B4X482N__v1__MidRes__UsPoliticsTrump.jpg,final_rule,False,"Photo by Mandel NGAN / AFP.
… Sets 4-year limit on visas
By Nkiruka nnorom
The United States has announced a new rule ending indefinite stay for foreign students, exchange visitors and journalists, and capped their period of admission at a maximum of four years.
The final rule, announced Thursday by the Department of Homeland Security in a statement, scrapped the “duration of status” policy that allowed holders of F, J and I visas to remain in the U.S for as long as they maintained enrollment or programme requirements without regular government review.
According to DHS, the reform was aimed at restoring integrity to the U.S immigration system, curbing visa abuse and strengthening national security through routine vetting.
DHS stated that the measure aligned U.S student visa policy with other non-immigrant visa categories that already operate fixed admission periods.
“For nearly half a century, the outdated duration of status system has compromised national security and created an environment ripe for immigration fraud,” DHS Secretary, Markwayne Mullin, said in the statement.
“For decades, foreign students have been admitted into the U.S indefinitely, allowing thousands to abuse our immigration system by perpetually enrolling in courses to avoid having to leave the U.S. By implementing clear, finite limits on these visas, the United States is reclaiming its ability to properly screen, vet, and monitor individuals within our borders,” Mullin added.
Under the new regulation, non-immigrant students on F visas and exchange visitors on J visas will now be admitted only for the length of their specific academic programme, up to a maximum of four years.
Students who need more time to complete their studies would be required to formally apply for an extension of stay directly with U.S Citizenship and Immigration Services (USCIS). The process, according to DHS, would subject applicants to biometric screening, background checks and fraud review, moving oversight from university officials back to federal authorities.
The rule also reduced the post-graduation grace period for F-1 students from 60 days to 30 days to either depart the U.S, transfer schools, or change visa status. In addition, strict limitations have been placed on academic programme changes.
DHS said current visa holders under the old “duration of status” system will automatically transition to the new framework, with their authorized stay capped at four years from the effective date of the rule.
The final rule will be published in the Federal Register in the coming days and will take effect 60 days after publication.
The Student and Exchange Visitor Program (SEVP), managed by U.S. Immigration and Customs Enforcement, will oversee implementation. SEVP tracks schools and international students in F and M visa categories through the Student and Exchange Visitor Information System.",direct,,2882.0,False
final_rule,20260717T164500Z,Already in the US on an F or J visa ? What Trump Admin new student visa rule means for you,https://www.livemint.com/news/us-news/already-in-the-us-on-an-f-or-j-visa-what-trump-admins-new-student-visa-rule-means-for-you-11784302100748.html,livemint.com,English,India,https://www.livemint.com/lm-img/img/2026/07/17/600x338/HEALTH-USA-VISAS-0_1758686581222_1758686594958_1784302555303_129491db-a948-4924-99ca-b5940d763c54.JPG,final_rule,False,"Students already in the US with F or J visas will have only four years from the effective date of a new rule to reapply, regardless of when they arrived or how long their academic programme lasts. The change is part of a sweeping overhaul by the Trump administration that replaces a decades-old policy allowing international students to remain in the country for the duration of their studies.
The new regulation introduces a fixed four-year limit for most international students and exchange visitors entering the US on F and J visas. Officials say the move is aimed at reducing visa fraud, preventing overstays and tightening immigration controls. However, universities and immigration advocates warn it could create significant uncertainty for students and disrupt higher education.
Currently, international students on F visas and exchange visitors on J visas are admitted for the ""duration of status,"" meaning they can legally remain in the US as long as they continue to meet visa requirements, such as maintaining full-time enrollment and complying with immigration rules.
Quick answers to key questions
The new rule imposes a fixed four-year limit on F and J visa holders for their stay in the US, requiring them to reapply for an extension after that period, regardless of their program length.
The Trump administration argues that the four-year limit will strengthen immigration enforcement, reduce visa overstays, and prevent fraud by clarifying the timeframe for student visa holders.
Students in longer programs, such as PhD or medical residency programs, will need to file for extensions with USCIS after the four-year limit, instead of relying on their universities to maintain their status.
Students who overstay the four-year limit without an approved extension could face serious immigration consequences, including bans on re-entering the US and loss of lawful immigration status.
Students from countries with high enrollment in US universities, particularly India, China, and South Korea, are expected to be most significantly impacted by the new four-year limit on F and J visas.
Under the new policy, all newly arriving F and J visa holders will receive an initial stay of only four years. After that, they must apply to the US government for an extension if they need additional time to complete their education, pursue further studies or gain work experience.
Students already in the US when the rule takes effect will also be required to reapply after four years, irrespective of when they first entered the country.
Many students enrolled in longer academic programmes will be affected.
These include:
Doctoral (PhD) candidates whose research often extends beyond four years.
Medical graduates completing lengthy residency or fellowship programmes.
Students pursuing multiple degrees, such as undergraduate and graduate studies.
Instead of relying on their educational institutions to maintain their immigration status, these students will have to file formal extension requests with US Citizenship and Immigration Services (USCIS), submit biometric information and pay government filing fees.
Students who remain in the US beyond the new four-year limit without an approved extension could face serious immigration consequences.
According to the proposal, overstaying may trigger:
Three-year or 10-year bans on re-entering the United States.
Loss of lawful immigration status.
Potential future visa complications.
The rule is expected to have the biggest impact on students from countries that send large numbers of students to US universities, including:
India
China
South Korea
Together, international students on F and J visas numbered about 1.5 million in 2025, making the policy one of the most significant immigration changes affecting higher education in recent years.
The Trump administration argues that imposing fixed visa durations will strengthen immigration enforcement by reducing visa overstays, preventing fraud and closing what officials describe as blurred lines between temporary student visas and long-term immigration pathways.
Oops! Looks like you have exceeded the limit to bookmark the image. Remove some to bookmark this image.",direct,,4179.0,False
final_rule,20260717T184500Z,DC Edit | Student Visa Curbs Will Hurt US,https://www.deccanchronicle.com/opinion/dc-comment/dc-edit-student-visa-curbs-will-hurt-us-1971820,deccanchronicle.com,English,India,https://www.deccanchronicle.com/h-upload/2026/07/17/2065312-for.jpg,final_rule,False,"DC Edit | Student Visa Curbs Will Hurt US
According to the old visa rules, the holders of F visas (students) were allowed to stay in the United States until their purpose of visit was completed or the duration of status (DoS)
The Donald Trump administration’s decision to tighten the rules concerning the duration of stay for non-immigrant visas, especially those granted to students, will oversimplify the issue and affect honest candidates, whose sole wish was to pursue higher studies in the United States.
According to the old visa rules, the holders of F visas (students) were allowed to stay in the United States until their purpose of visit was completed or the duration of status (DoS). This, the Trump administration alleged, allows foreign students to abuse the immigration system by perpetually enrolling in courses to avoid leaving the US.
Under the proposed system, the stay of students will be capped at four years. If they need additional time to complete an academic programme, they must apply for an extension of stay.
According to a study conducted in 2025, there were 3,63,019 Indian students enrolled at US colleges. Indians form the largest foreign student community in the United States and represent 31 per cent of the 1.2 million international students pursuing higher education in the country.
The number of Indian students in the United States is a small percentage of six million students who pursue postgraduation in India. It is true that every society will have some people who try to game the system, but an attempt to paint all foreign students as black sheep is unfortunate. The visa rules are also consistent with the Trump administration’s preference for making policies based on perception, rather than data.
Foreign students are the major source of income for hundreds of US colleges and they effectively subsidise the education of American students. The new rule, therefore, will affect the US colleges the most and increase the cost of education, while the foreign students look for other alternatives.
The Narendra Modi government must fast-track its attempt to get prestigious universities to set up their campuses in India and ensure that Indians do not have to leave their homeland for higher studies.",direct,,2244.0,False
final_rule,20260717T190000Z,  The tsunami keeps coming : US leaders react to final D / S rule,https://thepienews.com/the-tsunami-keeps-coming-us-leaders-react-to-final-d-s-rule/,thepienews.com,English,United Kingdom,https://thepienews.b-cdn.net/wp-content/uploads/2026/06/iStock-US-flags.jpg,final_rule,False,"Yesterday’s announcement from the US government ending the long-standing duration of status visa rule was met with little surprise from educators across the US.
But that hasn’t dampened the chorus of criticism from the sector – with experts branding it an unnecessary change, once more raising alarm bells about Trump administration policies driving talent away from the US.
The new policy, set to take force on September 15, 2026, establishes fixed visa time limits for student and exchange visitors, who must apply for an extension to stay in the US for more than four years.
The grace period for F-1 students will be halved from 60 to 30 days, and stricter limitations will apply to program and institution transfers.
DHS secretary Markwayne Mullin said in a statement that the old policy of duration of status “compromised national security and created an environment ripe for immigration fraud” by allowing students to stay in the US indefinitely, without any interaction with immigration officials.
But educators dispute this claim, arguing that international students are the most tracked nonimmigrant group in the country through SEVIS – a digital records system run by the government.
“The government is looking for a problem that doesn’t exist,” NAFSA CEO Fanta Aw, explaining that SEVIS, which was established in the wake of 9/11, already gave them the levers to monitor international students.
Presidents’ Alliance deputy director of federal policy Zuzana Cepla Wootson called the action “unnecessary and duplicative” in how it shifts decisions about academic progress from colleges and universities to the federal government.
Aw said she was particularly concerned about doctoral students on PhD courses that are invariably longer than four years in the US, meaning “every single PhD student will have to go through an extension”.
“The academic program indicates what is a normal length of study, not only for international students but for every student on the program.
“For the government to come up with an arbitrary, finite date for completion… makes zero sense,” she said.
What’s more, the average undergraduate student in the US takes longer than four years to complete their bachelor’s degree, and those pursuing optional practical training (OPT) work opportunities post-graduation will require an extension of stay.
AIEA CEO Clare Overmann highlighted the challenging timing of the rule taking effect, with campuses already in session by mid-September, following the largest annal enrolment of international students for the fall cycle.
“Certainly, this will be a difficult and time-consuming transition, but we will adapt and adjust,” said Overmann, adding that most campuses have been preparing for the change.
Nevertheless, many fear that uncertainty and confusion about the rule will further dampen the appeal of the US among prospective international students.
“The rule imposes unnecessary burdens on international students and scholars, campuses, employers and federal agencies alike,” said Wootson, calling it a “counterproductive” move that would ultimately harm the US economy.
Port-of-entry errors aren’t rare even for visa categories that have worked the same way for decades
Diego Menendez, Alma Immigration
On technicality that could get “lost in translation” is how the rule impacts students already in the US and in D/S status before September 15, said senior immigration attorney Diego Menendez of Alma Immigration.
Those individuals will be in status either up until their existing program end date or four years from September 15 – whichever is later – plus a 60-day grace period for F-1s, not he shorter 30-day period that applies going forward.
Beyond confusion on campuses, Menendez said he was “very concerned” about inconsistencies in how the regulations are applied across more than 300 US ports of entry by Customs and Border Patrol (CBP) officials.
He said CBP officers would now have to make “meaningfully more complex judgement calls, rolled out with a short training window, across a large number of entry points staffed by officers with varying levels of familiarity with student visa nuances”.
“Port-of-entry errors aren’t rare even for visa categories that have worked the same way for decades.
“I’d bet on a bureaucratic headache in the short to medium term, at least until officers are well versed in the changes,” he said, advising students to promptly check their records upon each re-entry to flag any discrepancies.
Meanwhile, Aw raised concerns about the new extension requirements exacerbating “massive backlogs”, calling for clarity from government on the earliest time students can apply for an extension and what it can guarantee in terms of processing times.
That said, Menendez confirmed that filing for an extension on time would put students in a ‘period of authorised stay’. “So a slow queue alone won’t push you into unlawful presence. Miss the deadline or get denied, though, and there’s no grace period at all.”
For institutions already under financial strain, the staffing and resources required to meet the additional burden will be huge, with Aw concerned about retention of staff within the field.
“Heads have been spinning for the last two years. You already have a field that’s been overburdened in inordinate ways, and the tsunami just keeps coming,” she said.
More broadly, critics argue the rule will accelerate the trend of declining international enrolments, with the number of F-1 visas issued from May to August falling 36% last year and six in ten institutions seeing a drop in applications for 2026/27.
“Students have choices, and if they aren’t confident they can complete their education here without unnecessary uncertainty and administrative hurdles, they will increasingly choose other countries,” said Wootson.
She highlighted “significant consequences” of further declines for domestic students and US competitiveness, emphasising that one in four billion-dollar US startup is founded by a former international student.",direct,https://www.dhs.gov/news/2026/07/16/trump-administration-issues-final-rule-end-foreign-student-visa-abuse,6014.0,False
final_rule,20260717T204500Z,"DHS Finalizes Rule Capping International Student Visas At Four Years , Ending Open - Ended Stays",https://www.hngn.com/articles/272134/20260717/dhs-finalizes-rule-capping-international-student-visas-four-years-ending-open-ended-stays.htm,hngn.com,English,United States,https://d.hngn.com/en/full/303736/visa-stamp-seen-foreign-passport.jpg,final_rule,False,"The Trump administration finalized a rule Thursday that will cap international students' stays in the United States at four years, eliminating a policy in place since 1978 that allowed students on F and J visas to remain in the country for as long as their studies lasted, regardless of degree length.
WHAT HAPPENED
The Department of Homeland Security announced the final rule Thursday, which eliminates what the agency called the ""duration of status"" loophole that allowed foreign students, exchange visitors and media representatives to remain in the U.S. indefinitely without routine government oversight. Under the new regulation, which takes effect in September and applies to students arriving on F and J visas after that date, students and scholars will be required to reapply to stay in the country after four years, regardless of whether they have completed their degree, plan to enroll in graduate school or seek work experience related to their studies. The rule also places new restrictions on when and how students may change their major or academic program.
DHS Secretary Markwayne Mullin described the rule as closing a loophole international students were exploiting by extending their studies indefinitely. ""By implementing clear, finite limits on these visas, the United States is reclaiming its ability to properly screen, vet, and monitor individuals within our borders,"" Mullin said in a statement, adding that the rule ""ensures that foreign students remain focused on their primary purpose: completing their studies and returning home."" The Student and Exchange Visitor Program, managed by U.S. Immigration and Customs Enforcement, will oversee enforcement of the new fixed admission periods.
Current rules generally admit students for as long as it takes to complete their academic program, many of which — including doctoral degrees and combined degree tracks — routinely exceed four years by design. The rule marks the latest in a series of Trump administration actions targeting international students; widespread terminations of students' legal status last spring sent many scrambling to hide or leave the country over fears of detention, and the administration has separately moved to aggressively cancel visas for some Chinese students citing ties to the Chinese Communist Party.
WHY IT MATTERS
The shift from open-ended to fixed-term admission fundamentally changes the calculus for hundreds of thousands of international students pursuing degrees that routinely take longer than four years, potentially forcing students in the middle of doctoral programs or combined degree tracks to navigate a federal reapplication process mid-study. Universities with large international student populations — some exceeding 10,000 students, with significant numbers from China and India — face new uncertainty about enrollment and retention as prospective students weigh the added administrative burden and risk of denial against studying in countries with more predictable visa policies. The rule continues a broader pattern of the administration treating extended international study as a security and enforcement concern rather than an academic or economic one, a framing critics argue could accelerate the decline in U.S. appeal as a study destination relative to competitors like Canada, the U.K. and Australia.
WHAT'S NEXT
The rule takes effect in September, giving universities and current visa holders roughly two months to prepare for the transition, though the exact treatment of students already in the U.S. on duration-of-status admissions remains a key open question. Legal challenges are considered likely given a similar Trump-era proposal was withdrawn by the Biden administration in 2021 without being enacted, and higher education advocacy groups are expected to lobby for delays or exemptions before the rule takes hold.
© 2026 HNGN, All rights reserved. Do not reproduce without permission.",direct,,3928.0,False
final_rule,20260717T224500Z,United States caps foreign student stays at four years,https://www.upi.com/Top_News/World-News/2026/07/17/united-states-foreign-student-visa/7961784326948/,upi.com,English,United States,https://cdnph.upi.com/sv/ph/og/upi/7961784326948/2026/1/87427565be2a426bee560d106e194051/v1.5/United-States-caps-foreign-student-stays-at-four-years.jpg,final_rule,False,"July 17 (Asia Today) -- The U.S. Department of Homeland Security announced a final rule Thursday limiting stays by international students and exchange visitors to no more than four years and requiring them to undergo federal review when seeking extensions.
The rule replaces the open-ended ""duration of status"" system for holders of F student visas and J exchange visitor visas with fixed admission periods tied to their programs and capped at four years.
About 1.5 million current F- and J-visa holders will automatically be transferred to the new system.
The change, combined with a shorter post-graduation grace period and mandatory extension reviews for students seeking Optional Practical Training, could disrupt the fall semester and reduce demand for study in the United States.
Exchange visitors will also be limited to four-year stays. Foreign journalists holding I visas will generally have to renew their status every 240 days.
Federal review required for extensions
F- and J-visa holders who need to remain in the United States beyond their authorized period will have to apply to U.S. Citizenship and Immigration Services for an extension of stay.
Applicants will be required to submit biometric information and undergo security, identity and fraud screening. They must also demonstrate satisfactory academic progress and financial stability, The Wall Street Journal reported.
The change ends a system in place since 1978 that allowed students to remain in the country as long as they maintained the required course load and complied with the conditions of their immigration status.
Homeland Security officials said more than 2,100 F-1 students who entered the United States between 2000 and 2010 were still maintaining F-1 status in 2025.
The department said the rule was intended to prevent people from repeatedly enrolling in classes to avoid leaving the country, a practice officials described as creating ""forever students.""
""For nearly half a century, the outdated duration-of-status system has undermined national security and created an environment where immigration fraud could flourish,"" Homeland Security Secretary Markwayne Mullin said.
""By enforcing clear and finite periods, the United States is restoring its ability to properly screen and manage those who remain in our country,"" he said.
Nearly 24,400 Koreans and family members affected
The roughly 1.5 million F- and J-visa holders currently staying in the United States under the duration-of-status system will receive fixed admission periods of up to four years beginning on the rule's effective date, Bloomberg reported.
Foreign journalists entering on I visas will generally be admitted for 240 days and must apply for additional 240-day periods. Chinese journalists will be limited to 90-day extensions.
More than 1.8 million entries were recorded on student visas in 2024, an increase of more than 11% from the previous year, according to the Department of Homeland Security.
The United States also hosted about 500,000 J-visa exchange visitors and 37,000 foreign journalists holding I visas.
Students from India, China and South Korea are expected to be among those most affected by the rule, Bloomberg reported.
According to the South Korean Embassy in Washington, 11,861 South Korean students held F-1 visas in 2025 and 1,347 family members held F-2 visas.
Another 7,985 South Koreans held J-1 exchange visitor visas and 3,180 family members held J-2 visas, bringing the total number of South Korean F- and J-visa holders and their dependents to 24,373.
An additional 349 South Koreans held I visas.
The rule is scheduled to be published in the Federal Register on Friday and take effect 60 days later, in mid-September.
Its implementation during the fall semester could create confusion involving visa extensions and student enrollment records, Bloomberg reported.
Shorter grace period could disrupt employment pathway
The rule cuts the grace period after graduation from 60 days to 30 days for students preparing to leave the United States, transfer schools or change immigration status.
It also bars graduate students from changing their educational objectives and requires government approval before they transfer to another institution, Reuters reported.
Doctoral students, whose programs commonly take about six years, may have to apply for extensions before completing their studies and face the possibility of denial, The Wall Street Journal reported.
Doctors participating in long-term training programs will also have to seek extensions after four years, according to Bloomberg.
Nearly all students using Optional Practical Training, which permits eligible graduates to work in the United States for up to three years, will effectively be required to apply to U.S. Citizenship and Immigration Services for extensions for the first time.
Visa holders who remain beyond their authorized periods could face three- or 10-year bans on re-entering the United States, depending on the length of the overstay.
Technology and financial companies frequently hire international graduates through Optional Practical Training before sponsoring them for H-1B specialty occupation visas.
More restrictive access to practical training could narrow that employment pathway, The Wall Street Journal reported.
David Bier, director of immigration studies at the Cato Institute, said the restrictions on changing educational objectives and transferring schools lacked a legal basis.
He said graduates who fail to find an employer sponsor within 30 days could ""immediately become unlawfully present.""
Education groups consider challenge
Fanta Aw, president and chief executive officer of the Association of International Educators, called the rule a misguided and unnecessary policy change.
She said it would inject ""uncertainty, bureaucracy and fear"" into a system that had operated effectively for decades and said the association was considering all available options to challenge it.
Todd Lyons, a former acting director of U.S. Immigration and Customs Enforcement, said in May that the agency had launched an investigation into fraud involving Optional Practical Training.
Lyons said investigators had identified 10,000 international students employed by companies suspected of fraud and described the program as a ""magnet for fraud,"" Bloomberg reported.
The number of international students in the United States fell 1.4% during the previous fall semester, while new international student enrollment declined 17%.
Student visa issuance fell 36% during the previous summer, and the new rule could accelerate the decline as it takes effect during the fall semester, Bloomberg reported.
The regulation will also be subject to congressional review before its implementation, Reuters reported.
Doug Rand, a former Homeland Security official, said most Americans understand both the value of welcoming international students and the need to eliminate unnecessary regulation.
""This rule will achieve precisely the opposite result,"" he said.
International education expert Rajika Bhandari said students would consider not only whether they could obtain visas and enter the United States but also whether they had viable long-term options after completing their studies.
She said Asian students and graduate students in science, technology, engineering and mathematics fields would be particularly affected.
""The implications of this change are not yet fully understood by students, but they will be profound,"" Bhandari said.
-- Reported by Asia Today; translated by UPI
© Asia Today. Unauthorized reproduction or redistribution prohibited.
Original Korean report: https://www.asiatoday.co.kr/kn/view.php?key=20260717010006341",direct,,7702.0,False
final_rule,20260718T030000Z,Washington tightens visa rules for foreign students - Newspaper,https://www.dawn.com/news/2016351,dawn.com,English,Pakistan,,final_rule,False,"• DHS limits stays to four years under new framework, citing ‘abuse of immigration system’
• Move likely to deter thousands of foreign students from applying to American universities
WASHINGTON: Foreign students will now face stricter immigration requirements in the United States under a new rule that ends the decades-old “duration of status” system, which allowed them to remain in the country as long as they maintained their student status.
The US Department of Homeland Security (DHS) announced the new regulation on Thursday, a move that could have a significant impact on thousands of students from countries such as India and Pakistan who travel to the US each year for higher education.
The final rule replaces the existing arrangement, under which international students could remain in the US as long as they maintained their academic status, with a fixed period of admission for holders of F, J and I category visas.
Under the new system, foreign students on F visas and exchange visitors on J visas will generally be admitted for the duration of their academic or exchange programme, but for no longer than four years.
Students who require additional time to complete their studies will have to apply directly to the US Citizenship and Immigration Services (USCIS) for an extension of stay.
The change could have a particular impact on students pursuing doctoral degrees and research programmes, where completion often takes longer than four years.
“For decades, foreign students have been admitted into the US for an unspecified period, allowing thousands to abuse our immigration system by perpetually enrolling in courses to avoid having to leave the US,” DHS Secretary Markwayne Mullin said while announcing the rule.
“Implementing clear, finite limits on these visas … ensures that foreign students remain focused on their primary purpose: completing their studies and returning home,” he added.
The key changes under the new rule include fixed admission caps, mandatory federal extensions, a reduced departure grace period, and programme change restrictions.
Under the fixed admission caps, non-immigrant students (F visas) and exchange visitors (J visas) will be admitted for the duration of their specific programme, with a maximum period of four years.
Under mandatory federal extensions, visa holders who require additional time to complete an academic programme will need to formally apply for an extension of stay through the USCIS. This shifts oversight from university officials back to federal authorities and subjects applicants to biometric vetting, background checks, and fraud screenings.
The departure grace period for F-1 students will also be reduced. The time allowed for students to prepare for departure, transfer schools, or change their status after graduation will decrease from 60 days to 30 days. This period is used by students to leave the country, transfer to another institution or apply for a change of immigration status.
Additionally, the rule introduces stricter limitations on academic changes, placing greater restrictions on programme changes.
The department said the new policy was designed to prevent abuse of the student visa system and strengthen government oversight.
Impact of move
India is the largest source of international students in the US, while Pakistan is also among the leading Asian countries sending students to American universities. Thousands of students from both countries enrol every year in graduate programmes, particularly in science, technology, engineering, mathematics, business and health-related fields.
Education consultants and university officials say the impact will largely depend on how the extension process is implemented. Students whose programmes are completed within the normal timeframe may see little change, but those requiring additional years for research, thesis work or academic delays could face greater uncertainty.
A four-year limit could be especially significant for PhD candidates. Many doctoral programmes in the US take five to seven years because students must complete coursework, research, publications and a dissertation before graduation.
The announcement has raised concerns among some international education experts who fear that additional immigration hurdles could make the US less attractive to foreign students. Competing destinations such as Canada, Britain, Australia and European countries have expanded efforts to attract international students.
American universities, which rely heavily on international students for research and tuition revenue, are closely watching the implementation of the rule.
Supporters of the change argue that the previous system allowed some individuals to remain in the country indefinitely by repeatedly enrolling in academic programmes without completing their original objectives. They say fixed admission periods will bring greater accountability and allow authorities to better monitor the student visa system.
Published in Dawn, July 18th, 2026",direct,,5007.0,False
final_rule,20260718T054500Z,"US - bound students face more paperwork , shorter deadlines under Trump new immigration rule",https://economictimes.indiatimes.com/nri/study/us-bound-students-face-more-paperwork-shorter-deadlines-under-trumps-new-immigration-rule/articleshow/132473507.cms,economictimes.indiatimes.com,English,India,"https://img.etimg.com/thumb/width-1200,height-900,imgsize-1725309,resizemode-75,msid-132473507/nri/study/us-bound-students-face-more-paperwork-shorter-deadlines-under-trumps-new-immigration-rule.jpg",final_rule,False,"International students planning to study in the United States will soon face more paperwork, tighter deadlines and greater interaction with immigration authorities after the Trump administration replaced the decades-old ""Duration of Status"" (D/S) system with fixed admission periods for F-1 students.
While the change has widely been described as a student visa overhaul, immigration lawyers say the biggest shift is not to the visa itself but to a student's immigration status after entering the US. Under the new rule, students will no longer remain in the country simply by maintaining valid student status. Instead, they will receive a fixed period of admission tied to the length of their academic programme, capped at four years.
Also Read| Your US study visa doesn't decide how long you can stay in America. This does.
According to Poorvi Chothani, immigration attorney from Florida, the new regulation changes how long students are admitted into the US—not necessarily how long their visas will be valid.
""The Department of State has not said it is changing visa validity. What has changed is admission into the country. Instead of being admitted for Duration of Status (D/S), students will now be admitted for a fixed period based on the programme duration or four years, whichever is lower,"" Chothani says.
She explained that a visa is only a travel document that allows someone to seek entry into the United States. Once they arrive at a port of entry, Customs and Border Protection (CBP) determines how long they may stay and this is recorded in their I-94 admission record.
Until now, that record usually carried ""D/S"", allowing students to remain in the US as long as they maintained full-time student status through their university.
That automatic flexibility is ending for new students admitted under the new framework.
Rajiv Khanna, managing attorney at Immigration.com, said many students assume everyone will now receive a four-year stay. That is incorrect.
""The four-year limit is a ceiling, not an automatic grant. Your stay is tied directly to the programme end date on your Form I-20. If you are pursuing a two-year master's degree, the CBP officer will admit you only for those two years, plus the newly reduced 30-day grace period,"" Khanna explains.
The regulation also allows students to enter up to 30 days before their programme starts and remain for 30 days after it ends. Those periods do not count towards the four-year cap.
Earlier, universities could largely manage a student's transition from a bachelor's degree to a master's programme by updating their SEVIS records while the student remained under Duration of Status.
Now, many students will have to file an extension of stay with USCIS if their authorised admission period is insufficient to complete the next programme.
""If they need more time to complete their course, they can apply for an extension of status, within the country, by filing Form I-539. We are talking about status here, not the visa,"" Chothani said.
Khanna notes that changing educational levels is still permitted, but students whose new programme extends beyond their authorised stay will need to obtain USCIS approval rather than relying solely on their university.
Many US PhD programmes run between five and seven years. Under the old system, students generally remained in valid status throughout the programme without filing separate immigration applications.
Now they will need to apply for an extension before their authorised stay expires.
""The biggest impact will be for PhD students. PhD programmes generally last five to seven years. Even then, students are only going to get admitted for four years. Before their status expires, they'll have to apply for an extension to complete their PhD program,"" Chothani said.
Every doctoral student whose programme extends beyond four years will now have to submit an extension application, pay filing fees, provide supporting documents and potentially complete biometrics while waiting for USCIS to decide the case.
Previously, students admitted under Duration of Status could generally move into OPT without separately extending their immigration status.
Under the new framework, many students will have to file both Form I-765 for employment authorisation and Form I-539 to extend their status.
There is a temporary transition exemption for certain students already in the United States who file OPT applications before March 18, 2027.
Students admitted under the new framework will generally receive only 30 days after completing their programme to leave the US, change status or begin another programme, compared with 60 days under the previous system.
Khanna says the shorter timeline leaves students less room to arrange university transfers, secure admission offers, move homes or prepare international travel.
""As long as you remain within the country once your extension is approved, you are in status and don't need a new visa. But if you leave the country and the visa has expired, you need a new visa to come back,"" Chothani said.
She cautioned that there is still no official clarification from the Department of State on whether student visa validity periods will change.
""There is no announcement about visas as yet. What has changed is duration of status. Visa policy is decided by the Department of State.""
For most undergraduate and master's students, the immediate impact on the length of a single degree programme may be limited. But almost every student planning to stay longer—whether for another degree, OPT or a lengthy PhD—will face more immigration paperwork, more filing fees and stricter deadlines than under the decades-old Duration of Status system.
 While the change has widely been described as a student visa overhaul, immigration lawyers say the biggest shift is not to the visa itself but to a student's immigration status after entering the US. Under the new rule, students will no longer remain in the country simply by maintaining valid student status. Instead, they will receive a fixed period of admission tied to the length of their academic programme, capped at four years.
Also Read| Your US study visa doesn't decide how long you can stay in America. This does.
Visa validity isn't what has changed
One of the biggest misconceptions is that the US has reduced the validity of student visas.
According to Poorvi Chothani, immigration attorney from Florida, the new regulation changes how long students are admitted into the US—not necessarily how long their visas will be valid.
""The Department of State has not said it is changing visa validity. What has changed is admission into the country. Instead of being admitted for Duration of Status (D/S), students will now be admitted for a fixed period based on the programme duration or four years, whichever is lower,"" Chothani says.
She explained that a visa is only a travel document that allows someone to seek entry into the United States. Once they arrive at a port of entry, Customs and Border Protection (CBP) determines how long they may stay and this is recorded in their I-94 admission record.
Until now, that record usually carried ""D/S"", allowing students to remain in the US as long as they maintained full-time student status through their university.
That automatic flexibility is ending for new students admitted under the new framework.
Most students won't automatically receive four years
The four-year limit has also created confusion.
Rajiv Khanna, managing attorney at Immigration.com, said many students assume everyone will now receive a four-year stay. That is incorrect.
""The four-year limit is a ceiling, not an automatic grant. Your stay is tied directly to the programme end date on your Form I-20. If you are pursuing a two-year master's degree, the CBP officer will admit you only for those two years, plus the newly reduced 30-day grace period,"" Khanna explains.
The regulation also allows students to enter up to 30 days before their programme starts and remain for 30 days after it ends. Those periods do not count towards the four-year cap.
More paperwork when moving to another programme
One of the biggest practical changes comes when students continue their education.
Earlier, universities could largely manage a student's transition from a bachelor's degree to a master's programme by updating their SEVIS records while the student remained under Duration of Status.
Now, many students will have to file an extension of stay with USCIS if their authorised admission period is insufficient to complete the next programme.
""If they need more time to complete their course, they can apply for an extension of status, within the country, by filing Form I-539. We are talking about status here, not the visa,"" Chothani said.
Khanna notes that changing educational levels is still permitted, but students whose new programme extends beyond their authorised stay will need to obtain USCIS approval rather than relying solely on their university.
PhD students will be hit the hardest
The biggest impact is expected on doctoral students.
Many US PhD programmes run between five and seven years. Under the old system, students generally remained in valid status throughout the programme without filing separate immigration applications.
Now they will need to apply for an extension before their authorised stay expires.
""The biggest impact will be for PhD students. PhD programmes generally last five to seven years. Even then, students are only going to get admitted for four years. Before their status expires, they'll have to apply for an extension to complete their PhD program,"" Chothani said.
Every doctoral student whose programme extends beyond four years will now have to submit an extension application, pay filing fees, provide supporting documents and potentially complete biometrics while waiting for USCIS to decide the case.
OPT will require more immigration filings
Students planning to work after graduation through Optional Practical Training (OPT) will also face additional paperwork.
Previously, students admitted under Duration of Status could generally move into OPT without separately extending their immigration status.
Under the new framework, many students will have to file both Form I-765 for employment authorisation and Form I-539 to extend their status.
There is a temporary transition exemption for certain students already in the United States who file OPT applications before March 18, 2027.
Grace period reduced from 60 days to 30
The rule also shortens the post-study grace period.
Students admitted under the new framework will generally receive only 30 days after completing their programme to leave the US, change status or begin another programme, compared with 60 days under the previous system.
Khanna says the shorter timeline leaves students less room to arrange university transfers, secure admission offers, move homes or prepare international travel.
What if students travel home?
Students who leave the United States after their visa expires will still need a new visa to return, even if they have maintained valid status inside the country.
""As long as you remain within the country once your extension is approved, you are in status and don't need a new visa. But if you leave the country and the visa has expired, you need a new visa to come back,"" Chothani said.
She cautioned that there is still no official clarification from the Department of State on whether student visa validity periods will change.
""There is no announcement about visas as yet. What has changed is duration of status. Visa policy is decided by the Department of State.""
For most undergraduate and master's students, the immediate impact on the length of a single degree programme may be limited. But almost every student planning to stay longer—whether for another degree, OPT or a lengthy PhD—will face more immigration paperwork, more filing fees and stricter deadlines than under the decades-old Duration of Status system.
(Join our ETNRI WhatsApp channel for all the latest updates)",direct,,12047.0,False
final_rule,20260718T064500Z,US Visa Rule Increases Financial Burden on International Students,https://www.newkerala.com/news/a/new-us-visa-rule-raises-financial-burden-international-175.htm,newkerala.com,English,India,https://one.newkerala.com/images/t/newkerala-com-news250.webp,final_rule,False,"New US visa rule raises financial burden for international students, increases hiring pressure
By Nikhil Dedha, New York, July 18
The US government's latest changes to student visa rules are set to increase both the financial burden and administrative hurdles for international students, including those from India, while also requiring them to secure jobs and employer sponsorship much earlier than before, Danielle Goldman, Co-founder and CEO of Build Talent Labs, said in an exclusive interview with.
The US Department of Homeland Security (DHS) recently published a rule ending the long-standing ""duration of status"" framework for F, J and I visa holders. Under the new policy, F-1 students and J-1 exchange visitors will be admitted for a fixed period instead of being allowed to remain in the US for the duration of their academic programme.
Students requiring additional time will now have to apply directly to the US Citizenship and Immigration Services (USCIS) for an extension.
The rule also reduces the grace period after Optional Practical Training (OPT) from 60 days to 30 days and restricts the use of Day 1 Curricular Practical Training (CPT) for students pursuing a second degree at the same academic level.
Speaking to ANI, Goldman said the changes would significantly increase costs for international students.
""This is forcing international students to pay an extra USD 300 to USD 500 in filing fees, plus another USD 1,900 in premium processing if they want a response prior to five months. So this is creating more financial pressure for students and frankly, the US government saying, we believe there's money to be made here and we're going to implement this,"" she said.
According to Goldman, the new system means students can no longer rely on universities to process extensions through the SEVIS system and must instead navigate a lengthier USCIS approval process, requiring them to plan their careers much earlier.
She said students, particularly those targeting careers in technology and artificial intelligence, would need to secure job offers and employer sponsorship months before graduation to avoid falling out of status under the shorter grace period.
Goldman also said the restrictions on Day 1 CPT programmes would remove a commonly used backup option for many international graduates who fail to secure an H-1B visa through the annual lottery, making it more difficult for companies to retain foreign talent.
Calling the move a ""money grab"", Goldman said the new process creates additional financial pressure on international students by shifting visa extension approvals from educational institutions to the federal immigration system.
Despite the tighter rules, Goldman said students still have several options to continue building careers in the US if they prepare early.
She advised international students to start discussions with prospective employers well before graduation and develop multiple contingency plans. These include pursuing cap-exempt H-1B sponsorship through eligible organisations, spending one year outside the US to qualify for an L-1 intra-company transfer visa, or building qualifications for an O-1 visa for individuals with extraordinary ability.
She stated, ""Students are going to need to come proactively to companies and say, here are my three options in case I don't win the lottery. Option A, I can work for a CAP exempt organization part-time like Build Fellowship, and you can sponsor me full-time for a CAP exempt H1B as well. Option two, I'm willing to go outside the US for one year and you can make sure we structure this so that I am eligible for an L1 upon returning. Option C, I am going to spend the next year building up my O1 case. after OPT expires, I am ready to do my O1"".
She also said students seeking greater flexibility could consider obtaining O-1 visa sponsorship through an authorised agent rather than relying solely on an employer, allowing them greater control over their immigration status.
""Immigration is not going away in this country, but it is getting harder,"" Goldman told ANI, adding that international students would need to become far more proactive in planning their education, employment and immigration strategies under the new regime.
— ANI",direct,,4248.0,False
final_rule,20260718T071500Z,Donald Trump to curtail student and journalist visas under new policy,https://www.travelextra.ie/donald-trump-to-curtail-student-and-journalist-visas-under-new-policy/,travelextra.ie,English,Ireland,https://www.travelextra.ie/wp-content/uploads/2024/05/Donald-Trump-1-1024x433.jpg,final_rule,False,"The Donald Trump administration finalized a sweeping immigration rule that officially eliminates the open-ended “duration of status” framework, replacing it with strict fixed-term limits for international students, exchange visitors, and foreign journalists. Announcing the final rule via the U.S. Department of Homeland Security (DHS), the administration cited the need for tighter national security and better monitoring due to a massive surge in temporary visa holders.
- F Visas (International Students): Capped at a maximum stay of four years. Under previous rules, students could remain indefinitely as long as they maintained their studies.
- J Visas (Cultural Exchange Workers & Researchers): Capped at a maximum of four years. Long-term academic collaborations will require formal extension reviews.
- I Visas (Foreign Journalists): Dramatically reduced to an initial stay of up to 240 days. Chinese Journalists are limited to an even stricter 90-day cap per entry.
- The post-graduation window to find a job or exit the country has been halved from 60 days to 30 days.
- Graduate students are strictly forbidden from changing fields, altering educational objectives, or transferring schools without explicit, prior government approval.
- Individuals enrolled in longer tracks (such as 5-year degrees or Ph.D. programs) must submit formal extension requests with biometric screening and additional fees directly to U.S. Citizenship and Immigration Services (USCIS).
The policy is scheduled to take effect 60 days after its official publication in the Federal Register (expected around September 2026), following a mandatory review by Congress. Current visa holders residing in the United States will automatically transition to the new framework, with their remaining authorized stays capped at four years from the rule’s eventual effective date.",direct,,1855.0,False
final_rule,20260718T073000Z,"New US visa rule raises financial burden for international students , increases hiring pressure",https://news.webindia123.com/news/Articles/Business/20260718/4476189.html,news.webindia123.com,English,India,,final_rule,False,"By Nikhil DedhaNew York | July 18, 2026 11:26:18 AM IST
The US government's latest changes to student visa rules are set to increase both the financial burden and administrative hurdles for international students, including those from India, while also requiring them to secure jobs and employer sponsorship much earlier than before, Danielle Goldman, Co-founder and CEO of Build Talent Labs, said in an exclusive interview with ANI.
The US Department of Homeland Security (DHS) recently published a rule ending the long-standing ""duration of status"" framework for F, J and I visa holders. Under the new policy, F-1 students and J-1 exchange visitors will be admitted for a fixed period instead of being allowed to remain in the US for the duration of their academic programme.
Students requiring additional time will now have to apply directly to the US Citizenship and Immigration Services (USCIS) for an extension.
The rule also reduces the grace period after Optional Practical Training (OPT) from 60 days to 30 days and restricts the use of Day 1 Curricular Practical Training (CPT) for students pursuing a second degree at the same academic level.
Speaking to ANI, Goldman said the changes would significantly increase costs for international students.
""This is forcing international students to pay an extra USD 300 to USD 500 in filing fees, plus another USD 1,900 in premium processing if they want a response prior to five months. So this is creating more financial pressure for students and frankly, the US government saying, we believe there's money to be made here and we're going to implement this,"" she said.
According to Goldman, the new system means students can no longer rely on universities to process extensions through the SEVIS system and must instead navigate a lengthier USCIS approval process, requiring them to plan their careers much earlier.
She said students, particularly those targeting careers in technology and artificial intelligence, would need to secure job offers and employer sponsorship months before graduation to avoid falling out of status under the shorter grace period.
Goldman also said the restrictions on Day 1 CPT programmes would remove a commonly used backup option for many international graduates who fail to secure an H-1B visa through the annual lottery, making it more difficult for companies to retain foreign talent.
Calling the move a ""money grab"", Goldman said the new process creates additional financial pressure on international students by shifting visa extension approvals from educational institutions to the federal immigration system.
Despite the tighter rules, Goldman said students still have several options to continue building careers in the US if they prepare early.
She advised international students to start discussions with prospective employers well before graduation and develop multiple contingency plans. These include pursuing cap-exempt H-1B sponsorship through eligible organisations, spending one year outside the US to qualify for an L-1 intra-company transfer visa, or building qualifications for an O-1 visa for individuals with extraordinary ability.
She stated, ""Students are going to need to come proactively to companies and say, here are my three options in case I don't win the lottery. Option A, I can work for a CAP exempt organization part-time like Build Fellowship, and you can sponsor me full-time for a CAP exempt H1B as well. Option two, I'm willing to go outside the US for one year and you can make sure we structure this so that I am eligible for an L1 upon returning. Option C, I am going to spend the next year building up my O1 case. after OPT expires, I am ready to do my O1"".
She also said students seeking greater flexibility could consider obtaining O-1 visa sponsorship through an authorised agent rather than relying solely on an employer, allowing them greater control over their immigration status.
""Immigration is not going away in this country, but it is getting harder,"" Goldman told ANI, adding that international students would need to become far more proactive in planning their education, employment and immigration strategies under the new regime. (ANI)",direct,,4178.0,False
final_rule,20260718T081500Z,US student visa rules raise costs and tighten timelines for international students,https://www.thehindubusinessline.com/news/education/us-student-visa-rule-changes-to-raise-costs-tighten-timelines-for-international-students/article71237174.ece,thehindubusinessline.com,English,India,https://bl-i.thgim.com/public/incoming/ashr9p/article71237180.ece/alternates/LANDSCAPE_1200/IMG_02EPBS_US_VISA.jpg_2_1_RCB9P3JR.jpg,final_rule,False,"The US government’s latest changes to student visa rules are set to increase both the financial burden and administrative hurdles for international students, including those from India, while also requiring them to secure jobs and employer sponsorship much earlier than before, Danielle Goldman, Co-founder and CEO of Build Talent Labs, said in an exclusive interview with ANI.
The US Department of Homeland Security (DHS) recently published a rule ending the long-standing “duration of status” framework for F, J and I visa holders. Under the new policy, F-1 students and J-1 exchange visitors will be admitted for a fixed period instead of being allowed to remain in the US for the duration of their academic programme.
Students requiring additional time will now have to apply directly to the US Citizenship and Immigration Services (USCIS) for an extension.
The rule also reduces the grace period after Optional Practical Training (OPT) from 60 days to 30 days and restricts the use of Day 1 Curricular Practical Training (CPT) for students pursuing a second degree at the same academic level.
Speaking to ANI, Goldman said the changes would significantly increase costs for international students.
“This is forcing international students to pay an extra USD 300 to USD 500 in filing fees, plus another USD 1,900 in premium processing if they want a response prior to five months. So this is creating more financial pressure for students and frankly, the US government saying, we believe there’s money to be made here and we’re going to implement this,” she said.
According to Goldman, the new system means students can no longer rely on universities to process extensions through the SEVIS system and must instead navigate a lengthier USCIS approval process, requiring them to plan their careers much earlier.
She said students, particularly those targeting careers in technology and artificial intelligence, would need to secure job offers and employer sponsorship months before graduation to avoid falling out of status under the shorter grace period.
Goldman also said the restrictions on Day 1 CPT programmes would remove a commonly used backup option for many international graduates who fail to secure an H-1B visa through the annual lottery, making it more difficult for companies to retain foreign talent.
Students urged to prepare multiple immigration pathways
Calling the move a “money grab”, Goldman said the new process creates additional financial pressure on international students by shifting visa extension approvals from educational institutions to the federal immigration system.
Despite the tighter rules, Goldman said students still have several options to continue building careers in the US if they prepare early.
She advised international students to start discussions with prospective employers well before graduation and develop multiple contingency plans. These include pursuing cap-exempt H-1B sponsorship through eligible organisations, spending one year outside the US to qualify for an L-1 intra-company transfer visa, or building qualifications for an O-1 visa for individuals with extraordinary ability.
She stated, “Students are going to need to come proactively to companies and say, here are my three options in case I don’t win the lottery. Option A, I can work for a CAP exempt organization part-time like Build Fellowship, and you can sponsor me full-time for a CAP exempt H1B as well. Option two, I’m willing to go outside the US for one year and you can make sure we structure this so that I am eligible for an L1 upon returning. Option C, I am going to spend the next year building up my O1 case. after OPT expires, I am ready to do my O1”.
She also said students seeking greater flexibility could consider obtaining O-1 visa sponsorship through an authorised agent rather than relying solely on an employer, allowing them greater control over their immigration status.
“Immigration is not going away in this country, but it is getting harder,” Goldman told ANI, adding that international students would need to become far more proactive in planning their education, employment and immigration strategies under the new regime.
Published on July 18, 2026",direct,,4199.0,False
final_rule,20260718T094500Z,US Ends Flexible F - 1 Visa System for Indian Students,https://www.newkerala.com/news/a/indian-students-face-uncertainty-as-us-formalises-rule-722.htm,newkerala.com,English,India,https://one.newkerala.com/images/t/newkerala-com-news250.webp,final_rule,False,"Indian students face uncertainty as US formalises rule ending flexible 'duration of status' visa system
Washington, DC, July 18
The US Department of Homeland Security has formalised a strict new immigration regulation that implements a maximum four-year limit on stays for F-1 student visa holders, J-1 exchange visitors and I visa holders for foreign journalists, a move expected to heavily impact hundreds of thousands of Indian nationals.
The policy shift has triggered immense anxiety among Indian students and professionals, casting a shadow of uncertainty over their academic and career aspirations in the United States.
According to a federal release published in the Federal Register by the US Department of Homeland Security, the newly finalised framework completely abolishes the historic, flexible ""duration of status"" system.
Under this federal mandate, the majority of international students and exchange visitors will be permitted to remain in the US only for the specific duration of their approved academic course or programme, capped strictly at four years at a single time.
Foreign media personnel travelling on I visas will similarly be transitioned to fixed-term periods of stay.
The regulation, introduced as part of the Trump administration's broader immigration crackdown, is scheduled to take effect on September 15, 2026, though it remains subject to upcoming congressional scrutiny.
In response to the developing situation, New Delhi stated that it is actively monitoring the matter and remains in communication with Washington to safeguard the interests of its citizens.
Addressing the issue during a weekly press briefing, Ministry of External Affairs (MEA) spokesperson Randhir Jaiswal affirmed that India is in contact with the American government and will consistently advocate for genuine students and travellers facing hurdles due to the policy changes.
""We've seen some reports regarding the visa rules. Visa rules and visa functions and immigration matters are sovereign functions of any state,"" Jaiswal said at a media briefing.
However, the MEA spokesperson emphasised India's commitment to supporting its diaspora when administrative changes create operational challenges.
""But having said that, let me tell you that as and when there are issues of difficulties, which are brought to our attention, in regard to genuine travellers [and] students, among others, who seek support from the US, we take up those issues with the US side so as to minimise the difficulties that our people face,"" the spokesperson added.
India currently sends the highest number of international students to the United States.
According to earlier disclosures by Jaiswal, approximately 330,000 Indian students were enrolled in American academic institutions during the 2023-24 academic year.
Beyond the student demographic, the US currently hosts roughly 500,000 J-1 exchange visitors and around 37,000 foreign media professionals on I visas.
The official publication of the new rule by the DHS occurred on July 16, setting the stage for its implementation in mid-September.
For decades, international students on F-1 visas and exchange participants on J-1 visas operated under the flexible framework of ""duration of status"", which allowed foreign nationals to legally remain in the US for as long as they maintained their enrolment, pursued their designated programmes and abided by standard visa regulations, without an explicit expiration date stamped on their immigration paperwork.
The updated federal guidelines stipulate that while students requiring additional time to finish their degrees can formally petition the DHS for an extension or, alternatively, exit the US and re-enter under a newly authorised period of stay, the bureaucratic process has become significantly more stringent.
Previously, individual universities held the institutional authority to extend a student's legal stay.
Under the modified system, that discretionary power has been transferred entirely to US federal immigration officials, introducing an additional layer of government scrutiny.
Furthermore, the regulation curtails the post-graduation grace period.
Previously, F-1 students were granted 60 days following graduation to depart the US, transfer to an alternative educational institution or transition to a different visa category.
The new rule slashes this window to just 30 days, while simultaneously introducing tougher barriers against switching academic programmes or transferring between schools.
The Trump administration has defended the regulatory overhaul, asserting that the measures are designed to curb the potential misuse of student visas and facilitate rigorous oversight of foreign nationals residing in the country on student and exchange visas.
This development marks another chapter in India's ongoing diplomatic interventions regarding US immigration updates.
In 2020, amidst the disruptions of the COVID-19 pandemic, Washington briefly declared that international students would be forced to leave the country if their universities moved exclusively to online instruction, a decision that drew widespread global backlash and was subsequently rescinded following representations by India and other nations.
More recently, in mid-2025, New Delhi pressed Washington to evaluate Indian student visa applications ""on merit"" after the Trump administration instituted a temporary suspension of visa interviews and intensified social media background checks for applicants.
The diplomatic push occurred around the time Foreign Secretary Vikram Misri travelled to Washington for high-level bilateral discussions on technology cooperation.
— ANI",direct,,5663.0,False
final_rule,20260718T111500Z,Indian students face uncertainty as US formalises rule ending flexible  duration of statu visa system,https://aninews.in/news/world/us/indian-students-face-uncertainty-as-us-formalises-rule-ending-flexible-duration-of-status-visa-system20260718145155/,aninews.in,English,India,,final_rule,False,"Washington, DC [US], July 18 (ANI): The US Department of Homeland Security (DHS) has formalised a strict new immigration regulation that implements a maximum four-year limit on stays for F-1 student visa holders, J-1 exchange visitors and I visa holders for foreign journalists, a move expected to heavily impact hundreds of thousands of Indian nationals.
The policy shift has triggered immense anxiety among Indian students and professionals, casting a shadow of uncertainty over their academic and career aspirations in the United States.
According to a federal release published in the Federal Register by the US Department of Homeland Security, the newly finalised framework completely abolishes the historic, flexible ""duration of status"" system.
Under this federal mandate, the majority of international students and exchange visitors will be permitted to remain in the US only for the specific duration of their approved academic course or programme, capped strictly at four years at a single time.
Foreign media personnel travelling on I visas will similarly be transitioned to fixed-term periods of stay.
The regulation, introduced as part of the Trump administration's broader immigration crackdown, is scheduled to take effect on September 15, 2026, though it remains subject to upcoming congressional scrutiny.
In response to the developing situation, New Delhi stated that it is actively monitoring the matter and remains in communication with Washington to safeguard the interests of its citizens.
Addressing the issue during a weekly press briefing, Ministry of External Affairs (MEA) spokesperson Randhir Jaiswal affirmed that India is in contact with the American government and will consistently advocate for genuine students and travellers facing hurdles due to the policy changes.
""We've seen some reports regarding the visa rules. Visa rules and visa functions and immigration matters are sovereign functions of any state,"" Jaiswal said at a media briefing.
However, the MEA spokesperson emphasised India's commitment to supporting its diaspora when administrative changes create operational challenges.
""But having said that, let me tell you that as and when there are issues of difficulties, which are brought to our attention, in regard to genuine travellers [and] students, among others, who seek support from the US, we take up those issues with the US side so as to minimise the difficulties that our people face,"" the spokesperson added.
India currently sends the highest number of international students to the United States.
According to earlier disclosures by Jaiswal, approximately 330,000 Indian students were enrolled in American academic institutions during the 2023-24 academic year.
Beyond the student demographic, the US currently hosts roughly 500,000 J-1 exchange visitors and around 37,000 foreign media professionals on I visas.
The official publication of the new rule by the DHS occurred on July 16, setting the stage for its implementation in mid-September.
For decades, international students on F-1 visas and exchange participants on J-1 visas operated under the flexible framework of ""duration of status"", which allowed foreign nationals to legally remain in the US for as long as they maintained their enrolment, pursued their designated programmes and abided by standard visa regulations, without an explicit expiration date stamped on their immigration paperwork.
The updated federal guidelines stipulate that while students requiring additional time to finish their degrees can formally petition the DHS for an extension or, alternatively, exit the US and re-enter under a newly authorised period of stay, the bureaucratic process has become significantly more stringent.
Previously, individual universities held the institutional authority to extend a student's legal stay.
Under the modified system, that discretionary power has been transferred entirely to US federal immigration officials, introducing an additional layer of government scrutiny.
Furthermore, the regulation curtails the post-graduation grace period.
Previously, F-1 students were granted 60 days following graduation to depart the US, transfer to an alternative educational institution or transition to a different visa category.
The new rule slashes this window to just 30 days, while simultaneously introducing tougher barriers against switching academic programmes or transferring between schools.
The Trump administration has defended the regulatory overhaul, asserting that the measures are designed to curb the potential misuse of student visas and facilitate rigorous oversight of foreign nationals residing in the country on student and exchange visas.
This development marks another chapter in India's ongoing diplomatic interventions regarding US immigration updates.
In 2020, amidst the disruptions of the COVID-19 pandemic, Washington briefly declared that international students would be forced to leave the country if their universities moved exclusively to online instruction, a decision that drew widespread global backlash and was subsequently rescinded following representations by India and other nations.
More recently, in mid-2025, New Delhi pressed Washington to evaluate Indian student visa applications ""on merit"" after the Trump administration instituted a temporary suspension of visa interviews and intensified social media background checks for applicants.
The diplomatic push occurred around the time Foreign Secretary Vikram Misri travelled to Washington for high-level bilateral discussions on technology cooperation. (ANI)",direct,,5577.0,False
final_rule,20260718T164500Z,US : Trump cuts down international student stay in new immigration policy,https://blueprint.ng/us-trump-cuts-down-international-students-stay-in-new-immigration-policy/,blueprint.ng,English,Nigeria,https://blueprint.ng/wp-content/uploads/2026/07/IMG-20260718-WA0005-1.jpg,final_rule,False,"The administration of United States President Donald Trump has unveiled a new immigration policy that will limit the maximum period international students and exchange visitors can remain in the country to four years, a move officials say is aimed at strengthening national security and curbing immigration fraud.
The new rule, announced by the US Department of Homeland Security (DHS), will apply to holders of F visas, issued to international students, and J visas, granted to exchange visitors participating in approved educational and cultural programmes. Blueprint reports
Under the policy, affected individuals will be admitted for the duration of their academic or exchange programme but will not be allowed to remain in the United States for more than four years unless they obtain an approved extension or qualify under other immigration provisions.
End of ‘duration of status’ policy
According to the DHS, the regulation officially ends the long-standing “Duration of Status” (D/S) system, which has allowed foreign students and exchange visitors to remain legally in the United States for as long as they continued to meet the conditions of their visas.
Officials argued that the existing arrangement had enabled some foreign nationals to remain in the country indefinitely without regular immigration reviews.
The department maintained that replacing the open-ended system with a fixed admission period would enhance oversight of non-immigrant visa holders and make it easier for immigration authorities to monitor compliance with visa regulations.
DHS cites security concerns
US Homeland Security Secretary Markwayne Mullin defended the policy, describing the previous system as outdated and vulnerable to abuse.
He said the Duration of Status framework had, for decades, created opportunities for immigration fraud and weakened national security by limiting the government’s ability to routinely review the status of foreign students and exchange visitors.
According to Mullin, the new rule is designed to improve accountability while ensuring that visa holders continue to comply with the conditions under which they were admitted into the United States.
The administration believes the measure will strengthen the integrity of the country’s immigration system and prevent misuse of student and exchange visitor visas.
Education sector raises concerns
The announcement has, however, drawn criticism from education stakeholders, who warn that the policy could discourage talented students and researchers from choosing the United States as a study destination.
Fanta Aw, Executive Director and Chief Executive Officer of NAFSA, an association representing international educators in the United States, described the policy as unnecessary and potentially harmful.
According to Aw, the existing visa framework has served the country effectively for decades, and replacing it with a fixed four-year limit would create uncertainty for students pursuing lengthy academic programmes or research.
He argued that the new regulation would increase administrative burdens for educational institutions while making the United States appear less welcoming to international students.
Aw further warned that the policy could weaken America’s global competitiveness in higher education by encouraging prospective students to seek opportunities in countries with more predictable immigration systems.
Impact on international students
If implemented, the rule is expected to affect thousands of international students enrolled in undergraduate, postgraduate and doctoral programmes across American universities.
Students whose academic programmes extend beyond four years may be required to apply for extensions or seek alternative immigration approvals before completing their studies.
Observers say the policy could particularly affect doctoral candidates, medical residents and researchers involved in long-term academic projects that often exceed the proposed admission period.
Universities may also face additional administrative responsibilities in assisting affected students with immigration compliance and extension applications.
Broader immigration agenda
The proposed restriction forms part of the Trump administration’s broader efforts to tighten immigration controls and increase oversight of temporary visa programmes.
Since returning to office, the administration has introduced a series of measures aimed at strengthening border security, reducing visa abuse and reforming the United States immigration system.
Supporters of the latest policy argue that it will improve accountability and enhance national security by ensuring periodic reviews of foreign nationals residing in the country on student and exchange visas.
Critics, however, contend that the move risks undermining the United States’ reputation as one of the world’s leading destinations for higher education and international research, warning that increased uncertainty could drive students and scholars to competing education hubs in Europe, Canada, Australia and Asia.
The new rule is expected to take effect following the completion of the required regulatory process, with educational institutions and international students closely monitoring its implementation and possible legal challenges.",direct,,5275.0,False
final_rule,20260718T181500Z,What does the new F - 1 visa rule mean for Indian students in the US ? Expert reveals,https://www.hindustantimes.com/nri/what-does-the-new-f-1-visa-rule-mean-for-indian-students-in-the-us-expert-reveals-101784395412876.html,hindustantimes.com,English,India,https://www.hindustantimes.com/ht-img/img/2026/07/18/550x309/photo-1581553673739_1784395489753_1784395489860_cddc25f6-f49e-477d-b2a5-52415f801b6c.jpg,final_rule,False,"What does the new F-1 visa rule mean for Indian students in the US? Expert reveals
Under the new F-1 visa rules, Indian students may need better career planning.
The United States’ new F-1 visa rule could reshape how international students, including thousands of Indians, plan their education and career journeys in America, according to Sanjay Laul, founder of Canada-based education and ed-tech company MSM Unify.
Commenting on the Department of Homeland Security’s (DHS) decision to end the “duration of status” system for international students, Laul said the change represents one of the biggest shifts in US student visa policy in decades. However, he noted that the four-year limit itself may not be the biggest challenge for most Indian students.
“Today's DHS rule ending 'duration of status' is the most consequential change to US student visa policy in three decades. But the headline number, the four-year cap, is not actually what hits Indian students hardest,” Laul said.
He explained that a majority of Indian students in the US pursue two-year master’s programs, meaning the fixed stay period may not directly affect many of them. Instead, he mentioned concerns around the reduction of the post-study grace period from 60 days to 30 days, giving graduates less time to find employment after completing their degrees.
“America has not shut the door on Indian students. It has a clock on the wall. The era of arriving in the US and figuring it out later is over,” Laul said.
According to him, students will now need to approach the US education journey with a clearer career roadmap, including their degree choice, Optional Practical Training (OPT), employer opportunities and potential H-1B sponsorship plans.
Which Indian students could face the biggest impact?
Laul said PhD candidates and research scholars could face greater challenges as many doctoral programs extend beyond four years.
Under the new system, students requiring additional time may need to apply for formal extensions through US Citizenship and Immigration Services (USCIS), potentially involving additional documentation, fees and processing delays.
“If those extensions get stuck, America's loss becomes Canada's, Germany's, and Australia's gain, because this is exactly the STEM talent every country is competing for,” he said.
For the estimated 3.6 lakh Indian students currently studying in the US, Laul advised maintaining strict documentation, applying for OPT at the earliest eligible opportunity and avoiding unnecessary program changes.
Will Indian students stop choosing the US?
While the rule could encourage some families to explore alternatives such as Canada and European countries, Laul said demand for American universities is unlikely to disappear.
“Demand will not collapse, it will become more discerning,” he said, adding that institutions with strong placement records are likely to benefit as students increasingly focus on career outcomes.
However, he pointed to another challenge facing international graduates: the changing US job market amid rapid AI adoption.
The founder said students are now entering a market where traditional entry-level opportunities in areas such as coding, analysis and support roles are being reshaped by artificial intelligence. He described the combination of shorter timelines and fewer traditional job opportunities as a “double squeeze” for graduates.
At the same time, he said AI skills could offer a path forward. According to him, students who develop practical AI capabilities alongside their degrees may have stronger prospects in an evolving job market.
“The degree gets you the visa, AI skills get you the job,” he said, advising students to choose programs with AI-focused coursework and build hands-on experience before graduation.
“The era of the average student drifting to an average outcome in America is over… It has become a market for the prepared.”
- ABOUT THE AUTHORPrakriti DebPrakriti Deb is a journalist at Hindustan Times Digital, where she is part of the US Desk. She works on stories related to American politics, crime, sports, entertainment and weather. She particularly enjoys covering political developments that have global ripples. Through her work, she aims to break down complex events in a way that feels simple and understandable. Before joining the Hindustan Times, she worked with The Indian Express Digital, where she covered world affairs. She holds a postgraduate degree in Mass Communication with a specialisation in Journalism, along with a bachelor’s degree in English Literature. Outside the newsroom, Prakriti enjoys travelling and stepping out of her comfort zone. She finds her sense of being through storytelling in all its forms, including conversations, painting, theatre, dance and photography. She appreciates discussions that challenge her perspective and help her see the world a little differently.Read More",direct,,4905.0,False
final_rule,20260718T190000Z,DHS Finalizes Rule That Means Students Cant Just Stick Around,https://www.alipac.us/f9/dhs-finalizes-rule-means-students-can%92t-just-stick-around-440379/,alipac.us,English,United States,https://imageio.forbes.com/specials-images/imageserve/68a8e7d5ee0aca91eacc196e/US-POLITICS-EDUCATION-MIT/960x0.jpg?format=jpg,final_rule,False,"Results 1 to 2 of 2
			
		
Thread Information
Users Browsing this Thread
There are currently 1 users browsing this thread. (0 members and 1 guests)
- 
	07-18-2026, 10:44 AM #1DHS Finalizes Rule That Means Students Cant Just Stick AroundDHS Finalizes Rule That Means Students Cant Just Stick Around 
 
 By William Teach July 18, 2026  7:00 am
 
 It really wasnt that long ago when anyone in the US on any visa mostly spent the time on the visa and then had to leaveDHS Finalizes Immigration Rule That Imperils Status Of Many StudentsAww, thats too bad. It must be really, really hard to fill out some paperwork. They had to do it to come to school to start, right? Are we just supposed to let them stay for what, about 10 years to get that PhD and not know a damned thing about what theyve been doing? Breaking any laws? Seriously, pretty much every other nation, especially those in the 1st World, require people to renew their visas
 The Trump administration has finalized an immigration rule that imperils the status of many international students. Today, international students are admitted for duration of status. That means if they are pursuing a course of study, they can generally stay in the United States, including entering as an undergraduate, going on to a masters and then a Ph.D. without relying on new government approvals. The final rule, proposed in Aug. 2025, would replace that policy, with limited exceptions, by establishing a fixed four-year period for F-1 and J-1 visa holders. Educators, attorneys and businesses say the new policy threatens Americas role as a leading destination for international students and will harm the ability to attract and retain promising talent from around the world.
 Ultimately, it is going to be a huge burden and unnecessary administrative strain, said Jonathan Grode of Green & Spiegel in an interview. I worry about the chilling effect on foreign student enrollment, which has already taken a hit since Trumps second term started.
 This rule is unnecessary and duplicative. International students are already among the most closely monitored nonimmigrant populations in the U.S. and are subject to rigorous oversight by DHS and academic institutions, said Miriam Feldblum, president and CEO of the Presidents Alliance on Higher Education and Immigration, in a statement. Nonimmigrants are temporary visa holders.And, yet, a huge number of students blew off their student visas when they ended and just stayed in the US. Before Obama and especially Biden just started letting everyone in roughly 45% of illegal aliens were people who overstayed their visas. If they are closely monitored than reapplying after undergrad and grad should be no big deal.
 This rule introduces unnecessary government intrusion into academic decision-making, said Fanta Aw, executive director and CEO of NAFSA: Association of International Educators, in a statement. Requiring students and scholars to seek approval to extend their academic program, change majors, or pursue the next level of study places life-changing educational decisions in the hands of an already overburdened immigration systemnot educators, and not institutions.Thats exactly the role of the government, you pompous twit. Why are these leftists so against having a controlled immigration system, especially for temporary?
 
 
 DHS Finalizes Rule That Means Students Cant Just Stick Around » Pirate's Cove
 If you're gonna fight, fight like you're the third monkey on the ramp to Noah's Ark... and brother its starting to rain. Join our efforts to Secure America's Borders and End Illegal Immigration by Joining ALIPAC's E-Mail Alerts network (CLICK HERE)
- 
	07-18-2026, 10:55 AM #2DHS Finalizes Immigration Rule That Imperils Status Of Many Students 
 
 ByStuart Anderson,
 Senior Contributor.
 
 Stuart Anderson writes about immigration, business and globalization.
 
 Jul 17, 2026, 09:05am EDT Jul 17, 2026, 02:55pm EDT
 
 Summary
 
 The Trump administration has finalized an immigration rule affecting international students on F-1 visas and J-1 exchange visitors. This new policy replaces the current ""duration of status"" with a fixed four-year period, requiring students to seek extensions if they do not complete their degree in four years. Critics, including educators and businesses, warn this change will deter promising global talent and harm U.S. higher education and innovation. They argue the rule's stated justifications of national security and reducing overstays are weak. They also note that many students take longer than four years to complete a degree and extensions are not guaranteed. DHS concedes the rule could cause international student enrollment to decline.
 
 
 
 Secretary of Homeland Security Markwayne Mullin testifies before the Senate Appropriations Subcommittee on June 2, 2026. The Trump administration has finalized an immigration rule that is expected to imperil the status of many international students. (Photo by Chip Somodevilla/Getty Images)... More
 Getty Images
 
 The Trump administration has finalized an immigration rule that imperils the status of many international students. Today, international students are admitted for duration of status. That means if they are pursuing a course of study, they can generally stay in the United States, including entering as an undergraduate, going on to a masters and then a Ph.D. without relying on new government approvals. The final rule, proposed in Aug. 2025, would replace that policy, with limited exceptions, by establishing a fixed four-year period for F-1 and J-1 visa holders. Educators, attorneys and businesses say the new policy threatens Americas role as a leading destination for international students and will harm the ability to attract and retain promising talent from around the world.
 Ultimately, it is going to be a huge burden and unnecessary administrative strain, said Jonathan Grode of Green & Spiegel in an interview. I worry about the chilling effect on foreign student enrollment, which has already taken a hit since Trumps second term started.
 This rule is unnecessary and duplicative. International students are already among the most closely monitored nonimmigrant populations in the U.S. and are subject to rigorous oversight by DHS and academic institutions, said Miriam Feldblum, president and CEO of the Presidents Alliance on Higher Education and Immigration, in a statement. Nonimmigrants are temporary visa holders.
 
 This rule introduces unnecessary government intrusion into academic decision-making, said Fanta Aw, executive director and CEO of NAFSA: Association of International Educators, in a statement. Requiring students and scholars to seek approval to extend their academic program, change majors, or pursue the next level of study places life-changing educational decisions in the hands of an already overburdened immigration systemnot educators, and not institutions.
 
 Research indicates international students are vital to U.S. universities, American students and employers. According to a National Foundation for American Policy study by Madeline Zavodny, an economics professor at the University of North Florida, Without immigrants, international students and the children of immigrants, the undergraduate student population in America would be almost 5 million students smaller in 2037 than 2022, or about two-thirds of its current size, while the graduate student population would be at least 1.1 million students smaller, or only about 60% of its current size. Other research by Zavodny found having more international students at a university is associated with more U.S. students pursuing majors in science, technology, engineering and math.
 
 Almost one-quarter (184 of 775, or 24%) of U.S. billion-dollar startup companies have a founder who first came to America as an international student, according to a recent NFAP report. U.S. billion-dollar startup companies with founders who entered as international students have created an average of 1,123 jobs per company. The total value of U.S. billion-dollar companies with international student founders is $3.5 trillion; over $4 trillion if one includes unicorns that have gone public since 2016.
 For businesses, losing access to international student talent could be costly. At U.S. universities, international students account for 80% of full-time graduate students in computer and information sciences, 75% in electrical and computer engineering, 62% in mathematics and statistics and a majority in industrial engineering, civil engineering and mechanical engineering.
 CEO: C-suite news, analysis, and advice for top decision makers right to your inbox.
 Email Address
 
 Final Immigration Rule Changes Little From Proposal
 
 The Department of Homeland Security has published a final rule to eliminate duration of status for F-1 students and J-1 exchange visitors. DHS published a proposed rule in Aug. 2025 and changed little in the final rule, despite receiving almost 22,000 comments. The final rule takes effect Sept. 15.
 
 Video
 
 
 
 00:01 03:12
 
 One change that DHS notes in the final rule from the proposed rule: Providing a short-term reprieve from filing for an extension of status during the first 6 months after the rule takes effect if applying for employment authorization for either post-completion OPT or STEM OPT.
 Currently, international students can remain in lawful status if they are pursuing an academic program toward completion. The new rule would establish a fixed four-year period for F-1 and J-1 visa holders. Note: DHS has published Quick Facts about the rule.
 DHS Highlights Risks In Immigration Rule By Only Assuring Students They Can File Extensions
 
 DHS highlights the risks to international students by assuring students only that they can file extensions if they cannot complete their degrees in four years. How could anyone trust that they can finish their degree based on this assurance, and how is the ability to file an extension even a genuine assurance? said Mark Regets, an economist and senior fellow at the National Foundation for American Policy. The four-year limit creates a major risk for young people making the largest investment of their lives, and they are asked to risk that on a government bureaucracy overseen by individuals not seen as welcoming of international students. Why would many of them take a chance on a U.S. education?
 Regets is referring to a DHS response to comments on data showing that four years is insufficient for many students to complete an undergraduate or doctoral degree. DHS recognizes students may take longer than four years to complete their undergraduate and graduate programs of study, according to DHS. However, this rulemaking does not require completion of a program within four years. Rather, the four-year period is intended as a law enforcement and screening tool to assess whether a student is maintaining normal academic progress and eligibility for F-1 status. Students who demonstrate continued academic progress and meet F-1 eligibility criteria may apply for an extension of status to complete their programs, consistent with the realities of U.S. higher education. (Emphasis added.) DHS states students may apply for an extension, but does not promise or provide regulatory language to indicate that they have a high probability of receiving one.
 The National Center for Education Statistics reports a median of 52 months (4.3 years) for completing a bachelors degree. The National Science Foundation reports a median of 5.7 years for completing a Ph.D.
 International students not maintaining valid F-1 status will be allowed only a 30-day grace period to depart without accruing unlawful presence under the final rule. DHS warns accruing unlawful presence could make a student subject to the three-and ten-year bars under immigration law.
 DHS concedes the rule may result in fewer international students choosing to study in America, writing, DHS acknowledges that enrollment of foreign students in U.S. educational institutions may decline because of this rule but is unable to quantify the extent of this decline because there is no precedent from which accurate conclusions can be drawn as to the rules impact. However, DHS does not intend for the rule to result in a significant decline in foreign student enrollment.
 When DHS says that it cannot quantify how much international student enrollment will decline, it means the downside risk of the rule is larger than DHS knows, said Regets.
 
 
 People walk on the campus of Massachusetts Institute of Technology (MIT) in Cambridge on April 15, 2025. (Photo by JOSEPH PREZIOSO/AFP via Getty Images)
 AFP via Getty Images
 
 DHS Offers Weak Immigration Policy Justifications For The Rule
 
 The primary argument DHS offers is that the final rule will enhance national security and seeks to buttress that by using the phrase 176 times in the Federal Register document. DHS also argues the rule will reduce overstays and other immigration violations.
 As the National Foundation for American Policy noted in its comment to the proposed rule, analysts do not find the national security justification for the final rule to be credible. In the proposed rule, DHS discussed five cases of Chinese nationals who entered on J-1 visas, whose actions, the department believes, represented national security threats. DHS argued the way to prevent future threats is to wait four years after the entry of such individuals and evaluate their academic progress if they file for an extension of status.
 As with F nonimmigrants, setting the length of the J nonimmigrants specific program to not exceed a 4-year period would establish a mechanism for immigration officers to assess these nonimmigrants at defined periods (such as when applying for an EOS in the United States beyond a 4-year admission period) and determine whether they are complying with the conditions of their classification, according to DHS. (Emphasis added.) An EOS is an extension of status.
 As NFAP wrote in its comment, it seems unlikely that government officials believe the best way to address the national security concerns raised by the cases of the five Chinese nationals is to require fixed periods of admission to establish a mechanism for immigration officers to assess these nonimmigrants at defined periods (such as when applying for an EOS in the United States beyond a 4-year admission period). NFAP noted, If individuals represent national security concerns, hoping that they apply for an extension after four years so that an immigration officer can review their application is a woeful or even absurd security measure. Under DHSs reasoning, if the proposed rule is finalized, all a national security threat needs to do to avoid scrutiny is to complete their academic program quickly enough to prevent the need to file for an extension.
 DHS can scrutinize any international student or exchange visitor it desires if officials believe they represent a threat. DHS also has access to their academic progress via the SEVIS program, which ICE operates within DHS.
 Elizabeth Neumann, former assistant secretary for counterterrorism and threat prevention at the Department of Homeland Security during Donald Trumps first term, said in an interview, It seems like theyre trying to focus on national security as a justification for what is really a policy preference. If I had to characterize this action, I would say there are legitimate needs to strengthen the student visa programs to prevent fraud and protect national security, but it might be possible to do so through other, more narrow means.
 DHS conceded the shortcomings in their overstay data that an NFAP report highlighted, specifically that the suspected overstay rate for students and exchange visitors drop(s) by as much as 42% over time as the governments own data is reconciled.
 A commenter pointed to a forensic analysis by the National Foundation for American Policy which had concluded that DHS methodology is flawed, wrote DHS. The decline over time in counts of suspected in-country overstays, as noted by NFAP, reflects the expected and documented process of updating records as DHS receives additional departure and benefit information. This decline is an intended result of the system design, not a flaw in the methodology. The existence of these later adjustments is a known and transparent feature of the methodology and does not mean the initial statistics are unreliable or inflated.
 Mark Regets responded, It does mean the initial overstay statistics that DHS highlights are inflated. DHS said what NFAP said in its report, that the initial numbers are not a good indicator because they are going to fall.
 The Immigration Rule Affects All International Students
 
 The new rule affects all international students. Here are the key elements.
 
 
  - New students will have four years to complete their studies unless they obtain an extension.
  - Current international students will be allowed to remain in duration of status, but cannot exceed four years from the date the rule becomes final without filing for and receiving an extension of status. For example, J-1 research scholars and alien physicians who have program end dates for up to 5 or 7 years respectively, would need to apply for an EOS before the 4-year maximum period of stay expires, i.e.,the date that falls 4 years after the rule becomes effective, DHS explained in the rule.
  - Current international students who leave the country can see the time to complete their studies limited. F and J nonimmigrants (temporary visa holders) who depart the United States after the rules effective date and before the end date reflected on their Form I-20 or DS-2019 may be admitted with a new fixed admission period, like any other newly admitted F or J nonimmigrant, DHS wrote in the final rule.
  - Transfers are now restricted. Under the proposed rule, An F-1 student at any level below the graduate degree level may not change programs or educational objectives, i.e. programs, majors, or educational levels, within the first academic year of a program of study, unless an exception is authorized . . . for extenuating circumstances that may include, but are not limited to, a school closure or a schools prolonged inability to hold in-person classes due to a natural disaster, a student needing to change schools to complete elementary or secondary education, or other cause. An F-1 student at the graduate degree level or above may not change programs at any point during a program of study. (Emphasis added.) It may be possible for a graduate student to receive an exception for extenuating circumstances.
  - According to the rule, An alien who has completed a program as an F-1 nonimmigrant at one educational level will be unable to maintain F-1 status, depart and be admitted in F-1 status, or otherwise obtain F-1 status (e.g., via a change of status) through a program at the same educational level or a lower educational level. However, an F-1 student who has completed a program in the United States at one educational level and is beginning a new program at a higher educational level will be considered to be maintaining F-1 status if they otherwise comply with requirements under 8 CFR 214.2.
  - The proposed rule will affect how international students obtain the ability to work on Optional Practical Training and STEM OPT. F-1 students will have to file for an extension of F-1 status to work on OPT. One exception would be students filing for OPT before the transition period ends.
  - The immigration rule provides only limited exceptions to qualify for an extension. The rule lists three valid reasons for obtaining an extension. First, A compelling academic reason, such as a change of major or research topic or unexpected research problems. Unexpected research problems are those caused by an unexpected change in faculty advisor, need to refine an investigatory topic based on initial research, research funding delays, and similar issues. Delays including, but not limited to, those caused by academic probation or suspension or a students repeated inability or unwillingness to complete his or her course of study are not acceptable reasons for an extension.
  - Other reasons permitted for granting an extension: (ii) A documented illness or medical condition that is a compelling medical reason, such as a serious injury, that is supported by medical documentation from a licensed medical doctor, a licensed doctor of osteopathy, a licensed psychologist, or a licensed clinical psychologist; or (iii) Circumstances beyond the students control, including a natural disaster, national health crisis, or the closure of an institution.
 
 The fallout from the new immigration rule could be considerable. At a time when global competition for talent is intensifying, this policy sends exactly the wrong message, said NAFSAs Fanta Aw. It tells the worlds brightest students and scholars that the United States is becoming less welcoming, less predictable, and less committed. This is not just bad for higher education, it is bad for American innovation, economic growth, workforce development and global leadership.
 
 DHS Finalizes Immigration Rule That Imperils Status Of Many Students
 
 If you're gonna fight, fight like you're the third monkey on the ramp to Noah's Ark... and brother its starting to rain. Join our efforts to Secure America's Borders and End Illegal Immigration by Joining ALIPAC's E-Mail Alerts network (CLICK HERE)
Similar Threads
- 
  Antifa 1-4: Nazis, communists, Antifa, By any means necessary, anarchy and mob rule By Airbornesapper07 in forum Other Topics News and IssuesReplies: 4Last Post: 07-17-2019, 02:16 AM
- 
  DHS finalizes I-9 employment form rule streamlining By JohnDoe2 in forum illegal immigration News Stories & ReportsReplies: 0Last Post: 07-21-2010, 06:24 PM
- 
  Leftist students rule at National Autonomous U of Mexico By FedUpinFarmersBranch in forum Other Topics News and IssuesReplies: 0Last Post: 09-21-2008, 03:55 PM
- 
  DHS Finalizes New Rule on No-Match Letters By zeezil in forum illegal immigration News Stories & ReportsReplies: 2Last Post: 08-13-2007, 01:42 PM
- 
  Allentown:Proposed fed rule targets undocumented students By Nouveauxpoor in forum illegal immigration News Stories & ReportsReplies: 0Last Post: 08-09-2007, 07:48 AM",direct,https://nfap.com/wp-content/uploads/2025/10/Comment-on-Proposed-Rule.NFAP_.Sept-2025.pdf | https://studyinthestates.dhs.gov/elimination-of-duration-of-status-quick-facts?utm_medium=email&utm_source=govdelivery | https://www.federalregister.gov/public-inspection/2026-14439/establishing-a-fixed-time-period-of-admission-and-an-extension-of-stay-procedure-for-nonimmigrant,22419.0,False
final_rule,20260718T234500Z,Why the US tightened student visa rules ? ,https://www.newindianexpress.com/explainers/2026/Jul/18/why-the-us-tightened-student-visa-rules,newindianexpress.com,English,India,https://cf-images.assettype.com/newindianexpress%2F2026-07-18%2F68637zzb%2FUS-VISA-COPY095732.JPG?&ar=40%3A21&auto=format%2Ccompress&ogImage=true&mode=crop&enlarge=true&overlay=false&overlay_position=bottom&overlay_width=100,final_rule,False,"The Donald Trump administration has announced sweeping changes to the US student visa system, ending a decades-old policy that allowed international students to remain in the country for the duration of their academic programme. Under the new rules, most foreign students will get a maximum four-year stay unless they receive permission from the US government to extend it. The changes, which take effect in September, are being pitched by the Department of Homeland Security (DHS) as a national security and immigration reform measure. However, universities, education groups and international students say the policy could create uncertainty, particularly for research scholars and doctoral candidates.
Here’s what the new rules mean and why they matter
What has the Trump administration changed?
The biggest change is the end of the “Duration of Status” (D/S) system that has governed student visas in the United States since 1978.
Until now, students on F-1 visas, exchange visitors on J-1 visas, and foreign media representatives on I visas could remain in the US for as long as they maintained their visa status and continued pursuing their approved academic programme. Under the new regulation, international students will instead receive a fixed period of admission, with most of them allowed to stay only for the duration of their academic programme, subject to a maximum of four years. Students who need additional time will have to seek formal approval from the US government rather than relying on their universities.
Why these changes?
The Trump administration says the previous system was vulnerable to misuse. According to the Department of Homeland Security, some foreign nationals repeatedly enrolled in academic programmes to maintain legal status in the United States without leaving the country. Announcing the rule, DHS Secretary Markwayne Mullin said the old framework had become outdated. “For nearly half a century, the outdated 'duration of status' system has compromised national security and created an environment ripe for immigration fraud.”
He added: “For decades, foreign students have been admitted into the U.S. indefinitely, allowing thousands to abuse our immigration system by perpetually enrolling in courses to avoid having to leave the US.” The administration argues that introducing fixed admission periods will allow authorities to conduct routine vetting, biometric checks and background screening more regularly.
What exactly changes for students?
The new rule brings several major changes to the US student visa system. Most F-1 and J-1 visa holders will now be allowed to stay for a maximum of four years. Students who need more time to complete their studies must apply directly to the US Citizenship and Immigration Services (USCIS) for an Extension of Stay.
Universities will no longer be able to effectively extend a student's stay under the earlier Duration of Status framework.
The post-graduation grace period has been reduced from 60 days to 30 days, while stricter rules have also been introduced for programme changes and transfers between institutions, shifting greater oversight to the federal government.
How different is it from the old one?
Under the earlier system, international students could legally remain in the US for as long as they stayed enrolled in their approved academic programme, with universities monitoring their academic progress and immigration authorities stepping in primarily when visa rules were violated. Under the new framework, however, students will receive a fixed period of authorised stay, and anyone needing additional time must obtain approval from the federal government. Extension requests will be subject to additional scrutiny, including background and security checks, making immigration oversight significantly more centralised than under the previous system.
Why are Indian students concerned?
Indian students are among the biggest beneficiaries of the US higher education system. According to the Open Doors 2024 report, more than 331,000 Indian students studied in the United States during the 2023-24 academic year and Indians account for nearly 30 per cent of all international students in the country. A large proportion of Indian students pursue STEM courses, doctoral research, engineering, medicine and specialised master’s programmes that often extend beyond four years. Under the new system, many of these students may have to seek an Extension of Stay before completing their degrees.
What happens if a student needs more than four years?
Students who need additional time to complete their studies must apply directly to the US Citizenship and Immigration Services (USCIS) for an Extension of Stay. Unlike the previous system, universities can no longer authorise continued stay. Applications will undergo background verification, biometric screening, fraud checks and a fresh review by federal immigration authorities before students are allowed to continue studying legally.
What happens if an extension is delayed or denied?
Universities and education experts warn that if a student's authorised stay expires before an extension is approved, they could begin accumulating unlawful presence because of processing delays, administrative backlogs, paperwork errors or pending government review. Critics say even compliant students could face legal uncertainty, affecting future visa applications or leading to immigration penalties.
What changes after graduation?
The Trump administration has also shortened the grace period available to international students after graduation. Earlier, F-1 visa holders had 60 days to leave the United States, transfer to another educational institution, change to a different visa category or begin authorised post-study processes. Under the new rules, that window has been reduced to 30 days, giving students significantly less time to make important immigration, academic and career decisions after completing their studies.
How will the govt monitor students?
Oversight of international students will continue through the Student and Exchange Visitor Program (SEVP), which operates under US Immigration and Customs Enforcement (ICE). SEVP manages the Student and Exchange Visitor Information System (SEVIS), a database that tracks approved educational institutions, exchange programmes, international students and their visa compliance. However, under the new rules, extensions and continued legal stay will require direct approval from federal immigration authorities rather than being managed largely through universities.
What are universities and education groups saying?
The changes have drawn criticism from education organisations. NAFSA: Association of International Educators described the policy as unnecessary. Its Chief Executive Officer Fanta Aw said: “The new policy injects uncertainty, bureaucracy, and fear into a system that has long worked effectively. It is a solution in search of a problem.” Universities worry the additional paperwork and uncertainty could discourage talented international students from choosing the United States, especially for long-term research programmes.
Are these changes part of a broader immigration policy?
Yes. Since returning to office in January 2025, President Donald Trump has pursued a broader crackdown on both illegal and legal immigration. His administration has increased scrutiny of student visas, revoked the visas of some foreign students, tightened immigration enforcement, proposed limits on international student admissions at certain universities, and expanded oversight of foreign nationals studying in the United States. The latest changes to student visa rules are part of this wider immigration agenda.
Will the new rules affect students already studying in the US?
Yes. According to DHS, students currently in the United States under the old “Duration of Status” system will automatically transition to the new framework. Their authorised stay will be capped at a maximum of four years from the effective date of the rule, unless they receive an approved extension.
That means even students who entered under the previous system will eventually have to comply with the new requirements.
What has India said?
India has responded cautiously, saying visa and immigration policies are sovereign matters for every country. External Affairs Ministry spokesperson Randhir Jaiswal said: “We’ve seen some reports regarding the visa rules… Visa rules and visa functions and immigration matters are sovereign functions of any state.” However, he added that India would continue to raise concerns if genuine students face difficulties.
What does this mean going forward?
The new rules represent one of the most significant changes to the US student visa system in nearly five decades. While the Trump administration argues the reforms are necessary to prevent immigration abuse and strengthen national security, critics warn they could increase bureaucracy, create uncertainty for researchers and reduce the attractiveness of the United States as a destination for international education.
For Indian students, the largest international student community in the US, the impact could be particularly significant. Those planning long-duration programmes will now need to factor immigration timelines into their academic plans, ensure timely applications for extensions, and closely monitor changes in federal immigration policy as the new rules come into force.
Visa changes for foreign journalists?
The ending of the “duration of status” system also affects foreign journalists as well. The DHS would impose fixed visa periods with routine renewals. Under the proposal, visas for most foreign journalists would be shortened from up to five years to 240 days, while Chinese journalists would be limited to 90-day visas.",direct,,9828.0,False
final_rule,20260718T234500Z,US new immigration rule threatens stay of over 3 lakh Indian students on F - 1 visa,https://indianexpress.com/article/india/us-new-immigration-rule-threatens-stay-of-over-3-lakh-indian-students-on-f-1-visa-10793021/,indianexpress.com,English,India,https://images.indianexpress.com/2026/07/study-abroad_1947fb_20260202003737_20260211233410_20260718225933.jpg,final_rule,False,"OVER THREE lakh Indian students studying in the US on F-1 visa are set to be affected by the new regulation of the Department of Homeland Security (DHS), which mandates that they transition to the new system “automatically” and have their “authorised stay capped at a maximum of four years”.
Experts point out that there is still a lack of clarity, and processes will become clearer once the rules become applicable in mid-September. However, they say that the new rule may complicate matters for existing students.
This rule fundamentally changes how international students maintain lawful status in the US, says Bangalore-based Sukanya Raman, US Immigration Advisor at the law firm, Immigration Desk. 
“Instead of remaining in F-1 visa status for as long as they comply with their academic programme, students now face fixed admission deadlines and must file for an extension of stay to complete longer degrees,” she says.
The DHS on Thursday announced a rule that eliminates “duration of status (D/S)” — a provision that allowed foreign students, exchange visitors and media representatives to extend their stay in the US without being subject to additional screening.
International students in the US are largely on F-1 visas. Holders of F (student visa) and J (exchange visitor visa) visas can remain in the US for as long as they maintain their student status; their stay is marked as “D/S”. If they need more time to complete a programme, they can request their educational institution to extend the duration of their stay.
However, the new rule demands that students be admitted for a fixed period matching the length of their academic programme, with a maximum initial admission of four years. Those who take longer to complete their degrees have to formally petition the US Citizenship and Immigration Services (USCIS) for an extension of stay. The post-graduation grace period to prepare to depart the US or apply for a status change has also been halved from 60 days to 30 days.
“For students in longer academic pathways, such as PhD, medical, or research-intensive programmes, this introduces additional planning, filing costs and the risk of status disruptions if extensions are delayed,” Raman says.
As of January 2025, there were about 300,000 Indian students in the US, mostly in graduate (Master’s) programmes in STEM (Science, Technology, Engineering and Mathematics) fields. According to the US State Department report, in 2024, 90,129 Indians obtained F visas.
The US government claims that this shift restores integrity to the nation’s immigration system, combats rampant visa abuse, and strengthens national security through regular vetting.
DHS Secretary Markwayne Mullin said, “For decades, foreign students have been admitted into the US indefinitely, allowing thousands to abuse our immigration system by perpetually enrolling in courses to avoid having to leave the US.”
“Current nonimmigrant visa holders residing in the US under the previous “duration of status” framework will transition to the new system automatically, with their authorized stay capped at a maximum of four years from the effective date of this rule,” says the DHS statement in this regard.
Experts say the new rule will not only impact the F-1 status but also affect other related issues such as optional practical training (OPT). For F-1 students, the duration of stay has been considered as the time the individual took to complete their academic programme and any post-completion OPT, plus a 60-day grace period.
The significant change is that F-1 students will now be admitted for a fixed period (generally up to four years) instead of D/S, says Mumbai-based immigration lawyer Surabhi Singh. “Accordingly, students will need to ensure that their underlying F-1 status remains valid throughout any period of OPT,” she says.
However, OPT itself has not been eliminated by the final rule. Students remain eligible to apply for the existing 12-month post-completion OPT, and eligible STEM graduates may still seek the 24-month STEM OPT extension, say immigration experts, even as they add that “the interaction between the fixed admission period and OPT/STEM OPT, particularly where the admission period expires during a student’s OPT or STEM OPT has not yet been fully addressed in the final rule”.
There is no indication yet that students will be required to depart the US and re-enter in order to apply for OPT, Singh says, adding that the existing regulatory framework governing OPT applications has not been amended and students should continue to be able to apply for OPT from within the US while maintaining valid F1 status.
However, Singh says, “The practical issue under the new rule is not where the OPT application is filed, but whether the student continues to have a valid period of F-1 admission. If the student’s fixed period of admission is due to expire before or during OPT, they may need to obtain an extension of stay or otherwise maintain valid F1 status in accordance with future DHS/USCIS guidance.”
Explaining how this will likely pan out for existing international students, of which Indian form the largest group, an immigration attorney based in New York says: “During the transition period, it appears that existing F-1s who have a pending application for post-completion OPT or STEM OPT employment authorisation when the regulation takes effect, or who file such an application within six months of the regulation’s effective date, will not be required to file a separate extension of F-1 status.”
Several attorneys in the US whom The Indian Express spoke with have expressed apprehensions that the new policy threatens the United States’ image as a leading destination for international students and will also harm the ability to attract and retain promising talents from around the world.
While experts believe the DHS visa rules will not stop the upcoming fall intake, the rules do create significant administrative challenges and uncertainty for new students. The final rule takes effect on September 15, by which time Fall admissions and visa processes are generally complete.
The policy change also moves oversight from university staff back to federal authorities and subjects applicants to biometric vetting, background checks, and fraud screenings, the DHS said.",direct,,6302.0,False
final_rule,20260719T033000Z,"New US visa rule raises financial burden for international students , increases hiring pressure",https://timesofoman.com/article/174569-new-us-visa-rule-raises-financial-burden-for-international-students-increases-hiring-pressure,timesofoman.com,English,Oman,https://shabiba.eu-central-1.linodeobjects.com/2026/07/1784423375-1784423374-o5j8cbofgsvz-700x400.jpg,final_rule,True,,,,,False
final_rule,20260719T170000Z,Visa bonanza | The Manila Times,https://www.manilatimes.net/2026/07/20/opinion/columns/visa-bonanza/2387154,manilatimes.net,English,Philippines,https://manilatimes.net/manilatimes/uploads/images/2026/07/19/1142626.jpg,final_rule,False,"FIVE years after Covid-19 severely infected travel, kept planes, trains and automobiles parked at airport bays and garages, travelers monitored death, hospitalization statistics on TV screens and monitors — tourism and visitor visa fees have come roaring back worldwide.
Well, almost.
                                                                                            Already have an active account? Log in here.
Continue reading with one of these options:
                                    Continue reading with one of these options:
                            Premium + Digital Edition
                        
                        Ad-free access
P 80 per month
(billed annually at P 960)
- Unlimited ad-free access to website articles
- Limited offer: Subscribe today and get digital edition access for free (accessible with up to 3 devices)
TRY FREE FOR 14 DAYS
                        
                        See details
                    
                
        See details 
    
            
                If you have an active account, log in 
                
                                    here
                                .",direct,,1165.0,False
final_rule,20260719T170000Z,Lengths of Student Visas Capped Under New DHS Rule – The Epoch Times,https://prescottenews.com/2026/07/16/lengths-of-student-visas-capped-under-new-dhs-rule-the-epoch-times/,prescottenews.com,English,United States,https://prescottenews.com/wp-content/uploads/2026/07/Lengths-of-Student-Visas-Capped-Under-New-DHS-Rule.webp,final_rule,False,ERROR: direct: 403 Client Error: Forbidden for url: https://prescottenews.com/2026/07/16/lengths-of-student-visas-capped-under-new-dhs-rule-the-epoch-times/ | wayback: only 0 chars,,,180.0,False
final_rule,20260720T063000Z,US Visa Cap : 4 - Year Limit May Disrupt Student Degrees,https://www.newkerala.com/news/a/us-student-visa-rule-may-disrupt-degrees-954.htm,newkerala.com,English,India,https://one.newkerala.com/images/t/newkerala-com-news250.webp,final_rule,False,"US student visa rule may disrupt degrees
Washington, July 20
A new four-year limit on F-1 and J-1 visas could push international students out of the United States midway through their degrees or research, an Indian diaspora policy group has warned.
The Foundation for India and Indian Diaspora Studies (FIIDS) urged elected officials and US Citizenship and Immigration Services (USCIS) to halt the immediate implementation of the Department of Homeland Security rule.
According to FIIDS, the measure was finalised on July 16-17 and is set to take effect in mid-September.
The organisation said the rule ends the decades-old ""duration of status"" policy and imposes a maximum stay of four years. It also counts Optional Practical Training and STEM OPT towards that limit.
The rule cuts the grace period after completion of studies from 60 days to 30 days and requires students to obtain USCIS approval through Form I-539 for any extension, FIIDS said.
""This is a self-inflicted wound on US competitiveness,"" said Khanderao Kand, chief of policy and strategy at FIIDS.
""A 4-year cap misaligns with how modern degrees actually work-median time to a bachelor's is about 52 months and to a PhD about 5.7 years-while USCIS is already sitting on more than 11 million cases with roughly year-long processing times.""
""Students will be forced out mid-program or mid-research, labs will lose critical talent, and America will hand its innovation pipeline to competitors,"" he said.
FIIDS said many research-intensive programmes, particularly doctoral courses and medical training, routinely extend beyond four years. J-1 research scholars and physicians also often require between five and seven years to complete their programmes, it said.
Uncertainty surrounding extensions could disrupt laboratories, delay graduations and destabilise faculty recruitment plans tied to international talent, the group warned.
""Delay implementation, protect students, and safeguard U.S. research and innovation,"" Kand said. ""If the goal is integrity, do it without blowing up degree pathways that power American labs and startups.""
In a statement, FIIDS called on Congress to restore duration-of-status protection for F-1 and J-1 visa holders. It also proposed statutory exemptions for graduate and STEM programmes whose median completion periods exceed 48 months, subject to a 64-month limit with automatic extensions.
The group asked USCIS and the Department of Homeland Security to provide administrative relief before the rule takes effect. Its proposals include automatic extensions for students in good standing, exclusion of OPT and STEM OPT from the four-year calculation, faster processing of Form I-539 applications and restoration of the 60-day grace period.
FIIDS said new international enrolments fell 17 per cent in autumn 2025, the steepest drop since the pandemic. It estimated that the decline resulted in more than $1.1 billion in lost revenue and nearly 23,000 fewer jobs.
— IANS",direct,,2970.0,False
final_rule,20260720T070000Z,US student visa rule may disrupt degrees,https://www.prokerala.com/news/articles/a1790054.html,prokerala.com,English,India,,final_rule,False,"Washington, July 20 : A new four-year limit on F-1 and J-1 visas could push international students out of the United States midway through their degrees or research, an Indian diaspora policy group has warned.
The Foundation for India and Indian Diaspora Studies (FIIDS) urged elected officials and US Citizenship and Immigration Services (USCIS) to halt the immediate implementation of the Department of Homeland Security rule.
According to FIIDS, the measure was finalised on July 16-17 and is set to take effect in mid-September.
The organisation said the rule ends the decades-old ""duration of status"" policy and imposes a maximum stay of four years. It also counts Optional Practical Training and STEM OPT towards that limit.
The rule cuts the grace period after completion of studies from 60 days to 30 days and requires students to obtain USCIS approval through Form I-539 for any extension, FIIDS said.
""This is a self-inflicted wound on US competitiveness,"" said Khanderao Kand, chief of policy and strategy at FIIDS.
""A 4-year cap misaligns with how modern degrees actually work—median time to a bachelor's is about 52 months and to a PhD about 5.7 years—while USCIS is already sitting on more than 11 million cases with roughly year-long processing times.""
""Students will be forced out mid-program or mid-research, labs will lose critical talent, and America will hand its innovation pipeline to competitors,"" he said.
FIIDS said many research-intensive programmes, particularly doctoral courses and medical training, routinely extend beyond four years. J-1 research scholars and physicians also often require between five and seven years to complete their programmes, it said.
Uncertainty surrounding extensions could disrupt laboratories, delay graduations and destabilise faculty recruitment plans tied to international talent, the group warned.
""Delay implementation, protect students, and safeguard U.S. research and innovation,"" Kand said. ""If the goal is integrity, do it without blowing up degree pathways that power American labs and startups.""
In a statement, FIIDS called on Congress to restore duration-of-status protection for F-1 and J-1 visa holders. It also proposed statutory exemptions for graduate and STEM programmes whose median completion periods exceed 48 months, subject to a 64-month limit with automatic extensions.
The group asked USCIS and the Department of Homeland Security to provide administrative relief before the rule takes effect. Its proposals include automatic extensions for students in good standing, exclusion of OPT and STEM OPT from the four-year calculation, faster processing of Form I-539 applications and restoration of the 60-day grace period.
FIIDS said new international enrolments fell 17 per cent in autumn 2025, the steepest drop since the pandemic. It estimated that the decline resulted in more than $1.1 billion in lost revenue and nearly 23,000 fewer jobs.",direct,,2924.0,False
final_rule,20260720T083000Z,"Over 20 , 000 Korean students in US face uncertainty under new visa limits",https://www.hani.co.kr/arti/english_edition/e_international/1269055.html,hani.co.kr,English,South Korea,https://flexible.img.hani.co.kr/flexible/normal/710/473/imgdb/original/2026/0720/5717845347091297.webp,final_rule,False,"The US sent shockwaves through the international student community after the Department of Homeland Security released new regulations limiting the stay of foreign students to a maximum of four years.
Fears are also growing that the new cap on stays of foreign journalists could be used to retaliate against news coverage critical of the Trump administration.
Lee, a 33-year-old doctoral student who has been in the US for four years, told the Hankyoreh on Sunday that the news had prompted panic in the international student community.
“As soon as the news broke, a link was shared in my graduate student group chat, and international Ph.D. students from Korea were in an uproar and asking what they should do now,’“ they said.
“There’s a huge deal of anxiety about being able to stay in the US until we finish our degrees,” Lee added.
The department on Thursday announced a cap on the duration of stay for international student visas (F series) and those for exchange visits for training and internships (J series) to four years. Extensions of stay will be decided after a rigorous federal review.
The rule will go into effect starting September, which coincides with the start of the new US academic year. The measure will apply not only to new visa holders but also retroactively to international students already in the US.
Foreign students had been allowed to stay in the US for the duration of their studies, but this new regulation limits that, directly affecting over 20,000 Korean international students and their families.
Anxiety over this new policy is especially high among Ph.D. students, as their studies typically take upwards of five to seven years.
“There was talk that it would be difficult to get a student visa after Trump took office. These new regulations have sparked a sense of crisis. Since a doctorate usually takes longer than four years, having to go through a residency review in the middle of the program adds an extra hurdle,” said Hyun, a 28-year-old doctoral student.
More students are also considering changing their plans to study or work in the US.
“The new regulations don’t affect the postdoctoral visa (H-1B), but since I don’t know how policy will change, I’m worried about going to the US in the first place,” said Kim, 31, who was mulling a postdoctoral position in the US. “Graduate students I know are also starting to look at Europe and other places instead of the US.”
Limits on how long foreign journalists can stay in the US are also fueling debate. The US has eliminated the “duration of status” system that allowed indefinite stay if eligibility requirements were met for the nonimmigrant I-series visas for foreign journalists.
This will cap their sojourn period per entry to 240 days starting Sept. 15, with that shortened even further to 90 days for Chinese nationals. Trump had pursued the measure during his first stint in office only for it to be scrapped by the Biden administration in 2021.
The National Press Club, a prestigious American media organization based in Washington, warned of an “environment of fear and uncertainty” in which foreign correspondents shun criticism of the US government to maintain their residency status. The group also said retaliatory restrictions by other countries could endanger the ability of American media to report from abroad.
By Jang Hyeon-eun, staff reporter; Jeong Bong-bi, staff reporter; Cho Hae-yeong, staff reporter; Kim Won-chul, Washington correspondent
Please direct questions or comments to [english@hani.co.kr]",direct,,3520.0,False
final_rule,20260720T161500Z,"Trump Administration Slashes Visa Lengths for Students , Journalists",https://truthout.org/articles/trump-administration-slashes-visa-lengths-for-students-journalists/,truthout.org,English,United States,https://truthout.org/app/uploads/2026/07/2026-0720-mullin.jpg,final_rule,False,"Honest, paywall-free news is rare. Please support our boldly independent journalism with a donation of any size.
The Trump administration has finalized immigration rules shortening several forms of visas for foreign visitors and residents in the U.S., with particular emphasis on students and the press.
The rule changes, announced last week by the Department of Homeland Security (DHS), end the “duration of status” system, which had allowed foreign visitors on certain visas to remain in the country, without the need for repeated application renewals, if they continued to meet eligibility rules.
DHS characterized the duration of status rule as a “loophole,” despite the long practice of its use. DHS Secretary Markwayne Mullin further derided duration of status as “compromis[ing] national security and created an environment ripe for immigration fraud.”
Nonimmigrant foreign students on F visas and foreign exchange students on J Visas would be affected by the rule change affecting academics. Formerly, foreign students were allowed to remain in the U.S. for the duration of their studies. The new rule, however, imposes periodic reevaluations of their visa status.
The rule also limits a two-month “grace period” after students in colleges or universities graduate, which allows them time to reapply for new visas or decide whether they want to return to their home country. Under the new rule, that time frame is reduced to just 30 days.
“It is a solution in search of a problem,” Fanta Aw, the executive director and CEO of NAFSA: Association of International Educators, said to Newsweek regarding the rule changes. “International students and exchange visitors are already the most monitored nonimmigrant populations in the United States.”
Even the libertarian Cato Institute panned the altered rules.
“International students, many of whom will have spent years in the USA, will now have just 30 days to find an employer to sponsor them or immediately be turned into illegal immigrants. Have these people no understanding of how life works?” asked David J. Bier, immigration studies director at Cato.
The new rules will not take full effect until September, meaning student groups or universities and colleges have some time to potentially challenge them.
DHS’s new rules also target foreign journalists, reducing the duration of their visas from five years to just 240 days. For foreign journalists from China, the rule reduces their visa duration to 90 days.
Critics lambasted the changes as an attack on press freedoms and the rights of journalists.
“This change destroys international journalists’ ability to report from the U.S. and makes it extremely difficult for international outlets to operate here at all,” said Ben Grazda, advocacy manager for Reporters Without Borders. “Not only does this impose unnecessary personal, legal, and financial burdens on journalists and their outlets, but it also represents yet another sanction on the press by the Trump administration and the unaccountable Department of Homeland Security.”
Jose Zamora, regional director for the Americas for the Committee to Protect Journalists, called the move “the behavior of a backsliding democracy, not the international vanguard of free speech.”
Zamora added:
Under these restrictions, the Trump administration has moved to — yet again — deny access based on its individual policing of a journalist’s reporting. This is the latest escalation CPJ has documented following a pattern of deeply concerning press freedom violations from this administration.
The U.S. State Department also announced a new restriction policy that would target so-called “far left terrorist and aligned groups” seeking entry into the U.S. Per a statement from State Secretary Marco Rubio, the department claimed that leftist groups are employing “a strategy that explicitly aims to undermine the political foundations of free and self-governing societies.”
Rubio cited a national security directive, issued by Trump last year, that focuses on individuals and groups espousing vague “anti-Christian” and “anti-American” views. That memo is incredibly vague, so much so that it could allow the administration to potentially label anyone espousing leftist views of any kind as terroristic.
In issuing that directive and other subsequent actions, the administration has ignored the very real threat of right-wing violence, putting its entire focus on perceived threats (whether real or imagined) from the left.
25 Years of Truthout: An important fundraising appeal
This September, Truthout is celebrating 25 years of publication. For over two decades, we have been a trusted source for fiercely independent journalism thanks to readers like you.
As we look to the next 25 years, we have launched a special fundraising campaign. At this moment, we have a goal to raise $27,000 in the next 24 hours.
We are asking for your support at this juncture because we face greater threats than ever before in our organizational history. Trump and his MAGA allies are determined to control the information ecosystem, and movement-based organizations are subject to dangerous censorship and scrutiny.
If you can support Truthout with a one-time or monthly donation, you will make a significant impact on our work and our legacy. Anything you can do makes a difference!",direct,,5324.0,False
final_rule,20260720T233000Z,How the Trump administration new rules could affect international students,https://www.whro.org/2026-07-20/how-the-trump-administrations-new-rules-could-affect-international-students,whro.org,English,United States,http://npr-brightspot.s3.amazonaws.com/8d/5d/98ca661b46ad95c909ce19c063b8/plu-is-npr.jpg,final_rule,False,"Updated July 22, 2026 at 12:56 AM EDT
Catch up on what you missed with our Education newsletter, sent weekly.
New visa restrictions could make it harder for international students to study in the U.S., in another example of how the Trump administration's goals for cutting immigration are at odds with the aims of American higher education.
The Department of Homeland Security says it's cracking down on foreign students who intentionally take a long time to earn their degrees. It's adding strict time limits to student visas and restricting how international students transfer schools or change their study plans.
The rule announced last week could have a big impact on college campuses, where international students can make up as much as a fifth of the student body. Foreign students bring diversity and alternative worldviews, and they contribute heavily to colleges' financial health — they don't qualify for federal aid, so many pay full tuition. They also help fuel American innovation in a countless number of fields, in graduate programs, Ph.D. programs and research positions.
""What is at stake is frankly the preeminence of American higher education,"" says Fanta Aw, the executive director and CEO of NAFSA: Association of International Educators. She called the move misguided and unnecessary bureaucracy. ""At a time when there's increased competition, we continue to shoot ourselves in the foot every single time.""
What's behind the changes?
This new rule eliminating what's known as a ""duration of status"" is part of the Trump administration's broader crackdown on immigration.
In a statement, Secretary of Homeland Security Markwayne Mullin said the change will strengthen national security and cut down on what he called ""forever students,"" who intentionally take a long time to finish their degrees.
""This final rule ensures that foreign students remain focused on their primary purpose: completing their studies and returning home,"" he said in the statement.
Historically, students or scholars on F or J visas could stay in the country as long as they were making progress in their academic program, enrolling in a minimum number of classes and avoiding legal trouble. So although the Department of Homeland Security cites rampant abuse in the student visa process as the driving force behind the rule change, there aren't clear numbers on students purposefully perpetually enrolling to remain in the country.
The department does publish data on what it calls a ""Suspected In-Country Overstay,"" and in 2024, that rate was 2.45% of the more than 1.4 million students and exchange visitors who held student visas.
Under this new rule, most international students will be admitted to the U.S. for a fixed period — up to four years. If they need more time, which many of them likely will, students will have to apply for an extension and pay a fee. The new rule also says international students cannot change majors or transfer schools in their first year. It also cuts the post-graduation grace period, the time these visa holders have to leave the country, from 60 days to 30 days. That means less time for recent grads to find work, update their visa status and stay in America.
While universities worry the new rule could affect programs that often take far longer than four years, like medical programs or Ph.D.s, Jessica Vaughan, who leads policy at the Center for Immigration Studies, a think tank that advocates for fewer immigrants, says this is an important change.
""The government needs an opportunity to check in on what people are doing and potentially re-vet them or review their circumstances,"" she says. That way, we can ""make sure that they are still going to qualify to remain here.""
How might this affect enrollment?
The policy change goes into effect in mid-September. Most fall programs in the U.S. will have already started, so returning and first-year students will already have received their visas.
For those currently using F or J visas, the length of their visas will automatically update to four years starting from the start date of this new rule.
It's future enrollment that could take a hit. Already this past academic year, U.S. colleges saw big declines in international student enrollment at graduate programs compared with the year before. That followed the Trump administration's travel bans and visa processing disruptions, in addition to billions of dollars in cuts to university research grants — and attacks on higher education more broadly.
Critics of the policy say the new restrictions on switching programs and changing majors also undercut one of the key selling points of the U.S. higher education system: as a place where students come to explore and find themselves — adding a double major, switching programs, minoring in subjects they didn't know existed.
College concerns
When the Department of Homeland Security proposed the rule change, it received more than 20,000 public comments, many of which were from colleges and universities saying the change would cause major disruptions for their international students — both current and prospective. ""A fixed period of stay would add expense, delay, and uncertainty for nearly every international Ph.D. student and J[-1] research scholar and professor at Vanderbilt University,"" the provost of that private research university in Nashville, Tenn., wrote. ""The average time to completion for a Ph.D. student is just over 5.75 years. Under the proposed rule, nearly every one of the 528 international doctoral students at our institution … would face the very real possibility of an interrupted education.""
Oklahoma State University campuses flagged a number of programs that extend beyond four years, including veterinary medicine. Other schools tried to communicate the various reasons that students might not complete their degrees in four years, or outlined the negative economic and workforce impacts.
Now that the rule is final, schools are scrambling to figure out what it will mean for their international student offices, their Ph.D. programs and admissions. Carnegie Mellon University, a private research university in Pittsburgh with a large portion of international students, is planning a town hall for the fall semester to answer questions from the campus community about the change.
""We know changes can cause uncertainty and anxiety,"" the announcement says, ""and we want students and scholars to know that we are here to support you.""
Edited by Nirvi Shah
Visual design and development by LA Johnson
Copyright 2026 NPR",direct,https://npr.brightspotcdn.com/images/pdf/WHROEditorialIntegrityStatement.pdf | https://www.dhs.gov/news/2026/07/16/trump-administration-issues-final-rule-end-foreign-student-visa-abuse | https://www.dhs.gov/sites/default/files/2025-09/25_0912_cbp_entry-exit-overstay-report-fiscal-year-2024.pdf | https://www.regulations.gov/comment/ICEB-2025-0001-13029 | https://www.regulations.gov/comment/ICEB-2025-0001-19380 | https://www.regulations.gov/document/ICEB-2025-0001-0001 | https://www.uscis.gov/working-in-the-united-states/students-and-exchange-visitors,6546.0,False
final_rule,20260721T000000Z,How the Trump administration new rules could affect international students,https://www.klcc.org/npr-news/2026-07-20/how-the-trump-administrations-new-rules-could-affect-international-students,klcc.org,English,United States,http://npr-brightspot.s3.amazonaws.com/8d/5d/98ca661b46ad95c909ce19c063b8/plu-is-npr.jpg,final_rule,True,,,,,False
final_rule,20260721T010000Z,How the Trump administration new rules could affect international students,https://www.kedm.org/npr-news/2026-07-20/how-the-trump-administrations-new-rules-could-affect-international-students,kedm.org,English,United States,http://npr-brightspot.s3.amazonaws.com/8d/5d/98ca661b46ad95c909ce19c063b8/plu-is-npr.jpg,final_rule,True,,,,,False
final_rule,20260721T010000Z,How the Trump administration new rules could affect international students,https://www.southcarolinapublicradio.org/news/2026-07-20/how-the-trump-administrations-new-rules-could-affect-international-students,southcarolinapublicradio.org,English,United States,http://npr-brightspot.s3.amazonaws.com/8d/5d/98ca661b46ad95c909ce19c063b8/plu-is-npr.jpg,final_rule,True,,,,,False
final_rule,20260721T011500Z,How the Trump administration new rules could affect international students,https://www.kpbs.org/news/education/2026/07/20/how-the-trump-administrations-new-rules-could-affect-international-students,kpbs.org,English,United States,https://npr-brightspot.s3.amazonaws.com/8d/5d/98ca661b46ad95c909ce19c063b8/plu-is-npr.jpg,final_rule,True,,,,,False
final_rule,20260721T014500Z,How the Trump administration new rules could affect international students,https://www.ijpr.org/npr-news/2026-07-20/how-the-trump-administrations-new-rules-could-affect-international-students,ijpr.org,English,United States,http://npr-brightspot.s3.amazonaws.com/8d/5d/98ca661b46ad95c909ce19c063b8/plu-is-npr.jpg,final_rule,True,,,,,False
final_rule,20260721T020000Z,How the Trump administration new rules could affect international students,https://www.whqr.org/national/2026-07-20/how-the-trump-administrations-new-rules-could-affect-international-students,whqr.org,English,United States,http://npr-brightspot.s3.amazonaws.com/8d/5d/98ca661b46ad95c909ce19c063b8/plu-is-npr.jpg,final_rule,True,,,,,False
final_rule,20260721T024500Z,"New U . S . Student Visa Limit Could Disrupt Degree Programs , Group Warns",https://indianewengland.com/new-u-s-student-visa-limit-could-disrupt-degree-programs-group-warns/,indianewengland.com,English,India,https://indianewengland.com/wp-content/uploads/2018/01/Immigration.jpg,final_rule,False,"New U.S. Student Visa Limit Could Disrupt Degree Programs, Group Warns
Washington–A proposed four-year limit on F-1 and J-1 visa stays could force international students and researchers to leave the United States before completing their academic programs, an Indian diaspora policy group has warned.
The Foundation for India and Indian Diaspora Studies urged elected officials, U.S. Citizenship and Immigration Services and the Department of Homeland Security to delay implementation of the rule, which the group said was finalized July 16-17 and is scheduled to take effect in mid-September.
According to FIIDS, the measure would end the longstanding “duration of status” policy and impose a maximum stay of four years. Time spent in Optional Practical Training and STEM OPT would count toward the limit.
The rule would also shorten the post-study grace period from 60 days to 30 days and require students seeking additional time to obtain USCIS approval by filing Form I-539, the group said.
“This is a self-inflicted wound on US competitiveness,” said Khanderao Kand, Chief of Policy and Strategy at FIIDS.
“A 4-year cap misaligns with how modern degrees actually work—median time to a bachelor’s is about 52 months and to a PhD about 5.7 years—while USCIS is already sitting on more than 11 million cases with roughly year-long processing times.”
“Students will be forced out mid-program or mid-research, labs will lose critical talent, and America will hand its innovation pipeline to competitors,” he said.
FIIDS said many research-intensive programs, particularly doctoral studies and medical training, routinely take longer than four years. J-1 research scholars and physicians often require five to seven years to complete their programs, it added.
The organization warned that uncertainty over visa extensions could disrupt laboratory work, delay graduations and complicate faculty recruitment plans that depend on international talent.
“Delay implementation, protect students, and safeguard U.S. research and innovation,” Kand said. “If the goal is integrity, do it without blowing up degree pathways that power American labs and startups.”
FIIDS called on Congress to restore duration-of-status protections for F-1 and J-1 visa holders. It also proposed exemptions for graduate and STEM programs whose typical completion times exceed 48 months, with a 64-month limit and automatic extensions.
The group also urged USCIS and the Department of Homeland Security to offer administrative relief before the rule takes effect. Its recommendations include automatic extensions for students in good standing, excluding OPT and STEM OPT from the four-year calculation, accelerating Form I-539 processing and restoring the 60-day grace period.
FIIDS said new international student enrollment fell 17 percent in fall 2025, resulting in more than $1.1 billion in lost revenue and nearly 23,000 fewer jobs. (Source: IANS)",direct,,2920.0,False
final_rule,20260721T034500Z,How the Trump administration new rules could affect international students,https://www.ideastream.org/2026-07-20/how-the-trump-administrations-new-rules-could-affect-international-students,ideastream.org,English,United States,http://npr-brightspot.s3.amazonaws.com/8d/5d/98ca661b46ad95c909ce19c063b8/plu-is-npr.jpg,final_rule,True,,,,,False
final_rule,20260721T050000Z,Trump administration sets deadline for international students to complete degrees,https://wchstv.com/news/local/trump-administration-sets-deadline-for-international-students-to-complete-degrees,wchstv.com,English,United States,https://wchstv.com/resources/media2/16x9/1920/1320/center/90/c427fde1-4ea4-4532-9ce3-9f89c5ba9832-230355681f814b17b29986e04e841da2.png,final_rule,False,"Trump administration sets deadline for international students to complete degrees
CHARLESTON, W.Va. (WCHS) — A new rule from the Trump administration sets a firm deadline for completing degree programs, starting a countdown for some international students.
A longstanding “duration of status” policy is being replaced with fixed periods of stay for many holding student visas.
Most students will be limited to four years before having to seek an extension if their program isn't finished.
The grace period after graduation is also being cut from 60 days to 30.
West Virginia University has the state’s largest foreign student population – about 900 – but the group is a considerable economic factor at other colleges and universities.
Educators are still trying to evaluate the impact of the changes.
The Trump administration said the changes are designed to strengthen oversight, reduce visa fraud and prevent students from overstaying their visas.
Higher education groups counter the new requirements could make the United States less competitive in attracting students from around the world.
The University of Charleston has 175 foreign students on campus and issued the following statement Monday:
The University of Charleston is carefully reviewing the federal guidance and assessing its potential impact on our current and future international students and the university community. Our priority is understanding what these changes could mean for those affected before drawing conclusions or commenting further. As our evaluation continues and additional guidance becomes available, we'll be in a better position to determine any long-term implications.
Marshall University - with 117 foreign students - declined interview requests noting when any changes go into effect, the university will review the final requirements and work with affected students on an individual level.
The new visa rules are scheduled to take effect in September.
Students already in the country who need more time to complete their degrees may have to apply for extensions under the new system.",direct,,2077.0,False
final_rule,20260721T051500Z,US F - 1 visa rule change : Students abroad advised to return before September 15,https://www.moneycontrol.com/world/us-f-1-visa-rule-change-students-abroad-advised-to-return-before-september-15-article-13979140.html,moneycontrol.com,English,India,https://images.moneycontrol.com/static-mcnews/2026/07/20260713180127_airports-mumbai.jpg,final_rule,False,ERROR: direct: 403 Client Error: Forbidden for url: https://www.moneycontrol.com/world/us-f-1-visa-rule-change-students-abroad-advised-to-return-before-september-15-ar | wayback: no archived copy,,,195.0,False
final_rule,20260721T084500Z,International Students Face Unnecessary Bureaucracy as DHS Ends  Duration of Statu Policy | World News,https://timesofindia.indiatimes.com/world/us/us-education-groups-slam-dhs-rule-ending-duration-of-status-for-international-students/articleshow/132531204.cms,timesofindia.indiatimes.com,English,India,"https://static.toiimg.com/thumb/msid-132531355,width-1280,height-720,resizemode-6,overlay-toi_sw,pt-32,y_pad-600/photo.jpg",final_rule,False,"Two leading US higher education organizations have strongly condemned the Department of Homeland Security's (DHS) final rule ending the long-standing ""Duration of Status"" (D/S) policy for international students and exchange visitors, warning that it will create unnecessary bureaucracy, undermine academic decision-making and make the US less attractive to global talent.
The final rule eliminates the D/S framework for F-1 students and J-1 exchange visitors. Under the existing system, international students and exchange visitors could remain in the US for as long as they maintained their academic or exchange status. It is being replaced with fixed periods of admission f(our years with shorter tenure in certain cases such as for English language students), requiring students and scholars whose programmes extend beyond the prescribed period to apply to DHS for extensions of stay. The rule also requires approval for extending an academic programme, changing majors or pursuing the next level of study.
NAFSA: Association of International Educators described the regulation as ""a misguided and unnecessary policy shift"" that injects ""uncertainty, bureaucracy, and fear into a system that has long worked effectively.""
""It is a solution in search of a problem,"" said Fanta Aw, Executive Director and CEO of NAFSA, arguing that international students and exchange visitors are already among the most closely monitored non-immigrant populations in the US through the Student and Exchange Visitor Information System (SEVIS) and existing partnerships between educational institutions and the federal government.
Fanta Aw said the rule ""introduces unnecessary government intrusion into academic decision-making"" by requiring students and scholars to seek government approval to extend their academic programmes, change majors or pursue the next level of study, placing ""life-changing educational decisions in the hands of an already overburdened immigration system—not educators, and not institutions.""
She also criticized DHS for moving ahead with the regulation despite receiving more than 20,000 public comments raising concerns about the proposal. According to Fanta Aw, the rule will create more barriers for global talent without making the US ""safer or stronger"" and sends a message that the country is becoming ""less welcoming, less predictable, and less committed"" at a time of intense global competition for international students and scholars.
The Presidents' Alliance on Higher Education and Immigration also opposed the regulation, calling on higher education institutions and stakeholders to take action against the policy and urging Congress to protect the Duration of Status framework through legislation.
""The rule imposes unnecessary burdens on international students and scholars, campuses, employers and federal agencies alike. It is counterproductive and will ultimately harm our economy and global competitiveness,"" said Zuzana C. Wootson, Deputy Director of Federal Policy at the Presidents' Alliance.
Wootson described the rule as ""unnecessary and duplicative,"" noting that international students are already subject to rigorous oversight by both DHS and academic institutions.
She warned that the regulation would exacerbate existing immigration application backlogs, create further uncertainty, intrude on academic decision-making and impose new bureaucratic hurdles that would deter international students, researchers and scholars from choosing the US.
The Presidents' Alliance said international students, scholars and exchange visitors contribute economically, intellectually and culturally to American society, drive innovation, create jobs and advance groundbreaking research. It argued that their period of admission should align with the requirements of their academic programmes rather than fixed immigration timelines.
The organization added that, at a time when international student enrollment is already declining, the US should be welcoming talented students and researchers instead of creating new barriers that limit opportunity and innovation.
Both organizations urged policymakers to reconsider the rule, arguing that it shifts academic decision-making away from educational institutions to immigration authorities while increasing paperwork and uncertainty for international students without strengthening oversight or national security.",direct,,4383.0,False
final_rule,20260721T124500Z,US Visa New Rule : Why Universities Want International Students Back Before September 15,https://www.newsx.com/world/us-visa-new-rule-why-universities-want-international-students-back-before-september-15-250849/,newsx.com,English,India,https://www.newsx.com/wp-content/uploads/2026/07/us-visa-news.jpg,final_rule,False,"International students, including thousands from India, are scrambling to finalise their return to the United States after universities warned that staying abroad beyond September 15 could leave them entering under a much stricter US Visa system. The advisory comes as the US prepares to replace the decades-old Duration of Status (D/S) framework with a fixed-period admission rule, a move that is expected to reshape how foreign students continue their education and extend their stay. With the new policy set to take effect on September 15, institutions have begun asking students currently outside the country on academic breaks not to delay their travel.
Why the new US Visa rule is changing travel plans
The warning applies to F and J visa holders. Reportedly, Columbia University is among the institutions that has formally advised students to reach the US before classes resume. “This final rule has a 60-day implementation period. We recommend that all students return to New York before the beginning of classes on September 8, 2026,” the university said in its notice.
As per reports, the advisory comes ahead of the Department of Homeland Security’s Final Rule, which replaces the existing D/S system. At present, international students can stay in the US for as long as they continue meeting the requirements of their academic programme. Under the revised US Visa rules, students will instead receive admission for a fixed period that cannot exceed four years.
How the US Visa system will work after September 15
Beyond introducing a four-year cap, the new rule also shortens the post-study grace period from 60 days to 30 days. Students who need additional time will no longer be able to continue under the earlier framework and must instead seek approval from the US Citizenship and Immigration Services (USCIS) by filing Form I-539.
The policy covers F-1 student visa holders, J-1 exchange visitors and I visa holders issued to foreign journalists. Students already inside the United States under the current D/S system on September 15 will not immediately lose their status. As per reports, DHS said they can remain until the completion date listed on their Form I-20 or until the end of approved Optional Practical Training (OPT/STEM OPT). Even then, the protection is not unlimited. It remains subject to an overall four-year limit from the rule’s effective date and cannot continue beyond November 14, 2030, including the departure period.
Concerns grow over impact of US Visa limits on higher education
The policy has raised concerns among Indian students, professionals and education groups, which say the fixed timeline does not match the reality of many academic programmes. “This is a self-inflicted wound on US competitiveness,” said Khanderao Kand, chief of policy and strategy at the Foundation for India and Indian Diaspora Studies (FIIDS).
Reports say that while explaining the concern, Kand said, “A 4-year cap misaligns with how modern degrees actually work; the median time to a bachelor’s is about 52 months and to a PhD about 5.7 years, while USCIS is already sitting on more than 11 million cases with roughly year-long processing times.”
He warned that the changes could have consequences beyond students themselves. “Students will be forced out mid-program or mid-research, labs will lose critical talent, and America will hand its innovation pipeline to competitors,” Kand said.
Research programmes fear disruption under US Visa changes
FIIDS said the rule could particularly affect research-intensive doctoral programmes and medical training, many of which routinely continue beyond four years. According to the organisation, J-1 research scholars and physicians often require between five and seven years to complete their programmes.
The group also warned that uncertainty over extension approvals could disrupt laboratories, delay graduations and complicate faculty recruitment plans that rely on international researchers. Calling for a rethink before implementation, Kand said, “Delay implementation, protect students, and safeguard US research and innovation. If the goal is integrity, do it without blowing up degree pathways that power American labs and startups.”
Also Read: Will Not Function Again’: Why India Says Indus Waters Treaty Cannot Return As It Is
Khalid Lateef is a Sub-Editor at NewsX Digital, specializing in Indian politics and global affairs. He also covers viral trending stories and major crime developments.",direct,https://www.newsx.com/wp-content/uploads/2025/06/Compliance-Report-NewsX-FEB-2025.pdf | https://www.newsx.com/wp-content/uploads/2025/06/NewsX-and-NewsX-World-Cons-RIO-Std.pdf,4474.0,False
final_rule,20260721T130000Z,BroadStreetNote : U . S . Visa Limits And The Repricing Of Global Human Capital,https://naija247news.com/broadstreetnote-u-s-visa-limits-and-the-repricing-of-global-human-capital/,naija247news.com,English,Nigeria,https://naija247news.com/wp-content/uploads/2026/07/56B09660-1A11-481F-B98F-729A90ACF448.jpg,final_rule,False,"The U.S. Department of Homeland Security’s (DHS) proposal to replace the long-standing “duration of status” (D/S) framework with fixed periods of admission—including a four-year limit for most international students and a shorter post-graduation grace period—is being presented in Washington as a tightening of immigration administration and national security oversight.
From Lagos, Abuja and foreign exchange trading desks, however, it is better understood as something else entirely: a repricing of global human capital.
For decades, the United States has been one of the world’s most successful exporters of higher education, attracting international students willing to invest substantial financial resources in exchange for globally recognised qualifications, career optionality and access to the world’s largest economy. Immigration certainty formed an integral component of that investment proposition.
The proposed policy raises questions about whether that premium is beginning to erode.
1. Policy Direction Matters as Much as Policy Implementation
Institutional investors and university administrators should distinguish between proposed regulation and enforceable law. While the DHS proposal has not been fully implemented and could face administrative revisions or legal challenges, markets routinely reprice assets long before policy becomes effective.
The proposal signals a broader policy trajectory toward replacing administrative flexibility with fixed compliance milestones and more frequent immigration adjudication.
That shift alone increases regulatory uncertainty.
For students, families and education sponsors committing to programmes that may last four, five or even seven years, uncertainty becomes part of the investment equation.
2. The Economics of a U.S. Degree
For many Nigerian households, financing an American education represents one of the largest foreign exchange commitments they will ever make.
Nigeria remains one of the leading sources of African students in the United States. According to the Institute of International Education’s Open Doors report, more than 21,800 Nigerian students are enrolled at U.S. institutions, contributing an estimated $889 million annually to the American economy through tuition, accommodation, living expenses and related spending.
Historically, that capital commitment was justified by more than academic prestige. It purchased option value—the flexibility to complete programmes without repeated immigration uncertainty, access Optional Practical Training (OPT), pursue graduate education, and transition into dollar-denominated careers through relatively predictable immigration pathways.
From an investment perspective, those embedded options materially increased the expected lifetime return on educational capital.
The proposed framework alters that calculation.
Fixed admission periods introduce additional compliance risk for programmes that routinely exceed four years, including doctoral research, medicine and other advanced STEM disciplines. A shorter post-graduation grace period reduces the time available to transition into employment-based status, narrowing the margin for administrative delays or labour market friction.
In financial terms, the proposal raises regulatory risk, reduces the option value embedded in a U.S. education and increases the discount rate families apply when evaluating expected long-term returns.
3. Global Capital Rarely Disappears—It Relocates
The policy is unlikely to reduce international demand for high-quality education. Instead, it may redistribute that demand toward jurisdictions offering comparable academic standards with greater regulatory certainty.
Destination	Investment Proposition
Canada	Clear transition from higher education to permanent residency through established skilled migration pathways.
United Kingdom	One-year master’s programmes reduce both tuition costs and overall capital commitment while offering structured post-study work opportunities.
Australia	Extended graduate work rights and skilled migration programmes support long-term workforce participation.
Ireland	Access to Europe’s leading technology and pharmaceutical employers through graduate employment schemes.
Germany and Continental Europe	Low-cost or tuition-free public education combined with strong industrial demand for engineering, manufacturing and research talent.
As compliance friction rises in one jurisdiction, global human capital—and the foreign exchange supporting it—naturally reallocates toward markets offering a more attractive risk-adjusted return.
4. America’s Opportunity Cost
The debate extends beyond immigration administration.
International education is one of America’s most valuable service exports, generating billions of dollars annually while supplying universities, research laboratories, technology companies and healthcare systems with highly skilled talent.
Students are not simply consumers of education; they are future researchers, entrepreneurs, innovators and taxpayers.
Policies that materially increase regulatory uncertainty risk weakening both America’s export earnings from higher education and its long-term competitive advantage in attracting global talent.
The Bottom Line
Human capital follows incentives with the same discipline that financial capital follows yield.
Immigration policy, therefore, functions not merely as border management but as a form of industrial policy. Countries that minimise regulatory uncertainty while maximising career optionality will attract a disproportionate share of the world’s most mobile students, researchers, entrepreneurs and future taxpayers.
If the United States raises the regulatory cost of acquiring an American education without increasing its expected return, the global market is unlikely to abandon international education altogether.
It will simply reallocate capital—and talent—to jurisdictions where the investment proposition remains more attractive.
Editorial Disclosure & Professional Standards
This report is a product of the Naija247news Macro-Financial Intelligence Unit. As a primary source of record for the Nigerian and Sub-Saharan African markets, we adhere to a rigorous verification protocol designed for institutional transparency.
Methodology & Data Integrity:
            Our reporting is informed by a Compliance-Led Verification framework, utilizing AML (Anti-Money Laundering) and KYC (Know Your Customer) principles to vet sources and validate primary documentation. We prioritize raw data from the Central Bank of Nigeria (CBN), the National Bureau of Statistics (NBS), and the Nigerian Exchange (NGX) to ensure all fiscal and monetary variables are represented with forensic accuracy.
Independence & Ethics:
            Naija247news operates under a strict commercial firewall. Our editorial decisions are independent of advertising interests. We do not engage in ""pay-for-play"" journalism. All macroeconomic forecasts and sovereign risk assessments are based on mathematical trends, policy signaling, and historical data sets rather than speculative narratives.
AI & Human Oversight:
            Consistent with our Human-First AI Policy, this content has been reviewed and fact-checked by senior editors with deep expertise in African capital markets. While we utilize structured data tools to enhance visualization, the final analytical interpretation remains the product of human expert intelligence.
For correction requests or institutional inquiries, please contact our editorial desk at [email protected].",direct,,7543.0,False
final_rule,20260721T130000Z,"Trump Administration Called on To Cancel 250 , 000 Chinese Student Visas",https://www.newsweek.com/trump-administration-called-cancel-250000-chinese-student-visas-12221874,newsweek.com,English,United States,https://assets.newsweek.com/wp-content/uploads/2026/07/GettyImages-2209835598.jpg?&crop=1,final_rule,False,"Representative Anna Paulina Luna has urged the Trump administration to revoke more than 265,000 student visas held by Chinese nationals, arguing in a letter to Secretary of State Marco Rubio that alleged Chinese interference in U.S. elections warrants an immediate halt to one of the country's largest foreign student populations.
The Florida Republican's request, made in a July 20 letter to Rubio, came days after President Donald Trump cited newly declassified intelligence that alleged Chinese efforts to interfere in American elections. Luna called on the State Department to revoke all active F-1 and J-1 visas held by Chinese nationals and halt the issuance of new student visas pending a review.
""I write today to urge the immediate suspension and cancellation of all F-1 and J-1 student visas held by Chinese nationals currently studying at institutions of higher education across the United States,"" Luna wrote in the letter.
The proposal could affect the 265,919 Chinese students studying at U.S. colleges and universities, according to the latest Open Doors Report on International Educational Exchange. Chinese nationals were the second-largest group of international students in the United States during the 2024-25 academic year, behind only India.
Newsweek has contacted the White House, the State Department, Luna's office and the Chinese Embassy in Washington, D.C., for comment outside office hours.
What Luna's Letter Said
In her letter, Luna cited Trump's address to the nation last week, in which he referenced newly declassified documents alleging that the Chinese government carried out what is believed to have been one of the largest cyber espionage campaigns targeting U.S. election data beginning during the 2020 election cycle.
She said the allegations ""demand a serious and immediate response from every agency with the authority to act, including the Department of State.""
Luna argued that U.S. universities remain vulnerable to foreign intelligence operations, adding that the student visa system could serve as ""a potential vector for CCP [Chinese Communist Party] influence operations targeting our democratic institutions.""
She wrote that ""every single Chinese student visa needs to be cancelled immediately"" and urged the State Department to revoke existing visas while conducting a broader review of student screening procedures.
Chinese students remain one of the largest international student populations in the United States, contributing an estimated $14.6 billion to the U.S. economy through tuition and related spending.
It is unclear whether the administration will respond to Luna's proposal. While Trump administration officials have previously backed increased scrutiny of some Chinese student visas on national security grounds, a blanket revocation affecting all Chinese students would mark a dramatic escalation and could face opposition from universities, business groups and diplomatic partners.
Republicans Crack Down on Chinese Student Visas
Luna is not the first Republican to pursue tougher restrictions on Chinese student visas. Representative Riley Moore's Stop CCP VISAs Act, which has companion legislation in the Senate, would bar Chinese nationals from obtaining student visas. Promoting the measure on July 20, the congressman from West Virginia wrote on social media that ""China is our greatest adversary"" and questioned why the United States was ""training and educating our enemies to work to destroy us."" Moore said the bill would ""end student visas for Chinese nationals tied to the CCP.""
On Monday, Representative Mary Miller of Illinois wrote on social media that China was ""buying our land, infiltrating our institutions, and undermining our national security."" She then called to ""end the student visas.""
What Trump Said About Chinese Espionage
In his remarks at the White House on Thursday, Trump accused China of illegally obtaining 220 million files containing sensitive voter data in an effort to influence the 2020 election, describing it as ""the largest compromise of election data of all time."" Trump did not provide evidence for the claim or explain how the alleged acquisition of voter information may have affected the outcome of the election.
Beijing has rejected the allegation. ""The U.S. allegations have no factual basis and are intended to vilify China,"" Chinese Foreign Ministry spokesperson Lin Jian told reporters on Friday.
China has consistently denied interfering in U.S. elections. A 2021 U.S. intelligence community assessment also concluded that neither China nor any other foreign government altered vote counts or otherwise changed the outcome of the 2020 presidential election.
Student Visa Changes
Earlier this month, the Department of Homeland Security finalized a rule governing how long holders of F, J and I visas—including international students, exchange visitors and foreign media representatives—may remain in the United States, formally codifying long-standing ""duration of status"" policies for those visa categories.
Currently, many of these visa holders are admitted under a system known as duration of status, allowing them to remain in the U.S. as long as they continue to comply with the terms of their visa program. The new proposal would end that framework and replace it with a fixed end date for admission, meaning those seeking to remain in the United States beyond their authorized stay would need to apply to U.S. Citizenship and Immigration Services for an extension.
Separately, the Justice Department opened an investigation on July 20 into whether Harvard University's China-based financial aid programs discriminate against American students. The department said it would examine whether scholarship and funding opportunities connected to Chinese students or applicants violated federal antidiscrimination laws.
Contact Newsweek editors on this story: Ben Kelly and Shakeema Edwards.",direct,,5908.0,False
final_rule,20260721T163000Z,"New federal rules could spur brain drain at Mass . universities , experts warn",https://www.wgbh.org/news/local/2026-07-21/new-federal-rules-could-spur-brain-drain-at-mass-universities-experts-warn,wgbh.org,English,United States,https://k1-prod-gbh.s3.us-east-2.amazonaws.com/brightspot/0c/5a/aab0f0f34bc0b0ad2c2171ad96f1/gettyimages-113869300.jpg,final_rule,False,"Si desea leer este artículo en español visite El Planeta.
The federal government is ending its long-held policy that lets international students stay in the United States for as long as it takes them to finish their degree.
The new rules create uncertainty for international students and prospective students, and universities fear it could prevent students from coming to study in the United States.
Experts warn Massachusetts, with its nearly 85,000 international students, could suffer from a “brain drain,” losing out on the billions of dollars that international students add to the local economy.
Most international students currently get what is called a “duration of status” that allows them to stay in the country for the entirety of their academic program.
The Department of Homeland Security said last week it will set a four-year limit on visa holders who are international students and foreign journalists starting Sept. 15. Many students — such as a typical PhD student who takes more than four years to finish their degree — they would need to request an exemption from the federal government to continue their studies.
The government said its ending a loophole that allowed foreigners to remain in the United States indefinitely without “routine government oversight.”
Local immigration attorneys say that the visa programs already had sufficient oversight, and the changes will have a massive impact on young people trying to plan their futures.
“This is going to eventually apply to everybody. Any international student or scholar in the United States, this will eventually apply to them,” said immigration attorney Mahsa Khanbabai, who works with international students and physicians who get visas for their medical residency training programs.
The new compliance rules are “staggering,” she said, placing the burden on students who are already navigating how the college process works here.
“This is going to create a significant burden on students, and it’s basically telling international students and scholars, ‘You’re not welcome here,’” she said.
Local universities and hospitals opposed changing the rule when it was first proposed last year. On behalf of MIT, Maria T. Zuber wrote the changes would create “significant uncertainty” for students.
“Students will not want to study in the U.S. if they cannot rely on a visa that will last the duration of their program of study,” said Zuber, a geophysics professor and the university’s presidential advisor for science and technology. “The U.S. STEM enterprise cannot afford to lag behind other nations that will welcome these students and scholars to their own universities.”
Universities urged currently enrolled students to speak with guidance counselors to understand their own status.
The federal changes will also stop international students from changing majors or transferring to other colleges unless a federal exemption is granted.
“Limiting their ability to change majors, limiting their ability to change schools, putting more burdens on the university to be the record keeper — in the end, all it’s going to do is hurt the economy of the areas where these schools are located,” said Matthew Maiona, Boston-based immigration attorney and adjunct professor at Suffolk University Law School. “It’s going to stop innovation in the United States, and the best and brightest aren’t going to want to come here, because they feel the pressure they’re not welcome or wanted.”
NAFSA, a nonprofit that promotes international exchange, estimates that international students contribute $3.6 billion to the Massachusetts economy.
Current impacted visa holders will be automatically transitioned to the new system, with their stay capped at four years from the date of the rule going into effect in September.
For students in their final years of school, or considering studying in the U.S., many questions remain.
“It’s just very restrictive in terms of the burden it imposes on students, from deadlines to costs, to the higher risks of things falling through the crack, and any little mistake will trigger serious immigration consequences,” said Khanbabai.
The changes make it more difficult to plan what’s next: students won’t be able to easily transition to do a master’s or PhD program.
The federal government warned that students who are in the country beyond their visas will be considered in the country illegally, and can be deported.
“The impact of the change is going to be on students primarily to keep track of their status and know when they have to exit the United States, keeping in mind that it may be ... a date before the completion of their program,” said Maiona.
“It’s also going to be incumbent on universities to keep track of these new dates as well, so that any changes or potential changes that the student makes in their educational program is reflected properly so they don’t go out of status,” he said.",direct,https://cdn.grove.wgbh.org/5e/bd/430bea29444ca29be7862f884c79/eeo-report25-bos-cai.pdf | https://cdn.grove.wgbh.org/66/54/d9f6f0824a12b6c65a61a1b02a5b/2025-gbh-editorial-guidelines-copy.pdf | https://www.dhs.gov/news/2026/07/16/trump-administration-issues-final-rule-end-foreign-student-visa-abuse,4904.0,False
final_rule,20260721T194500Z,US urges foreign students to return before Sept 15 ahead of new visa rule | Indiablooms - First Portal on Digital News Management,https://www.indiablooms.com/world/us-urges-foreign-students-to-return-before-sept-15-ahead-of-new-visa-rule/details,indiablooms.com,English,India,https://www.indiablooms.com/storage/assets/n/2026/1784650187943753547.png,final_rule,False,"US urges foreign students to return before Sept 15 ahead of new visa rule
International students studying in the United States, including thousands from India, are being advised by universities to return to the country before September 15, when a major overhaul of US immigration rules for student and exchange visas comes into force.
Several institutions, including Columbia University, have issued advisories to students currently abroad for summer or academic breaks, urging them to re-enter the US before the new regulations take effect.
Universities issue travel advisory
In a notice to students, Columbia University said those holding F and J visas should return before classes begin to avoid potential complications under the revised immigration framework.
""This final rule has a 60-day implementation period. We recommend that all students return to New York before the beginning of classes on September 8, 2026,"" the university said.
What changes from September 15?
The US Department of Homeland Security (DHS) has finalised a new rule replacing the long-standing ""Duration of Status"" (D/S) system with a fixed admission period.
Under the new framework:
- F-1 student visa holders, J-1 exchange visitors and I visa holders for foreign journalists will generally be admitted for a maximum of four years.
- Students completing their studies will have only 30 days to remain in the US, down from the current 60-day grace period.
- Those requiring additional time must apply for an extension through Form I-539, subject to approval by US Citizenship and Immigration Services (USCIS).
The rule takes effect on September 15.
Who remains protected?
According to the DHS, students already in the United States under the current Duration of Status (D/S) system on September 15 will be allowed to continue until the programme completion date listed on their Form I-20 or until the end of approved Optional Practical Training (OPT) or STEM OPT.
However, that protection will be subject to an overall four-year limit from the rule's effective date and cannot extend beyond November 14, 2030, including the post-completion departure period.
Concerns over academic disruption
The policy has sparked concern among international students, universities and advocacy groups, particularly because many degree programmes extend well beyond four years.
Khanderao Kand, Chief of Policy and Strategy at the Foundation for India and Indian Diaspora Studies (FIIDS), warned that the move could undermine US competitiveness.
	
""This is a self-inflicted wound on US competitiveness,"" he said, noting that the median completion time for a bachelor's degree is about 52 months, while doctoral programmes typically take nearly six years.
He argued that the new cap could force students to leave before completing their research, disrupt laboratories and weaken America's innovation ecosystem.
Research programmes could be hit
FIIDS said research-intensive doctoral programmes, medical training and J-1 research scholar programmes routinely last between five and seven years, making them particularly vulnerable under the revised rules.
	
The organisation warned that uncertainty surrounding visa extensions could delay graduations, disrupt ongoing research projects and complicate faculty recruitment dependent on international talent.
Calling for a rethink, Kand urged the US administration to delay implementation and protect existing students.
""If the goal is integrity, do it without blowing up degree pathways that power American labs and startups,"" he said.
Support Our Journalism
We cannot do without you.. your contribution supports unbiased journalism
IBNS is not driven by any ism- not wokeism, not racism, not skewed secularism, not hyper right-wing or left liberal ideals, nor by any hardline religious beliefs or hyper nationalism. We want to serve you good old objective news, as they are. We do not judge or preach. We let people decide for themselves. We only try to present factual and well-sourced news.",direct,,4000.0,False
final_rule,20260721T211500Z,Trump Tightens US Student Visa Rules : What Indian Students Need to Know – GOA – 21 July 2026,https://www.heraldgoa.in/goa/trump-tightens-us-student-visa-rules-what-indian-students-need-to-know/482672/,heraldgoa.in,English,India,https://www.heraldgoa.in/wp-content/uploads/2026/07/US_foreign_student_visa_1784305139758_1784305147248_90909a83-311a-4d56-9427-3cf324bb30a7.avif,final_rule,False,"The Donald Trump administration has proposed sweeping changes to the US student visa system that could significantly impact Indian students studying in the United States or planning to pursue higher education there. The new rule, announced by the US Department of Homeland Security (DHS), seeks to replace the long-standing “duration of status” system with fixed-term visas for most international students.
Under the proposal, students holding F and J visas would generally be granted permission to stay in the US for up to four years instead of remaining for the full duration of their academic programme. Students wishing to continue beyond the approved period would have to apply for an extension before their visa expires. Failure to do so could result in the loss of legal immigration status.
The proposed change forms part of President Donald Trump’s broader immigration agenda since returning to office in January 2025. The administration has already introduced stricter immigration checks, increased scrutiny of international students, and expanded visa revocations as part of its enforcement measures.",direct,,1110.0,False
final_rule,20260721T211500Z,How new Trump administration rules could affect international students : NPR,https://www.npr.org/2026/07/17/nx-s1-5896300/international-students-visa-restrictions,npr.org,English,United States,http://npr-brightspot.s3.amazonaws.com/8d/5d/98ca661b46ad95c909ce19c063b8/plu-is-npr.jpg,final_rule,False,"How the Trump administration's new rules could affect international students
Catch up on what you missed with our Education newsletter, sent weekly.
New visa restrictions could make it harder for international students to study in the U.S., in another example of how the Trump administration's goals for cutting immigration are at odds with the aims of American higher education.
The Department of Homeland Security says it's cracking down on foreign students who intentionally take a long time to earn their degrees. It's adding strict time limits to student visas and restricting how international students transfer schools or change their study plans.
The rule announced last week could have a big impact on college campuses, where international students can make up as much as a fifth of the student body. Foreign students bring diversity and alternative worldviews, and they contribute heavily to colleges' financial health — they don't qualify for federal aid, so many pay full tuition. They also help fuel American innovation in a countless number of fields, in graduate programs, Ph.D. programs and research positions.
""What is at stake is frankly the preeminence of American higher education,"" says Fanta Aw, the executive director and CEO of NAFSA: Association of International Educators. She called the move misguided and unnecessary bureaucracy. ""At a time when there's increased competition, we continue to shoot ourselves in the foot every single time.""
What's behind the changes?
This new rule eliminating what's known as a ""duration of status"" is part of the Trump administration's broader crackdown on immigration.
In a statement, Secretary of Homeland Security Markwayne Mullin said the change will strengthen national security and cut down on what he called ""forever students,"" who intentionally take a long time to finish their degrees.
""This final rule ensures that foreign students remain focused on their primary purpose: completing their studies and returning home,"" he said in the statement.
Historically, students or scholars on F or J visas could stay in the country as long as they were making progress in their academic program, enrolling in a minimum number of classes and avoiding legal trouble. So although the Department of Homeland Security cites rampant abuse in the student visa process as the driving force behind the rule change, there aren't clear numbers on students purposefully perpetually enrolling to remain in the country.
The department does publish data on what it calls a ""Suspected In-Country Overstay,"" and in 2024, that rate was 2.45% of the more than 1.4 million students and exchange visitors who held student visas.
Under this new rule, most international students will be admitted to the U.S. for a fixed period — up to four years. If they need more time, which many of them likely will, students will have to apply for an extension and pay a fee. The new rule also says international students cannot change majors or transfer schools in their first year. It also cuts the post-graduation grace period, the time these visa holders have to leave the country, from 60 days to 30 days. That means less time for recent grads to find work, update their visa status and stay in America.
While universities worry the new rule could affect programs that often take far longer than four years, like medical programs or Ph.D.s, Jessica Vaughan, who leads policy at the Center for Immigration Studies, a think tank that advocates for fewer immigrants, says this is an important change.
""The government needs an opportunity to check in on what people are doing and potentially re-vet them or review their circumstances,"" she says. That way, we can ""make sure that they are still going to qualify to remain here.""
How might this affect enrollment?
The policy change goes into effect in mid-September. Most fall programs in the U.S. will have already started, so returning and first-year students will already have received their visas.
For those currently using F or J visas, the length of their visas will automatically update to four years starting from the start date of this new rule.
It's future enrollment that could take a hit. Already this past academic year, U.S. colleges saw big declines in international student enrollment at graduate programs compared with the year before. That followed the Trump administration's travel bans and visa processing disruptions, in addition to billions of dollars in cuts to university research grants — and attacks on higher education more broadly.
Critics of the policy say the new restrictions on switching programs and changing majors also undercut one of the key selling points of the U.S. higher education system: as a place where students come to explore and find themselves — adding a double major, switching programs, minoring in subjects they didn't know existed.
College concerns
When the Department of Homeland Security proposed the rule change, it received more than 20,000 public comments, many of which were from colleges and universities saying the change would cause major disruptions for their international students — both current and prospective. ""A fixed period of stay would add expense, delay, and uncertainty for nearly every international Ph.D. student and J[-1] research scholar and professor at Vanderbilt University,"" the provost of that private research university in Nashville, Tenn., wrote. ""The average time to completion for a Ph.D. student is just over 5.75 years. Under the proposed rule, nearly every one of the 528 international doctoral students at our institution … would face the very real possibility of an interrupted education.""
Oklahoma State University campuses flagged a number of programs that extend beyond four years, including veterinary medicine. Other schools tried to communicate the various reasons that students might not complete their degrees in four years, or outlined the negative economic and workforce impacts.
Now that the rule is final, schools are scrambling to figure out what it will mean for their international student offices, their Ph.D. programs and admissions. Carnegie Mellon University, a private research university in Pittsburgh with a large portion of international students, is planning a town hall for the fall semester to answer questions from the campus community about the change.
""We know changes can cause uncertainty and anxiety,"" the announcement says, ""and we want students and scholars to know that we are here to support you.""
Edited by Nirvi Shah
Visual design and development by LA Johnson",direct,https://www.dhs.gov/news/2026/07/16/trump-administration-issues-final-rule-end-foreign-student-visa-abuse | https://www.dhs.gov/sites/default/files/2025-09/25_0912_cbp_entry-exit-overstay-report-fiscal-year-2024.pdf | https://www.regulations.gov/comment/ICEB-2025-0001-13029 | https://www.regulations.gov/comment/ICEB-2025-0001-19380 | https://www.regulations.gov/document/ICEB-2025-0001-0001 | https://www.uscis.gov/working-in-the-united-states/students-and-exchange-visitors,6566.0,False
final_rule,20260722T001500Z,How The New Student Visa Rule May Impact International Student - Athletes,https://www.mondaq.com:443/unitedstates/general-immigration/1820704/how-the-new-student-visa-rule-may-impact-international-student-athletes,mondaq.com,English,United States,http://www.mondaq.com/images/MondaqThumb.png,final_rule,False,"International student-athletes have always had to plan their immigration status around NCAA eligibility rules. Beginning September 15, 2026, many of these same student-athletes will also need to plan around a new immigration requirements.
A new Department of Homeland Security (DHS) rule replaces the longstanding “Duration of Status” (D/S) system with fixed periods of admission for most F-1 students and J-1 exchange visitors. While the change applies broadly to international students, it creates unique immigration planning considerations for student-athletes whose collegiate careers will most likely be for a five year period, and extend beyond four academic years.
The new rule does not prevent international athletes from studying or competing in the United States. It does, however, make immigration planning an important part of athletic eligibility planning. As colleges and universities adjust to the new framework, student-athletes, coaches, athletic departments, compliance offices, and international student services will all need to pay closer attention to immigration timelines than ever before.
What Is Changing?
Beginning September 15, 2026, the longstanding “Duration of Status” (D/S) framework for F-1 students and J-1 exchange visitors will be replaced by a fixed-period admission system under a new DHS rule published on July 17, 2026.
For decades, most F-1 students were admitted for Duration of Status. Rather than receiving a specific end date for their admission, students generally remained in lawful status as long as they continued to satisfy the requirements of their F-1 classification.
Under the new rule, students instead will be admitted for a fixed period of time tied to the program end date listed on their Form I-20 or DS-2019, subject to a maximum admission period of four years. An athlete whose Form I-20 reflects a four-year undergraduate program, for example, generally will be admitted only through that program’s stated end date. Additional time needed to satisfy the newly enacted five years of NCAA athletic eligibility, pursue a graduate transfer, or enroll in a subsequent academic program is not automatically included in the initial admission period.
The expiration date on the student’s Form I-94 will now become one of the most important immigration dates an international student tracks throughout their academic career.
This represents one of the most significant changes to the way international students are admitted to the United States in decades.
Why This Matters for Student-Athletes
College athletics rarely follows a straight line. Unlike many students who complete a degree in four years, student-athletes frequently experience changes that have historically extended their time at a university.
Common examples that have been previously used by athletes have included:
- Redshirt seasons
- Medical hardship waivers
- Graduate degree programs
- Graduate transfers
- Additional NCAA eligibility
- Delayed graduation resulting from athletic schedules
The NCAA’s new five-year eligibility framework has eliminated most of these extension mechanisms and created the potential for a mismatch between an athlete’s athletic eligibility period and the athlete’s immigration status. As a result, many international student-athletes may reach the end of their authorized admission period before completing their remaining NCAA eligibility.
The rule also imposes additional restrictions on certain academic and program changes, making early coordination with a Designated School Official (DSO) and experienced immigration counsel particularly important when considering a transfer, graduate program, or other change in educational plans.
Simply obtaining an updated Form I-20 from the DSO may no longer be sufficient. If additional time is needed beyond the athlete’s authorized admission period, the athlete generally will need to file an extension of stay with U.S. Citizenship and Immigration Services (USCIS) before that period expires in order to remain lawfully in the United States while completing the five years of athletic eligibility.
If You’re Already Enrolled: Transition Rules
The new rule includes transition provisions for students already in the United States in Duration of Status as of September 15, 2026.
These students generally will not immediately be issued a new date certain Form I-94. Instead, special transition provisions apply to those already present in D/S status on the effective date. However, those students still may be required to seek an extension of stay with USCIS if they need to remain beyond the period authorized under the transition framework.
For currently enrolled student-athletes, this means the fixed-period rules are not solely an issue for future incoming classes. Any athlete whose academic or athletic timeline is likely to extend beyond the period authorized under the rule should begin planning well in advance and consult with their DSO and immigration counsel regarding any visa extension requirements.
The Grace Period Is Changing
The rule also shortens the amount of time some students have to remain in the United States after completing their academic program.
Under the current system, F-1 students admitted for Duration of Status receive a 60 day grace period after completing their program before they must depart the United States, transfer schools, begin a new program, or change to another immigration status.
Under the new rule, the F-1 grace period is reduced from 60 days to 30 days. J-1 exchange visitors are unaffected on this point because their grace period already is limited to 30 days.
That additional month has traditionally given graduating F-1 student-athletes time to evaluate options such as graduate school, transferring, changing to another visa classification, or preparing to depart the United States. With only 30 days available, those decisions may need to be made much earlier.
Waiting until graduation to begin planning may no longer provide sufficient time to evaluate alternatives.
What About Professional Athletes?
Fortunately, these changes generally do not affect professional athletes competing under classifications such as P-1 or O-1.
The rule primarily affects students studying in the United States in F-1 status and certain exchange visitors in J-1 status.
One Note on Timing
DHS has classified this as a major rule under the Congressional Review Act, meaning it is subject to congressional review. In addition, higher education organizations have already indicated they may challenge aspects of the regulation in court.
None of those developments changes the September 15, 2026 effective date as it currently stands. Universities, athletic departments, and international student-athletes should continue preparing under the assumption that the rule will take effect as scheduled while monitoring future legal or legislative developments.
What Student-Athletes Should Do
International student-athletes should consider the following:
- Know the expiration date listed on your Form I-94 and understand how it aligns with both your academic program and your authorized period of admission.
- Notify your DSO immediately if your graduation date, athletic eligibility, or academic plans change.
- Do not assume an extra year of NCAA eligibility automatically extends your immigration status. Verify your immigration timeline with your DSO, qualified immigration counsel, and your athletic department’s compliance personnel.
- Begin planning for graduate programs, transfers, or changes of status well before your current period of admission expires.
- Seek qualified immigration advice before making decisions that could affect your lawful status.
Final Thoughts
The new DHS framework introduces a reality that many international student-athletes have never had to confront before: athletic eligibility and immigration status may no longer end at the same time.
As the new framework takes effect, successful immigration planning will become just as important as academic planning and NCAA eligibility planning. Schools that proactively coordinate among athletic departments, compliance offices, international student services, and experienced immigration counsel will be best positioned to help international student-athletes remain in lawful status throughout their collegiate careers.
For international student-athletes, thoughtful planning today can help ensure they are able to complete both their academic goals and their athletic careers without unnecessary immigration complications.
Stay tuned for additional updates. If you have any questions regarding the impact of this immigration change, please reach out to our Collegiate & Professional Sports group with any questions.
The content of this article is intended to provide a general guide to the subject matter. Specialist advice should be sought about your specific circumstances.
[View Source]",direct,,8907.0,False
final_rule,20260722T043000Z,Party Over for Foreigners at College,https://townhall.com/columnists/johnandandyschlafly/2026/07/22/partys-over-for-foreigners-at-college-n2679890,townhall.com,English,United States,https://media.townhall.com/cdn/hodl/2026/202/dfcbd995-6f50-4462-8fd3-9f58ea79a488-1200x630.jpg,final_rule,False,"New rules announced by the Trump Administration are addressing the flood of foreign students at American universities. Half a million of them are illegal aliens, while more than a million additional college students are here from foreign countries on student visas.
Until recently, many states, including Republican-controlled Texas, have allowed illegal aliens to benefit from low in-state tuition rates while Americans from out of state were forced to pay much higher rates. The unfair difference over four years can exceed $100,000 per student.
In July 2023, the U.S. Court of Appeals for the Fifth Circuit ruled against a challenge to how a public Texas university charged only in-state tuition to illegal aliens, while charging much higher out-of-state tuition to American citizens. But this month the same court upheld by a 2-1 vote a settlement with the Trump Administration whereby Texas agreed to stop enrolling illegal aliens at preferential tuition rates.
More than a million students in American universities are foreigners here on visa programs, almost entirely from non-Western countries having political systems unlike or opposed to ours. Texas has brought in many non-Christians as collegians and is reacting now against communities they’re forming.
Many of the international graduate students are receiving salaries or other compensation from American taxpayers, in the form of direct government subsidies at public universities and federal grants at private ones. Trump unsuccessfully attempted to cut off the flow of billions of dollars from the federal government to Harvard University.
For half a century, foreigners could enter graduate programs and take many years, far more than four, to complete their PhD programs while remaining in the U.S. without any deadline to leave. The F-1 visa program has been allowing foreigners to remain on visas here for the “duration of their status” at their university, with no time limit.
Trump has just ended this racket. Under a new rule issued by Trump’s Department of Homeland Security, most new F-1 students will receive visas that expire after a fixed period of time, usually four years.
This puts healthy pressure on universities and students to reach the finish line as scheduled, rather than dawdle indefinitely in the academic cocoon. The average length of time in graduate studies has ballooned to more than seven years for a PhD, which harmfully causes students to delay having families and finding employment.
Trump is also cutting back on the period in which foreigners may linger in the U.S. after completing their programs, reducing it from 60 to 30 days. International students who line up jobs here can seek other visa programs, but most should be returning to their homelands.
Trump’s regulatory changes also restrict transfers by foreigners from one university to another, while here. Restrictions are being imposed on foreigners switching academic programs within their schools, too.
Graduate programs are generally funded by universities and government grants, so it is fair to question why there are any foreigners in these positions. Academic teaching positions are particularly scarce, such that in STEM fields there are academic jobs available for fewer than 10 percent of those who obtain PhDs.
Only 4.2 percent of applicants to Harvard College were admitted in its Class of 2029, which is the most recent data available. Every admission of a foreigner takes a spot away from an American applicant.
The blockbuster summer movie is ""The Odyssey,"" based on the ancient Greek classic that became a foundation of Western Civilization. Its concepts, like the “Trojan horse,” have become staples of our culture, and the Texas State Board of Education recently included this book in its new reading list of great texts, including the Bible.
For decades, movies have been shifting away from live-action films into animation. The popularity of ""The Odyssey"" as a live-action movie, along with the acclaim it has received from movie critics, demonstrates that the traditions of Western Civilization remain relevant and inspiring.
Yet most international students in our universities are from non-Western countries whose culture and traditions are entirely alien to American history, culture, and way of life. It would take several generations to assimilate the millions of foreigners already here, and a moratorium on new immigration should be seriously considered.
Universities are already complaining about a decline in international students in graduate programs, which they attribute to Trump’s occasional travel bans and freezing of some federal grants. The drop in high-school enrollment (mostly due to the declining birth rate) means there will be fewer American students in the pipeline for universities in the future.
But universities have only themselves to blame if there is a shortage of American students. Liberal political ideology dominant at universities leans strongly against child-rearing, and if more students are wanted for the future, then there should be more encouragement now by academia for Americans to have and raise their children.
John and Andy Schlafly are sons of Phyllis Schlafly (1924-2016) and lead the continuing Phyllis Schlafly Eagles organizations with writing and policy work.
Editor's Note: Do you enjoy Townhall's conservative reporting that takes on the radical Left and woke media? Support our work so that we can continue to bring you the truth.
Join Townhall VIP and use promo code FIGHT to receive 60% off your membership.",direct,https://www.ca5.uscourts.gov/opinions/pub/22/22-40225-CV0.pdf | https://www.ca5.uscourts.gov/opinions/pub/22/22-40225-CV1.pdf | https://www.ca5.uscourts.gov/opinions/pub/25/25-10898-CV0.pdf,5545.0,False
injunction,20260910T101500Z,Further student visa restrictions to take place,https://www.uiargonaut.com/2026/09/10/further-student-visa-restrictions-to-take-place/,uiargonaut.com,English,United States,https://media.uiargonaut.com/wp-content/uploads/2025/09/Media-1024x768.jpg,injunction,False,"The United States Department of Homeland Security plans to place restrictions upon the flexibility of student visas, which would further complicate international student enrollment at the University of Idaho.
The further review of student visas and their powers reflect the Trump administration’s policies regarding immigration. At UI, despite a consistently increasing student body, has seen decreasing international enrollment since the start of the second Trump administration.
Starting Tuesday, Sept. 15, new academic student “F” visas will face limitations on how long an international student may stay; this is more limited than the previous rule of “duration of status.” This change is paired with restrictions upon what and where some international students may study.
A July 17 publication by DHS was paired with a press release that declared the “[elimination of] the ’duration of status’ loophole that allowed foreign students, exchange visitors … to remain in the United States indefinitely without routine government oversight.”
Duration of status is a feature of student visas which allow students to remain in the US for an unspecified period as long as they continued to pursue “a full course of study at an educational institution.”
The elimination of this rule will be replaced with fixed terms, in which a visa is valid for the expected time a student should be studying their program, and last no longer than four years. In the case that an individual does not complete their program before their visa expires, they must file for an extension of stay.
Further changes include tightening on where and what an international student may study. For example, a student may not change their major if it is their first year of study, or if they are being educated at a graduate level or higher. The same limitations are also placed upon changing one’s educational level, or if one is seeking to transfer to another institution.
A student must be granted an exception “for extenuating circumstances” before they may commit to a change listed above. The period an international student is given to depart from the US after the completion of their program has also been cut in half, from 60 days to just 30.
According to the Boston Globe, an 81-page complaint was filed in the District Court of the District of Massachusetts challenging the changes to visa policy by a group of plaintiffs comprising organizations such as NAICU, an association of private colleges (including Boston area-based MIT), NASFA, an association of professionals in international education, and unions.
They are seeking a preliminary injunction to prevent the changes from taking effect. A statement from a DHS spokesperson labelled the lawsuit as “performative outrage.”
In an interview with the Argonaut, the Director of the International Programs Office, Dana Brolley stated how the changes would affect the students that IPO supports and provides services to. 
“The regulation changes that are scheduled to go into effect are broader and do add a lot of pressure to the student, because there’s more restrictions … they have to ask the government to be allowed to commit to changes to their academics … If there’s a delay or you can’t get into a certain course, then it certainly adds a lot of pressure,” said Brolley.
When asked about fixed-term lengths, Brolley said, “the four-year date is something the government decided, not institutions … Does the university want to provide the best courses that take longer than an average time period, or accommodate for the government’s restrictions?”
David Galindo can be reached at [email protected]",direct,https://studyinthestates.dhs.gov/final-rule-establishing-a-fixed-time-period-of-admission-and-an-extension-of-stay-procedure-quick | https://www.dhs.gov/news/2026/07/16/trump-administration-issues-final-rule-end-foreign-student-visa-abuse | https://www.presidentsalliance.org/wp-content/uploads/2026/08/DS-Complaint-Presidents-Alliance-et-al-v.-DHS.pdf,3634.0,False
injunction,20260920T084500Z,Judge halts four - year cap on international student visas,https://www.universityworldnews.com/post.php?story=20260918161305412,universityworldnews.com,English,United States,https://www.universityworldnews.com/images/articles/20260918161305412_5.jpg?r=185731817?cb=65154,injunction,False,"UNITED STATES
Judge halts four-year cap on international student visas
A judge in the United States District Court of Massachusetts has suspended an attempt by the Trump administration to limit international student visas to four years, a measure that affects 1.6 million students.
In his judgment, Judge F Dennis Saylor IV characterised the US Department of Homeland Security’s (DHS) argument that the new limits were needed “to safeguard national security” as “border[ing] on the absurd.”
He was equally dismissive of the DHS’ statutory responses to the approximately 22,000 public comments submitted on a DHS portal to the regulations contained in “Establishing a Fixed Time Period of Admission and an Extension of Stay Procedures for Nonimmigrant Academic Students, Exchange Visitors and Representatives of Foreign Information Media”, announced on 17 July 2026.
The court said that the DHS’ responses to this “Final Rule” failed to “engage at all with the substantive issues, [and] its responses were largely disconnected from academic or practical realities” – such as the fact that some PhD and postdoctoral programmes in advanced subjects are as long as ten years.
The case was brought by several organisations, including the Presidents’ Alliance on Higher Education and Immigration, the Association of Independent Colleges and Universities in Massachusetts, the American Federation of Teachers, the Graduate Labor Organization, the NewsGuild-CWA (Communications Workers of America) and NAFSA: Association of International Educators.
“The court’s nationwide preliminary relief [that is, the injunction] is an important step toward preserving a fair and predictable system for international students and scholars and institutions that welcome them,” said Fanta Aw, NAFSA’s executive director and CEO, in a press release, in which she also addressed DHS’s claim that the Final Rule was needed to root out fraud and abuse.
“International educators already work diligently with the federal government to ensure compliance with US immigration law,” she said.
	
Saylor’s decision was also warmly welcomed by Lynn Pasquerella, president of the American Association of Colleges and Universities, as “an important one both for international students and for American higher education”.
She said the proposed rule would have replaced the long-standing duration-of-status framework with an arbitrary four-year limit for many international and exchange visitors, forcing students in longer degree and research programmes to seek government approval simply to complete their studies.
“A fixed four-year limit would have been particularly problematic for doctoral students in extended professional or research programmes, and others whose legitimate course of study exceeds an arbitrary timetable,” Pasquerella wrote in an email to 
University World News
.
“American colleges and universities have long benefited from being able to recruit talented students from around the world with the assurance that, so long as they maintain their status and make appropriate academic progress, they can remain through the completion of their programmes. Preserving that principle strengthens our ability to compete for global talent,” Pasquarella noted.
	
As did Aw and Judge Saylor, Edwin van Rest, CEO and co-founder of Studyportals, drew attention to the cost to American higher education of the uncertainty engendered by the DHS Final Rule.
	
“The uncertainty that has built up around international education in the US has already had consequences. Students make life-changing decisions based on confidence and predictability, and when policies are debated, challenged, or changed, that confidence can quickly erode. We have seen growing evidence of this in both student behaviour and institutional feedback,” he said.
	
He said on Studyportals, student interest in US bachelors and masters programmes has declined 54% over the past two years as judged by page views.
	
“Institutions themselves tell us that restrictive government policy and visa issues are a major barrier to recruitment. In the Global Enrolment Benchmark Survey, the share of US institutions citing policy and visa challenges as a significant obstacle rose from 58% in late 2024 to 85% in both 2025 and early 2026.”
Millions would have been affected
The Final Rule stayed by Saylor would have replaced the almost half-century-old “duration of status” regimen that extended F visas, the most common type, to students who were “pursuing a full course of study at an educational institution . . . or engaging in authorised practical training following the completion of studies.”
Tens of millions of international students, Saylor wrote, benefited from this programme; 1.6 million international students who are presently studying in the US would have lost that status had the Final Rule gone into effect, as would 500,000 with J visas held by international researchers, professors or instructors studying at US institutions.
	
International students are not spread through the American higher education system evenly. According to Aw, they make up 6% of students, with most concentrated in graduate programmes such as STEM.
In some schools, like the Massachusetts Institute of Technology, wrote Saylor, 40% of graduate students and 11.6% of undergraduate students were international students. The figures for Harvard’s and Northwestern’s graduate schools are 38% and 56.6%, while at Boston University the figure is 28.4%, notes Saylor.
Citing a study by Michael Clemens, a professor of economics at George Mason University, and two other academics, Saylor noted that in “2023 and 2024 international students contributed US$44 billion to the economy and directly supported nearly 400,000 jobs, one job for every three international students.”
Further, the judge wrote, “approximately 44% of immigrant Nobel Laureates in academic disciplines attended United States institutions for their highest educational degree.”
	
But, as Saylor recounts in its court filings, DHS took an entirely different view of the contribution international students make to the American higher education and system’s ecosystem.
	
Saylor was scathing of the DHS’ response to arguments that American universities thrive because of and with the best and the brightest of the world’s international students. The DHS said it “expects that US educational institutions may attract other [international] students who are not dissuaded by the requirements of this rule”.
It also claimed that “US universities and colleges may be able to fill vacancies left by non-immigrant [that is, domestic] students who choose not to enrol with other qualified applicants.”
Saylor said: “The proposition that graduate students in science or technology at MIT or Harvard could simply be replaced by ‘other qualified applicants’ – because DHS believes that students are fungible – is not a rational response to a legitimate concern.”
	
For her part, Aw told 
University World News
: “In the areas that international students are studying, particularly at the graduate level, PhD and masters in STEM, there simply are not enough domestic students that can replace them. This replacement theory is just not feasible. It’s not true.”
National security argument dismissed 	
Central to the DHS’ defence of the Final Rule is national security. But, Saylor noted, the government’s case was “based almost entirely on a small handful of anecdotes, each of which involved incidents that the new rule would do nothing to prevent or even mitigate”.
How, for example, a four-year cap would have done anything to prevent nine Chinese students from “attempting to photograph military installations or exercises” or how it would have prevented a Russian intelligence operative who entered the US with an F-1 visa obtained with a fraudulent Brazilian identity from being unexplained by the DHS.
	
Saylor suggested the weakness of the argument raised questions about whether the government’s real purpose was to assert greater government control over academic institutions in a way that insulated its actions from judicial review.
	
Federal district judges do not usually rule on national security questions. Saylor is, however, uniquely qualified to do so.
Prior to being appointed to the Massachusetts district court by President George Bush, Saylor served from 2011 to 2018 on the American court that is most closely linked to national security: the US Foreign Intelligence Surveillance Court, charged with deciding whether to issue surveillance warrants against suspected spies. In the seven years he was on this special court, it issued 11,882 warrants and refused 177, or 1.49%, of all requests.
	
This national security-legal experience lends extra credence to his criticism of DHS’ rejection of comments that suggested that the Student Exchange and Visitor Information System (SEVIS) could be upgraded if DHS was truly concerned about national security.
Rule ‘based on outdated data’
	
In staying DHS’s Final Rule, Saylor was acting under the Administrative Procedures Act (APA), which “permits courts to set aside agency actions that are arbitrary, capricious, or contrary to law”.
	
Among the DHS’ failures, Saylor argued, was in instituting the four-year limit. NAFSA’s filing, he notes, pointed out that the DHS relied on a “simple, outdated Department of Education webpage as the source of its data on average degree completion times”.
DHS’s assertion that it “believe[d]” four years was proper because it “align[ed] with the general structure of post-secondary education” failed to take account of the fact, as NAFSA told the judge, “the median years to a research doctorate is 5.7 years from entering a programme to completion, while those who complete the masters and doctorate sequence take an average of 7.3 years from entering graduate school to completion.”
Nor did DHS take account of data from universities.
Nor is the Final Rule’s prohibition on international students taking more than one degree at any level logical. For, as one comment Saylor quoted explains: “Students frequently pursue another degree at the same level (for example, a masters degree in engineering and an MBA), because such degrees enhance professional versatility without the cost or time investment of a doctoral programme.”
	
Equal damning from an APA point of view is the fact that the four-year limit would drastically increase the number of f “Extension of Stay” (EOS) requests, further burdening a system that is already backlogged.
Saylor quoted one comment as predicting a 163% increase in volume of EOS requests that would swamp the system where the wait for a response is already nearly ten months.
	
Saylor also found that the appeal system that the Final Rule would establish was arbitrary and failed to pass legal muster.
	
“[A] DHS official – based on limited and vague criteria, and with no possibility of appeal – will have the power to cut short the academic, research, or teaching activities of any non-US citizen for no reason or any reason. Thus, for example, an international student who is one credit short of graduating could be required to leave the United States without a degree and without any recourse.
“That introduces, at a minimum, a high degree of uncertainty into the educational process, which will have an obvious deterrent effect on student enrolment.
“Moreover, it is not difficult to imagine how that system might be abused to punish those whose viewpoints or research are disfavoured by the officials making the decision – or, indeed, punish disfavoured institutions,” wrote Saylor.
Dozens of new regulations
	
The DHS’ Final Rule is one of dozens of new regulations, executive orders, court cases and other acts by the Trump Administration that attempt to reshape America’s higher education system – and one which even DHS estimates would cost hundreds of millions of dollars and much effort by universities to comply with.
Asked about what the Final Rule says about the Administration’s understanding of legal/educational policy, Aw made several points. First, she said: “there is an assumption that they can come up with executive orders and other rules and no one is going to contest them, but that hasn’t proven true.”
	
Secondly, said Aw: “There is clearly not an understanding of the day-to-day operation of universities.”
Third, she added: “What they want to be able to say is, ‘We are on a mission, and that mission is to make sure that domestic students get every chance and so forth.’ But again, as we [NAFSA] have said multiple times, international students are not a problem.
	
“We want to see American students engaged in this kind of work [innovation and entrepreneurship], but you tell me,” Aw said as if speaking to a senior member of Trump’s administration: “How many of them are you going to find in STEM when you’re seeing the skills gap?”
	
Pasquarella noted that Saylor recognised “immigration policy cannot be considered in isolation from its consequences for higher education, research, innovation and the economy”.
	
In America’s many-levelled legal system, Saylor’s ruling only pauses the DHS’ Final Rule for now – the DHS can appeal the stay or choose to go to trial to have the Final Rule validated by the court.
Yet, along with numerous other stays and court decisions blocking or overturning many of the Trump Administration’s initiatives, what does Saylor’s staying of DHS’ Final Rule mean to prospective students and international education advisors outside the US? For now, Aw said, it provides a certain amount of stability.
“What they [the courts] are saying to international students is: ‘In case you are wondering whether our [national] institutions are still functioning, yes they are.’
There’s a reason we have laws, and there’s a reason we have separation of powers – and that is not totally lost. So, if there are issues that particularly pertain to you and you deem haven’t been treated appropriately, there’s a legal remedy,” said Aw.",direct,,13999.0,False
injunction,20260921T070000Z,"Changes to F - 1 , J - 1 student visas blocked by courts",https://collegian.com/articles/news/2026/09/category-news-uncertainty-looms-federal-court-blocks-student-visa-changes-csu-experts-students-express-anxiety-over-future/,collegian.com,English,United States,https://collegian.com/wp-content/uploads/2025/02/protest-14.jpg,injunction,False,"The United States Department of Homeland Security recently attempted to make significant changes to student immigration regulations for both undergraduate and graduate international students. The new rule would have taken effect Sept. 15 and limited how long international students could stay in the country, their ability to change their degree programs, transfer schools and more.
The changes, which would have primarily impacted F-1 and J-1 visa holders and their dependents, were blocked after a federal court issued a nationwide preliminary injunction Sept. 14, postponing the implementation of the rule just hours before it was set to take effect.
According to a letter sent July 23 by Greg Wymer, director of International Students and Scholar Services at Colorado State University, the change would have eliminated the Duration of Status rule, which has allowed international students to remain in their country of study as long as they maintain their immigration status — a policy that has been in place since the early ’90s.
Under the new rule, F-1 and J-1 visa holders who are newly admitted would instead receive a fixed period of admission, which in most cases limits the length of their academic or exchange program to four years. This requires individuals who need additional time to complete their program to file an Extension of Stay application with U.S. Citizenship and Immigration Services within six months prior to the expiration of their stay.
Additionally, the rule would have placed significant restrictions on students who wish to change their academic program or transfer schools, as well as students who are on academic probation.
“These changes represent one of the most significant revisions to F-1 and J-1 immigration regulations in decades,” the letter reads. “Our office is carefully reviewing the final rule and any implementation guidance issued by DHS and the Student and Exchange Visitor Program.”
Wymer and the ISSS office sent out another update Sept. 16 acknowledging the rule was postponed and said the next court hearing is scheduled for Oct. 2.
The majority of accredited degree programs are based on credits rather than years, and extenuating circumstances can oftentimes extend the amount of time needed to complete an academic program, meaning there is often no traditional timeline for the completion of undergraduate or graduate degrees. Susana Muñoz, associate director for faculty development and inclusive excellence in the School of Education, said the change to the D/S rule does not consider this and may bar some students from being able to complete their degree programs at all.
“This notion that a four-year sort of set timeline for these degrees is really detrimental for the livelihood of them coming here,” Muñoz said. “We have students that step out sometimes just to take care of family (and) take care of themselves. We’re asking these particular students to be superhuman.”
This attempted change is just one example of the many sweeping federal actions the Trump administration has taken in its second term to limit immigration and alter how the government treats immigrants who are already in the country. Jessica Jackson, a CSU associate professor of history with a specialization in immigration history, said while this approach to immigration is not unprecedented, it does reflect a broader shift in how the federal government approaches race and immigration.
“Racial projects are linked across time and space,” Jackson said. “This idea that even the way race is being constructed in or discussed or talked about when the 14th Amendment is being adopted — that’s a project related to whether or not Black Americans have access to citizenship — that same racial language is co-opted in later times and spaces that validate xenophobic policies like the Chinese Exclusion Act. … I don’t want to say it’s completely unprecedented, but we have a situation that the current administration is operationalizing xenophobia in a different kind of way.”
In higher education, universities across the country have seen a notable decrease in international student admissions, with the Common App reporting first-year international applicants fell 10% for the 2025-26 cycle. While CSU’s enrollment reached a record in the fall 2025, there was an 8.3% drop in international students when compared to fall 2024.
Jackson said this trend could have far-reaching consequences in several industries and in the diversity of talent in the nation.
“It certainly means that we’ll see a decline in some of the advances in various industries that maybe we’ve enjoyed up to this point because of the extent to which they benefited from immigration,” Jackson said.
Jackson also acknowledged how the experience of international students in the U.S. is unique and only being here temporarily can impact their sense of belonging and connection with others on campus. Muñoz said this — combined with new restrictive policies — can add additional stress on top of just being a student.
“If you think about a typical student, there’s no timeline,” Muñoz said. “They can learn more about themselves, get involved and so they’re not really focused on the timeline. They can just exist, whereas this sort of puts a little bit more parameters on their existence and what they’re able to focus their time on. … It’s the psychological stress, too.”
A CSU international student, who was interviewed on the condition of anonymity due to fears of retaliation, spoke to The Collegian about their experience in the U.S. on an F-1 visa. When asked about how potential policy changes regarding their immigration status impacts their wellbeing and academic performance, they said the stress often distracts from their studies.
“It gives me a lot of sleepless nights stressing over how I’m supposed to navigate (this),” the student said. “I’d have to do potential flights to and from (my home country) which will just rack up so much money out of pocket. (It’s) monetary pain, academic pain and the time I’m spending worrying about that I could be working on my stuff.”
The student said shifts in immigration policies like these have forced them to consider pursuing degree programs in other countries where immigration policies are less restrictive.
“It kind of upends my entire life plans in a way,” the student said. “Sure, I can probably adjust to it, but the pain that it will take for me to adjust might force me to consider some other country, (like), in Europe, maybe, or to go back to (my home country). It just changes everything.”
The student said that while their F-1 visa and corresponding Form I-20, or the Certificate of Eligibility for Nonimmigrant Student Status, are valid, policy changes and increased arrests by U.S. Immigration and Customs Enforcement have given them significant anxiety around traveling in and out of the country.
“I feel a lot more jaded,” the student said. “I go home every winter and I’m not planning to go this time, just in case by the time I’m in (my home country) and I’m coming back, somebody comes in and they stop me at the border. (It) just makes more sense for me to stick around here for the duration of my (degree program) and then move, which is sad, because I’d like to visit my family every year.”
Looking ahead, Muñoz emphasized higher education institutions like CSU must work to project the international student community and said the inclusion of international students is integral to the success of the university.
“In the future we’re going to have to do a lot of repairs to gain a lot of trust and a lot of confidence back in how we welcome newcomers in this country,” Muñoz said. “As institutions, I think we have to be mindful of our mission first (which is) that we are here to provide good education and a diverse climate and environment for our students to thrive, and that includes our international students.”
Reach Claire VanDeventer at news@collegian.com or on social media @RMCollegian.",direct,https://storage.courtlistener.com/recap/gov.uscourts.mad.305059/gov.uscourts.mad.305059.50.0_1.pdf | https://studyinthestates.dhs.gov/students/prepare/students-and-the-form-i-20 | https://www.commonapp.org/files/DAR/deadline-updates/2025-26/Common-App-End-of-Season-Report_25-26.pdf | https://www.dhs.gov/news/2026/07/16/trump-administration-issues-final-rule-end-foreign-student-visa-abuse | https://www.nafsa.org/sites/default/files/media/document/Duration%20of%20Status%20Briefing%20Document%202025%20FINAL_2.pdf,7978.0,False
injunction,20260921T200000Z,International students get last - minute relief for DHS rule,https://americanbazaaronline.com/2026/09/21/international-students-get-last-minute-relief-for-dhs-rule-488530/,americanbazaaronline.com,English,United States,https://americanbazaaronline.com/wp-content/uploads/2025/07/homeland.png,injunction,False,"Approximately 8,000 miles away from New York, in the bustling metropolis of Mumbai, India, advertising executive Preeti Shri Suri stayed up all night on Sept. 14, waiting to hear the federal court’s judgment on a Department of Homeland Security (DHS) rule that would have ended duration of status for international students studying at U.S. universities.
Suri’s daughter is an F-1 student pursuing a master’s degree in data science at New York University. She was closely following the case involving the Trump administration’s rule that threatened to limit how long international students holding F-1, J-1 or I visas could stay in the United States.
The rule was scheduled to take effect on Sept. 15, 2026. However, on Sept. 14, U.S. District Judge F. Dennis Saylor IV issued a preliminary injunction blocking the rule from taking effect, offering relief to thousands of international students pursuing their studies across the U.S.
On social media, dozens of forums for F-1 students and immigration discussions were active throughout the past few weeks, debating the possibility of the new rule taking effect. While many had predicted that a stay could be coming, the prospect of a continuing legal battle remains a concern for students.
READ: Trump orders scrutiny of H-1B employers (September 20, 2026)
A master’s student at a top-ranked university on the East Coast, who requested anonymity, told The American Bazaar, “As international students we already have a lot riding on our heads. We know we have to justify the high-tuition most of our parents are paying along with understanding and adjusting to a newer academic as well as social set-up. But unnerving news like these, often leave us on tenterhooks and take away from us our precious time that we could spent studying or researching.”
“For instance,” he adds, “the same week as the verdict was supposed to come, I had a major assignment submission. I would be lying if I say that this news didn’t leave me rattled and I do feel my assignment submission suffered.”
Soon after the proposed rule was announced, academics and universities raised concerns about how it could affect thousands of international students who contribute to U.S. universities and the broader economy. Universities provided information through their websites and on-campus resources. Many international student offices also issued advisories reminding students to carry their immigration documents and maintain their immigration status.
Immigration attorney Gnanamookan Sethurjothi urged students to remain cautious even though the rule has not taken effect. He said, “This is a pause, not a final ruling. The government is expected to appeal, and the case is still being litigated.”
In the ruling that blocked the rule from taking effect on Sept. 15, the judge noted the potential damage such a policy could cause to American higher education and the economy, describing it as “likely to be catastrophic.”
He also observed that the harm had already begun, with some students disenrolling or deciding not to apply even before the rule took effect.
READ: Green card shock for Indians: USCIS expands public-charge scrutiny from September 18 (September 17, 2026)
The court record shows that 32 international students withdrew from one university in Baltimore, while applications from international students at the University of Wisconsin-Milwaukee fell 42%.
According to the Open Doors 2025 Report on International Educational Exchange, the leading annual benchmark for international educational exchange in the United States, U.S. colleges and universities hosted nearly 1.2 million (1,177,766) international students during the 2024-25 academic year, a 5% increase from the previous year.
International students accounted for 6% of the total U.S. higher education population and contributed nearly $55 billion to the U.S. economy in 2024, according to the U.S. Department of Commerce. The data also shows that international students supported more than 355,000 jobs across the United States, according to NAFSA.
Jason Czyz, president and CEO of the Institute of International Education (IIE), said, “This data highlights the impact international students have in driving innovation, advancing scholarship, and strengthening cross-cultural understanding.”
For now, as thousands of students feel a sense of relief, attorney Senthurjothi said, “If your F-1/J-1 program timeline, OPT/STEM OPT planning, or dependent status was built around the now-blocked rule, this is the moment to revisit it.”",direct,,4528.0,False
