term,mean_tfidf,document_count
students,0.07635429296393423,8580
international,0.048570226620825246,7155
international students,0.03729438326265136,6140
rule,0.03350170504853289,5517
not,0.02993943847531782,5496
research,0.029896551666772003,4734
academic,0.02805212697563094,4331
proposed,0.027545891596047204,5663
education,0.025569874339235153,4648
status,0.023994086011572862,4839
years,0.02319424747435159,3683
programs,0.02319296711810743,4502
dhs,0.023182502938900104,3830
these,0.02222214860619784,4621
visa,0.021834995100109132,3754
talent,0.021559395995574944,3785
student,0.02046680943903813,3771
time,0.02028882579806089,4028
policy,0.01985121857545639,3297
more,0.01979757825216627,4327
american,0.01973387062438897,2404
program,0.0195184855181558,3082
degree,0.018908576501753847,2844
many,0.018888369711574347,4191
fixed,0.01884487545730294,3492
phd,0.0186641144121981,1902
second,0.0186638556133143,2287
duration,0.018663837479821133,4632
global,0.01810975652442855,3337
period,0.017731579406358215,2739
economy,0.017276592669033284,3524
universities,0.01713061318303508,3189
states,0.0170235959713348,3265
proposed rule,0.01700870210774718,3623
united,0.016867354866684284,3159
master,0.016698952796117477,1678
proposal,0.01653919122624472,3442
system,0.016510163916507004,3334
innovation,0.016488014141743213,3255
graduate,0.01648042243494417,2923
united states,0.016443535362528777,3127
should,0.016382856259977374,2650
degrees,0.016271252314300464,2566
year,0.015906850681969235,2889
economic,0.01568536147168661,2557
duration status,0.01540845763610336,3686
already,0.015250547766489101,3005
work,0.015124484938864782,2786
but,0.015059645760678907,3069
america,0.01496435805850761,2166
higher,0.014792249343350232,2722
also,0.014759356626699974,2990
like,0.014566983165379606,2828
admission,0.014424283722078955,2510
security,0.014281990928302582,2506
level,0.01417992789010766,2343
long,0.013934465515022147,2759
while,0.013928490324678291,2761
study,0.013794935984080419,2714
changes,0.01376732728673467,2098
than,0.01373930770725236,2915
only,0.013678643519077651,2649
such,0.013624248152315326,2747
change,0.013563328861637181,2423
foreign,0.013406631467538479,1441
all,0.013318134308393537,2007
country,0.013232590342144515,1906
new,0.013158172848261596,2144
stay,0.013017334839313825,2304
extension,0.012896538615366859,2379
institutions,0.012895668832695141,2513
four,0.012867129160807967,2035
higher education,0.012829409364094982,2334
pursue,0.012819047323334484,2253
can,0.012722816248466625,1994
stem,0.012632179790834386,2094
oppose,0.01263141487927711,2698
current,0.012318379422551397,2564
often,0.012312256522741089,2830
could,0.012311278608729482,2149
urge,0.012293436258541192,3764
countries,0.0122441019311428,2405
science,0.012183673094251583,2334
strongly,0.012025461044974055,2399
make,0.012004690404383908,2143
scholars,0.011958698545898604,1257
immigration,0.011907005835349684,2058
opt,0.011893911097189467,1182
without,0.01187612577353775,2423
may,0.011835260233999754,1936
jobs,0.011779137129600416,2181
unnecessary,0.011704269339296169,2445
uscis,0.011661141281233797,1865
contribute,0.011618909378007393,2456
other,0.011498987732701013,2401
complete,0.01149412841793202,1904
national,0.011395472367983517,2067
term,0.011388372497876475,1998
through,0.011241922216059205,2283
same,0.01118516043259203,1746
grace,0.011122843522307876,1355
uncertainty,0.011091845182296566,2346
educational,0.011079133006650647,1963
flexibility,0.011068764950188275,2088
ability,0.0110247988429766,2385
visas,0.011016342804393162,1332
need,0.010960835097370395,1686
support,0.010910794384493664,2020
competitiveness,0.010908551203572528,2394
both,0.010883082970852314,2226
local,0.010877230874075342,1638
university,0.01077342542961438,1666
here,0.010743197545528833,1239
world,0.010732438483992551,1756
administrative,0.010696556603341139,2096
training,0.010684730512644578,1608
people,0.010630214730113984,1047
over,0.010565605306693005,2195
fields,0.01050837617807914,2195
grace period,0.010350599828796317,1210
one,0.010347653710504128,1712
create,0.010324925411380154,2222
extensions,0.010311807189917789,1945
second master,0.010232239315189278,940
because,0.010203405896172206,1471
tuition,0.010121295669028241,1734
most,0.010005905691220708,1783
risk,0.009951460766458697,1887
exchange,0.009912421124550194,1289
studies,0.009912100154088829,1745
pursuing,0.009708051840639628,1795
harm,0.009594507149130845,1805
periods,0.009583875790101325,1925
costs,0.009524396241864562,1461
take,0.009522707651782246,1567
critical,0.009509869054702249,2002
risks,0.009501341387868964,2057
about,0.009496770843955268,1501
limit,0.009394917354367366,1408
even,0.009335774252262528,1708
out,0.009311898252719475,1308
just,0.009294338935074644,1188
after,0.009275290034057556,1554
enrollment,0.009167629102392643,1762
day,0.0091167067563003,1243
sevis,0.009037456125491405,1520
oversight,0.009029196978823149,1653
data,0.008976416414982627,1541
urge dhs,0.008797333422353478,2182
students scholars,0.008762956950622213,898
compliance,0.008761045327552563,1502
additional,0.00871959410355757,1860
workforce,0.008715016723813394,1502
leadership,0.0086995062459165,1725
technology,0.008647575561557036,1415
instead,0.00862788591833974,1652
policies,0.00856057369077261,1570
impact,0.008499101168827346,1611
financial,0.008456264445091623,1259
those,0.008401697828569511,1265
significant,0.008389926572855682,1653
not only,0.008376166432819028,1556
delays,0.008373567791416882,1555
strongly oppose,0.008360731898584658,1400
doctoral,0.008298113526042575,1170
long term,0.008293213854660314,1528
especially,0.008259310429472302,1492
days,0.008256978722352263,903
iceb,0.00824459331962146,1650
framework,0.008191359039162262,1501
government,0.008156382118834828,1233
under,0.00813199057071539,1395
four years,0.008121854864511653,1341
opportunities,0.008086482547591462,1332
individuals,0.0080288026760338,1262
top,0.007951859714449007,1501
there,0.007929224196802283,956
less,0.0077400584197093005,1236
respectfully,0.007726008910296073,1592
department,0.007713287822937889,1527
first,0.007699078010126856,1251
very,0.007692521241811215,1103
global talent,0.00768603584730164,1351
engineering,0.007677644046059101,1144
burden,0.007646465464762418,1419
maintain,0.0076123880508883884,1552
reduce,0.007576835349702614,1371
international students scholars,0.00756753503400176,667
restrictions,0.00753366868300105,1252
schools,0.007491472650156556,1113
future,0.007491200297397843,1117
career,0.007482179370598761,1067
international student,0.0074749400989395165,1240
but also,0.007446335962876372,1369
see,0.007442771227440115,564
business,0.007439339078011176,973
oppose proposed,0.007428863315817543,1416
creates,0.007412144834029298,1485
billion,0.00741123802650998,1313
process,0.007396743848075279,1223
development,0.0073832057956253125,1143
away,0.007365870405108344,1073
talented,0.007361779236762361,1270
how,0.007357626862174801,1085
holders,0.00734934007516617,1097
rules,0.007329835408671433,1195
please,0.0073068817381492105,610
these students,0.007304284887688487,1094
remain,0.007303716867292511,1474
fixed admission,0.007290293875556496,1352
growth,0.007249016616193282,1254
workers,0.007217106269909942,806
limits,0.007205358166514584,1190
high,0.0072029823441574796,1395
eos,0.007196171374128409,621
file,0.007172936146560889,903
more than,0.007169995300405694,1268
any,0.007168878992103694,943
ph,0.007128749347466455,680
require,0.007126876881159338,1348
contributions,0.007116889771764943,1273
industry,0.0070840376108536485,891
does,0.00707875819462395,1134
forcing,0.007077610845378062,1465
school,0.007065137395266846,1012
projects,0.007051553557982913,1144
phd students,0.007030521906657372,642
directly,0.00701804563757422,1363
visa holders,0.007008376293216709,1015
graduate students,0.007003803052435739,1122
communities,0.006963277592504403,1162
benefits,0.006960063821554897,1215
longer,0.006959897296350548,1146
state,0.006935861964018312,878
thousands,0.006879822434070976,1454
progress,0.006864336631124158,1166
burdens,0.00686086770831029,1265
four year,0.006832292824870925,1054
professional,0.006813076045087281,1007
lower,0.006806384905449402,1055
number,0.0068030575372887815,1280
foreign students,0.006797690799145723,503
due,0.006783454774499185,1253
essential,0.006782623787258226,1271
americans,0.0067482851201773955,533
applications,0.006707120410376958,1145
other countries,0.006702213662493952,1030
limiting,0.006691084764659184,1082
processing,0.006690467235934422,1224
resources,0.006672063803800722,1077
withdraw,0.006663758820072193,1486
advanced,0.006629627410271232,1062
preserve,0.006595432073233149,1515
admission periods,0.006577304653697514,1193
best,0.006576478816660586,961
want,0.006552723591359267,639
second degrees,0.006552120977583281,697
lose,0.006548669188299143,839
benefit,0.006535644981536461,1051
visitors,0.00649825354813118,956
face,0.006493518351057351,1137
public,0.006481457079651426,983
come,0.006466716611674907,825
undermines,0.006462357798578782,1229
making,0.006394862896088293,969
skills,0.006393248369017694,971
retain,0.006393163737782672,1400
fixed time,0.006358245014814888,895
discourage,0.006346058460441682,1295
well,0.006323605296344685,982
based,0.0063197646407655945,987
bring,0.00630247711068687,872
every,0.006301069012609471,954
rather,0.006288491915267095,1179
interests,0.006285975621785741,988
healthcare,0.006283937556086599,683
rigid,0.006283237442736498,1200
graduates,0.006265651065989225,901
canada,0.006243843160080967,1281
field,0.006241898316048798,884
industries,0.006230865910404121,917
comment,0.006223054699349471,1240
community,0.006187055651330348,771
reasons,0.006175356001802635,1155
opposition,0.006167041907368708,1410
real,0.00615580062921611,988
must,0.006149971193238656,1004
million,0.00613334933136652,1129
timelines,0.006126632595819007,1102
needs,0.006116838252780338,890
legal,0.006111521117871563,865
researchers,0.006097612064195764,871
job,0.006096487111619226,779
companies,0.006093197456848957,767
competitive,0.006067595436819629,983
particularly,0.006051406799539348,1185
provide,0.006048802132387772,1206
scientific,0.006027579944452817,695
freedom,0.006015171466779296,687
pathways,0.005996388417875169,1121
revenue,0.005975792115612712,885
cultural,0.0059750434381657,859
rather than,0.005975029784684516,1120
health,0.005973731588478899,726
around,0.005972683746388741,829
across,0.005915255835828316,972
creating,0.0059137405828218,1050
students contribute,0.0059131549434824505,1122
national security,0.005906134639102806,913
cap,0.005891766811728192,734
some,0.00588597650382692,827
attract,0.005874860109000965,1138
beyond,0.0058689529239770895,1084
restricting,0.00585143108347187,998
writing,0.005835659785916511,1234
does not,0.005816979259236743,975
keep,0.0057853177680871545,639
cannot,0.005773518515314165,861
don,0.005770461926523831,456
continue,0.005769537975136097,1057
citizens,0.005748422356306612,442
own,0.0057482128377391315,822
including,0.005744319764432029,1200
leave,0.00572490309522925,803
allow,0.00571333869466979,888
master degree,0.00570631485406952,726
replace,0.005680982300454277,1239
another,0.005679588450047277,744
fixed admission periods,0.005663505038066099,1017
energy,0.005654965904324949,613
requiring,0.0056454974899989374,1035
studying,0.0056325606163513875,759
day grace,0.005627545971546712,808
imposing,0.00561643215673068,1037
get,0.005611968893727194,422
significantly,0.0055758269917792844,956
exchange visitors,0.005573030269705671,857
day grace period,0.005555987426866602,798
place,0.005545564678159114,776
multiple,0.005536834555075728,865
vital,0.005526388228135767,975
annually,0.0054869609472212024,1092
employment,0.00546186211431835,826
undermine,0.005454487330548508,1011
proposed changes,0.005445303375306479,701
good,0.005381072946632037,572
cpt,0.005377263458050591,382
control,0.005376334900178032,1004
weaken,0.005371358230957424,854
legitimate,0.005365137364762619,845
extend,0.005360362908525652,927
regulation,0.0053540423356474975,488
pursue second,0.005351449433632769,767
domestic,0.005343388747174977,914
knowledge,0.005320873050105853,721
businesses,0.005316913509966842,666
employers,0.005314266059083112,737
bureaucratic,0.005310099540494682,929
skilled,0.005307509381761907,809
rely,0.005297226349941871,934
damage,0.005293478346105837,974
homeland,0.005291920437417259,1127
law,0.005291900589410125,636
oppose proposed rule,0.005286546781876627,839
increase,0.0052681863550449,951
end,0.00525857738919446,723
better,0.0052473652330285135,751
homeland security,0.005244718262814934,1120
filings,0.00524276090284982,790
during,0.005223240123329798,873
international students contribute,0.005215947332549656,971
replacing,0.005173954835420185,923
pay,0.00516987127887397,743
adding,0.005168181740437749,869
stress,0.005164364394981822,809
disrupt,0.005158258935470619,879
current duration,0.005152425545160266,957
losing,0.005146894769177535,850
strong,0.005143486829116769,1063
against,0.005127768681611831,762
market,0.005122789897770125,857
same level,0.005109347582485953,600
phd programs,0.005108240493916223,612
attached,0.005107098031238917,97
students pursuing,0.005106947498603476,841
strongly oppose proposed,0.005100113025813248,817
eliminating,0.005097530232145194,815
makes,0.00509517603769219,679
drive,0.005092497225828554,764
highly,0.005083561116434654,722
home,0.005076987415848202,640
pipeline,0.005036430721633474,864
opposition proposed,0.005030008770657115,1105
major,0.005024611542050737,886
concerns,0.005019948308327399,914
help,0.005005320061067193,597
nation,0.00500091292775069,630
practical,0.004999629248804557,915
life,0.00499408074776454,824
tech,0.004986836968383494,513
housing,0.004980778986468783,822
medical,0.0049692839970040025,417
contributed,0.004961629447786642,937
according,0.004961380246863881,967
reducing,0.00494203676025963,857
forced,0.004940913822452134,794
graduation,0.0049347756330875275,739
force,0.004927422283366901,819
arbitrary,0.004922917586083154,793
college,0.004916445169016169,505
targeted,0.004913190154947335,875
existing,0.00491091280390806,842
students exchange,0.004908414523019699,771
reconsider,0.004900860433570283,839
supporting,0.004898667240087918,837
choose,0.004893402580358536,774
apply,0.0048820465158533125,738
then,0.004873332309428631,543
completion,0.004870438681448482,760
paperwork,0.0048413787081956865,727
students exchange visitors,0.004835065990175061,762
working,0.004817578385654633,715
second degree,0.004809522222929361,639
backlogs,0.004808414613854525,865
current duration status,0.004800248192168848,867
abuse,0.0047994547771599665,657
important,0.004794735075813036,748
short,0.004791572916336094,624
loss,0.004788569256147691,706
small,0.004787150706324581,518
systems,0.004776354495702063,762
further,0.004760968688491529,694
hundreds,0.0047602466441748195,931
students pursue,0.004759527944546961,765
changing,0.004751219624754805,765
computer,0.004750369231553997,725
time period,0.0047455246797719714,643
deter,0.004737331528249981,812
why,0.004734110347062005,472
many students,0.004730344245123136,719
status fixed,0.004700029632945134,834
necessary,0.004694545635409402,788
nonimmigrants,0.004684578712637512,806
now,0.004678138162408172,526
example,0.004666742944484898,803
requirements,0.004654120808223572,793
nearly,0.004647875198277002,773
strengthen,0.0046464766858208975,864
opportunity,0.0046458233873835336,660
duration status fixed,0.004645319135026094,821
protect,0.004643885341811367,693
welcoming,0.004626991384656739,777
fewer,0.004621412589089399,490
before,0.004613302760064313,666
decades,0.004606689119999916,751
destination,0.004603597633079657,780
funding,0.004602216308399904,599
international talent,0.004596125359189074,730
impose,0.004587071535289193,810
full,0.004586543188337514,673
lead,0.004584813808165105,658
pursuing second,0.004580755369856087,759
dhs withdraw,0.004558277759353232,945
cost,0.0045524965310639615,694
australia,0.004541757064898204,910
clear,0.004538035467943487,746
presence,0.004537797660012754,675
expertise,0.004532594317190473,715
coming,0.004514662605195418,659
different,0.004513487114739105,508
maintaining,0.00450764851918772,820
interdisciplinary,0.004498258838043598,725
much,0.004498242511939679,548
currently,0.0044897031866006545,743
stability,0.004486341121764576,723
money,0.004482482003876261,451
flexible,0.004463792390818952,743
billions,0.004460290831058752,741
eliminate,0.004450346297834609,828
finish,0.004446946534940053,477
areas,0.00444574335400092,818
consequences,0.0044395514169105026,801
economies,0.004434340018326661,693
undermining,0.004433522159428796,814
harder,0.004433466184277625,488
cases,0.0044177033786762625,654
mid,0.0044163154138837125,780
urge dhs withdraw,0.004401174634161674,904
completing,0.004396855850571313,676
transfer,0.004389005345926975,579
cause,0.004385638397227884,583
strategic,0.004384435605029459,531
post,0.0043799441232004735,673
provides,0.004378533017981595,789
computer science,0.004350688302527538,672
part,0.004348586161646207,571
focus,0.004346041178054378,674
within,0.004343184689697825,639
fixed time period,0.004339798144640177,602
media,0.0043335299666153815,653
dhs should,0.00433180222630765,811
sectors,0.0043303379035657084,688
dollars,0.004320229502377939,667
improve,0.004306723126761677,820
years complete,0.004304700981834724,630
professionals,0.004294934826707686,563
far,0.00428566185176981,713
strongly urge,0.004282962019359506,728
leader,0.004281780523290643,673
hundreds thousands,0.004280488015780731,843
ensure,0.004275385794852834,663
mba,0.0042629002208859285,376
department homeland,0.004257559519503605,817
department homeland security,0.004257559519503605,817
choosing,0.00425724152499232,727
labor,0.004252115609644067,673
cutting,0.004230184028025018,615
two,0.004225690806288315,604
academic programs,0.004221225683728829,664
approach,0.00421962400012317,713
access,0.004215741982975355,543
common,0.004186890179589777,623
omb,0.004185840384443412,699
barriers,0.004185647051453771,646
supported,0.004168996759974658,673
terms,0.00415058773350436,575
conclusion,0.004144070034327188,1062
education research,0.0041395560248600905,612
thank,0.004133600669646881,602
nations,0.004131555795766472,608
integrity,0.004126185933839926,649
same lower,0.004124302198762445,637
restriction,0.0041179519029251755,536
students contributed,0.004115077599817575,769
negative,0.004104481329517279,620
right,0.0040864280376169205,401
quality,0.004086239600256948,645
brightest,0.004070223695848239,534
potential,0.004066028034003499,583
goals,0.004065827188046252,672
way,0.004063019855073798,457
means,0.0040626416391103095,616
many international,0.0040585077713310505,601
experience,0.00404738001338056,544
add,0.004043534755618646,539
china,0.004042721109294256,401
believe,0.004039945452391351,472
enforcement,0.004039907920120165,594
requires,0.004035505720205575,604
role,0.004028488996842268,621
standing,0.004026890704174273,666
reality,0.004019003666852714,711
fees,0.0040053045839750665,644
students already,0.0040003987920383816,555
master degrees,0.003997078230966313,494
harmful,0.0039968112850423355,594
severely,0.003994335410223877,739
ultimately,0.0039899345501970464,557
international students contributed,0.003988693839035173,746
spending,0.003979099074387437,619
students not,0.003970993708242062,544
effectively,0.003963390984167974,629
result,0.003961411077307928,555
technological,0.003956442456346899,536
not just,0.003954158735917228,548
administration,0.003950693063403037,425
express,0.003946214755667581,711
challenges,0.0039400624282472955,591
push,0.0039382948240552045,510
domestic students,0.003937095448654836,648
allowing,0.003929660119398652,593
stem fields,0.003919949799196721,704
families,0.00391593165130388,359
information,0.0039154210712048915,613
sector,0.003913017665364383,512
these reasons,0.003904547684884025,710
economic growth,0.003901437125325932,608
simply,0.003896891136036147,545
repeated,0.003890062572500153,633
period admission,0.0038834734270494745,633
omb control,0.00387884144990127,697
control number,0.003877262514446427,696
omb control number,0.003877262514446427,696
reputation,0.0038734675653029965,542
hurt,0.0038730650637085386,381
tax,0.003864888299051376,396
nonimmigrant,0.0038643299348218277,696
transition,0.0038583585835793243,636
iceb omb,0.0038533603759457876,688
edge,0.0038488610357054758,510
iceb omb control,0.0038424207104493903,687
learning,0.0038413773490520225,450
respectfully urge,0.0038378920988056454,681
enough,0.003834285543459749,379
reporting,0.003833823193535472,635
takes,0.0038192555287666725,403
administrative burden,0.003812019537267752,655
limited,0.0037988726631446165,466
back,0.0037853913044208773,434
fixed term,0.0037760993181908758,423
research innovation,0.0037728530384499347,588
return,0.0037664114016320843,547
able,0.0037642473095125784,407
services,0.003759926491468403,602
local economies,0.0037541758972481688,579
evidence,0.0037497966762518615,517
citizen,0.003746039527859653,309
should not,0.0037444763093907904,432
contributing,0.003725519520242914,514
minds,0.0037234591165216323,478
length,0.0037092492033315868,447
admission period,0.0037089268251418546,575
concern,0.0037074297804804324,583
replace duration,0.003696119296880382,662
period days,0.003694067073475689,573
nafsa,0.0036865543374188137,635
intellectual,0.003672784140378834,431
depend,0.003671959383789596,570
become,0.0036667398237285463,547
address,0.003658625378378167,574
global competitiveness,0.003654481191801696,590
ban,0.003654034605949933,415
allows,0.003650635375942013,596
monitoring,0.003648929002251292,650
realities,0.003646203952088666,613
canada australia,0.0036437865174740107,656
each,0.003631897495216584,563
least,0.0036292977798066672,444
needed,0.003629250498624123,482
value,0.0036223258386870088,494
non,0.003621260794196614,374
opposition proposed rule,0.003618554699325028,766
allowed,0.003615428828217008,364
lawful,0.0036143998541484233,540
frequent,0.003612833202617018,686
year cap,0.0035953889663595195,498
grace period days,0.003591425044603819,560
too,0.0035870536018710562,306
between,0.0035855777796750875,567
talented students,0.0035795518395648424,525
weakening,0.0035721197913155217,550
adds,0.0035608504182265345,497
position,0.0035556326508195558,529
eliminate duration,0.003546665917880318,645
leading,0.003544221860373236,527
prevent,0.0035414436803956548,475
second master degree,0.0035406618959315885,450
undergraduate,0.0035190719635865724,370
threatens,0.003515256898862058,563
competition,0.0035135723693483834,487
attracting,0.0035126075009457745,552
care,0.0035123446963005196,233
hard,0.0035082029779528313,331
status framework,0.003503777813558636,537
federal,0.003503574592153367,460
technical,0.0035019082979880784,434
countries like,0.0034988703836769373,501
duration status framework,0.0034983637305848153,535
think,0.0034962324479170144,231
idea,0.0034948419465219488,148
concerned,0.003489883649848524,499
whether,0.0034868321775283345,501
education system,0.0034853668902460194,499
many international students,0.0034836492946623172,490
stable,0.00347878091485853,522
since,0.0034769267518167334,380
likely,0.003476605137550485,446
students often,0.0034735703077407843,527
attractive,0.0034660167044380428,530
graduate programs,0.003465072713980659,406
american students,0.0034617408414108607,261
continuity,0.0034605397372043625,521
off,0.003455921694436792,418
extension stay,0.003447901507157798,633
heavily,0.0034455298102308023,530
institutional,0.003440984941482404,499
analysis,0.003439131808491832,549
required,0.0034387546414328682,487
foundation,0.0034256278417404596,662
broader,0.0034234027421366207,572
preventing,0.003422270724340248,565
lower level,0.0034220217987733035,489
deeply,0.003420285200543095,544
society,0.0034197640269251,356
around world,0.0034089699483090563,524
five,0.003407145974691658,487
administrative burdens,0.003406099852438168,554
faculty,0.0034033955674671198,394
create unnecessary,0.003398125816533968,480
last,0.003397868676951551,552
moreover,0.0033969917373757766,593
539,0.003396414574651503,472
advantage,0.0033950982676520663,458
path,0.0033857915596508426,448
student visas,0.0033816248267106532,286
great,0.0033801101454226127,244
diversity,0.003378352227047485,452
consider,0.0033769326933279485,497
enhance,0.0033757067390836346,624
elimination,0.003371927470783929,505
replace duration status,0.003369703627065506,589
disruption,0.003365909103351054,559
restrict,0.003364686714392552,461
educational level,0.003362435448222104,321
crucial,0.003358985936581164,499
cybersecurity,0.0033578757382517125,211
shift,0.0033560865370977845,515
valuable,0.0033546302206855735,536
current system,0.0033492447163465406,478
effect,0.003346199054993579,463
regulations,0.0033297052378936085,361
affect,0.003327551322509532,370
extra,0.00332564335582785,395
perspectives,0.003320520295058254,409
increased,0.0033136185124140343,559
supports,0.0033108597470977294,471
abroad,0.00330952810488415,419
careers,0.0032939545644828433,442
billion economy,0.003291357125450031,577
academic progress,0.003287829770342482,527
given,0.003281306883448304,434
predictable,0.0032788818308519393,542
seek,0.003274962582355727,443
key,0.0032745898877671173,490
human,0.0032745134318537625,365
diverse,0.003263400385997824,456
gain,0.003252297077917172,445
driving,0.0032420163827681756,463
bureaucracy,0.0032359912209158396,452
stop,0.00323368158883241,230
down,0.0032298071350113835,427
find,0.003225491969967528,344
date,0.0032238946857064588,347
months,0.0032219965820893368,458
difficult,0.003216618941701751,348
issues,0.0032079041405368904,531
usa,0.003205825902743312,154
colleges,0.0032057784087443433,310
hurdles,0.0032023146438805807,494
strong opposition,0.003186987084530209,620
power,0.0031835877933602086,376
competitor,0.003178918525756646,540
international students pursue,0.0031673492195640907,455
offer,0.003166163119417944,465
know,0.003165073997707349,301
serious,0.0031636009077890565,468
typically,0.0031615738325943754,439
revise,0.0031615135605468944,544
study work,0.0031577133346401983,591
longer than,0.003155833284103465,369
international graduate,0.0031553810164318356,532
problem,0.0031511156212084934,406
serve,0.003149563157844956,428
science technology,0.0031491090193303205,427
step,0.0031485456026811385,475
always,0.0031428007225731205,365
than four,0.003134605318543798,389
effective,0.0031324528808252708,509
respectfully urge dhs,0.003132010636044873,531
demand,0.003129505838830783,463
withdraw proposal,0.003127908681970357,530
management,0.003127372858765379,376
staff,0.003126088343921667,406
itself,0.003125688574182581,495
student visa,0.0031230781678921525,308
second master degrees,0.0031225821416322095,353
company,0.0031209783298382886,345
restrictive,0.003120631949821634,460
sense,0.003114960108551892,248
both students,0.0031129833419726734,446
shortening,0.0031092989145310034,574
made,0.003105960237535527,364
removing,0.003101494980435416,390
times,0.0030994300088540874,465
submit,0.0030931276277821346,559
perspective,0.003086180064708221,460
like canada,0.0030842840731319307,469
practical training,0.0030838914316090355,534
phds,0.0030793899782642934,328
living,0.0030793359912199576,429
furthermore,0.0030742122174749896,553
technologies,0.0030734834821039793,432
than four years,0.003067501554317508,380
time period admission,0.003064912556951145,476
individual,0.003062636064526604,407
foreigners,0.003062616891306133,116
journalists,0.003055372914798536,189
average,0.0030542292907509458,386
form,0.00305230817912696,446
students bring,0.0030513351549196475,358
understand,0.003047940117507222,428
today,0.0030459943454057975,434
social,0.0030448366677078534,457
six,0.003040147349058215,429
ignores,0.003038315113394861,463
success,0.0030379035710051154,416
teaching,0.003036185504122356,349
discouraging,0.0030360576072156397,444
complex,0.0030324451978441577,457
severe,0.0030317906692958908,460
related,0.0030288312067091637,432
might,0.0030283855530509017,335
doesn,0.0030281774152689472,278
entire,0.003027833030901251,378
sciences,0.003023612165465089,413
labs,0.003015404997709022,407
requests,0.0030103619128715154,448
re,0.003008173445455671,362
interest,0.003007023969927035,396
majors,0.0030041018237059736,347
dates,0.00300293867447793,415
however,0.003001131209351591,433
pathway,0.0030006383358873964,415
harms,0.0029963895807884238,442
next,0.0029962014365922628,464
language,0.002995143773299936,261
ability international,0.002994451488663089,431
constant,0.002990233907941756,406
ability attract,0.0029844606425242074,449
transfers,0.002974223987883172,320
introduces,0.0029741925920552365,508
levels,0.0029711641802866585,419
case,0.0029687234288692604,332
immigrants,0.002959362832967831,231
values,0.002950810852492034,315
application,0.00294554855855454,382
fully,0.002942628468339078,336
slow,0.0029377443224659246,396
stem opt,0.0029360110199675433,292
ensuring,0.002930951462133349,466
shortages,0.0029258902661672436,407
build,0.0029195682899386213,371
toward,0.0029141396924090113,439
representatives,0.0029139095721044694,447
worked,0.002913551940304638,339
unlawful,0.002907547171736061,378
whom,0.0029001061071148434,438
lot,0.002898270364956403,201
eliminate duration status,0.0028977783421886786,493
establishing,0.0028932700131186913,484
proposed change,0.0028932502437857477,331
academic freedom,0.002892128011811335,333
trained,0.002882841470894051,471
course,0.0028818394014236345,353
family,0.0028813267102898014,300
analytics,0.0028767300503305627,385
prohibiting,0.002873642368189483,414
circumstances,0.002872993486568807,443
processes,0.0028710865203016994,426
manufacturing,0.00286743742912214,256
personal,0.0028635099544592956,406
having,0.002859180548115402,284
effects,0.002857784013935242,466
open,0.0028554071787536923,284
year limit,0.0028529212473636825,369
international education,0.002852597240297456,456
run,0.0028519266110167514,298
fraud,0.0028464532254709844,314
these changes,0.00284135339777757,348
potentially,0.0028400074706223495,386
degrees same,0.002833760493908496,415
after graduation,0.0028318179951214205,351
fair,0.002830693010308387,408
physicians,0.0028284273732382573,115
environment,0.002826293773609893,385
harming,0.0028198954287830735,403
otherwise,0.002819428121294638,469
depends,0.0028180173206482045,382
strain,0.0028126970833410336,422
plan,0.0028089544361184385,355
mid program,0.002807910154799354,468
billions dollars,0.0028075760061916457,421
capacity,0.002805215323320146,419
doing,0.0028032929471898563,279
research projects,0.0028022581471611762,417
actively,0.0027941429767341193,447
phd student,0.0027928187986650493,284
dhs reconsider,0.002792797539690737,436
attract retain,0.0027919803436846974,528
renewals,0.002791233481696511,468
reduces,0.002791068023943545,374
collaboration,0.002783520428307472,348
lab,0.0027833035635168035,296
multi,0.002782107930646024,435
paths,0.0027799402437548274,374
instability,0.002778514972184444,393
reasonable,0.0027777030944098804,343
elsewhere,0.00277754769763518,337
admissions,0.0027749755923720354,353
negatively,0.002770926886205979,322
1b,0.0027706594596038584,339
decline,0.002770633232108929,402
wrong,0.0027693986068929814,426
regarding,0.002766890932323386,382
talented individuals,0.002765850587066208,369
students may,0.002759013390719314,367
maximum,0.0027580485750712267,411
competitors,0.002757020941885608,367
going,0.002755994361106813,174
start,0.0027497368926912864,302
large,0.002743955156596028,368
use,0.002742810264871672,337
international graduate students,0.0027408746842936165,457
new rule,0.00273685781198874,231
reflect,0.00273404098178692,389
applicants,0.0027305327069116706,389
transitions,0.0027292381744865608,436
cut,0.0027278560923509735,315
students can,0.002726550847936924,328
specialized,0.0027239776497429793,363
enrich,0.0027188902105775444,342
page,0.002717612020045137,200
model,0.0027151790065795415,345
students pursuing second,0.002713624988930988,409
considering,0.00271247192369659,373
over billion,0.0027115805785225605,430
shows,0.0027104735173901296,413
delay,0.002708558433665158,401
sincerely,0.0027059851811027527,395
master programs,0.0027036819944703935,342
align,0.0027027723273722617,435
develop,0.0027004369707263696,489
students pursue second,0.002700100651695889,390
qualified,0.0026998740485612766,348
students but,0.0026998356496120463,360
unlawful presence,0.00269907438573597,348
majority,0.0026946314221693198,357
substantial,0.0026917419757323713,421
than years,0.0026908143491442675,217
several,0.0026899886151388946,379
oppose proposal,0.0026885809145334935,268
investment,0.0026821518771547393,338
reduction,0.002680289787441767,392
preserving,0.00267766595476955,466
immigration system,0.0026746964356668206,308
global leader,0.0026745987869795716,397
cultural exchange,0.0026726592122720766,392
international phd,0.0026709331748100184,265
direct,0.0026708620404340055,379
institution,0.002670197702906046,332
roles,0.0026700690870266734,383
fear,0.0026675732643992676,319
countries more,0.002666604372200894,353
students like,0.0026661469762495004,306
students institutions,0.002664536403781837,396
consideration,0.0026637432188145534,365
pressure,0.002662314257568912,334
students universities,0.002661487559135079,365
fixed period,0.0026609362220341892,350
came,0.0026608043876166446,311
status system,0.002660498133382618,342
bad,0.0026598883304261183,202
countries like canada,0.0026598376465635015,373
yet,0.002659749070396431,350
urge dhs reconsider,0.0026542377110971996,410
duration status system,0.0026526702433672584,339
thousands students,0.0026516012985040214,518
globally,0.0026496039698940908,373
lives,0.0026467782533870898,268
time limits,0.00264354134665598,320
move,0.0026435307186938174,304
strength,0.002642522633582738,336
program changes,0.002641543145985293,356
estimates,0.0026405065176184194,475
tuition revenue,0.002640415357627442,369
completed,0.0026379122399541946,348
travel,0.002635208517185503,338
academic students,0.0026317450047732643,402
scientists,0.002631532856811554,285
still,0.002629807066491698,306
students researchers,0.002629593194347875,344
taxpayer,0.0026290135469496188,221
hiring,0.0026221753400333552,299
alternatives,0.002621924730908955,482
fundamentally,0.002620713124549644,429
message,0.0026203737631910556,325
efficiency,0.0026178415307233035,338
strong opposition proposed,0.002617168200187249,470
respectfully oppose,0.002616788141464984,426
strongly urge dhs,0.002613581920351976,358
authorization,0.0026092064964572783,379
through sevis,0.00260874698192977,408
billion annually,0.0026080075980752775,427
works,0.002608001699444635,280
later,0.002603245555573358,342
counterproductive,0.002600104716223668,434
fairness,0.0025989143584993967,316
pursue second degrees,0.0025985685959036314,271
mobility,0.0025898561367958114,346
california,0.0025892620640924824,237
seen,0.002589241942992196,278
blanket,0.0025886335591285034,433
put,0.0025876477056441752,201
evolving,0.002582395300925387,370
dsos,0.0025822858122158143,407
unfair,0.0025819373218403637,257
international students pursuing,0.002580182256790218,361
option,0.00257475606678949,309
goal,0.0025729180020505993,422
less attractive,0.002572559845837015,372
agency,0.0025715796203572023,348
compliant,0.0025699666909053697,366
finance,0.0025695354468072986,235
grow,0.002566283091568187,431
reason,0.0025660103800576968,213
eliminating duration,0.002562728283062988,381
engineers,0.0025587739428117053,284
damaging,0.0025547449801427416,340
international students bring,0.0025529122066910844,289
someone,0.0025477368610796708,282
providing,0.002538686896864142,390
ways,0.002538512453962822,341
prohibition,0.002537292753060465,361
everyone,0.002537281976597893,233
top talent,0.0025344879836717827,316
planning,0.0025303552485019896,331
campus,0.002526606136322816,297
bachelor,0.002525281663729992,277
elimination duration,0.0025245037076414125,356
let,0.0025235124192528407,209
seeking,0.0025219307383669265,334
academic research,0.0025194250416297284,317
risks losing,0.00251547809879747,411
professor,0.002512289233891908,251
international enrollment,0.002510984692934846,358
reports,0.002510491245472349,442
forcing students,0.002509819956492449,363
amount,0.002509730428554871,201
precisely,0.0025083482845755047,383
reduced,0.0025081907606399998,385
meet,0.0025073932934943366,356
approximately,0.00250606727824759,385
american universities,0.0025026001181191813,288
data science,0.0025020735536265735,321
nprm,0.002499267635568999,250
waste,0.0024991882590048166,230
urge department,0.002497142563477297,364
docket,0.0024967248031734076,393
fields like,0.0024959801695462382,324
same lower level,0.0024958710352357525,358
conduct,0.0024929800387225583,457
doctoral programs,0.002492300170770611,367
additionally,0.0024922534519357686,350
greatly,0.0024914891574220016,215
processing delays,0.0024873102746483305,416
status fixed admission,0.0024856399860857777,375
establishing fixed,0.002485021932894378,406
six years,0.00248359483988772,352
timely,0.002479735172395024,423
practice,0.002478446694221333,343
fill,0.002476781073841255,321
employees,0.002474669893920245,213
designated,0.0024722023423323206,466
visa status,0.002470195212573823,411
extension requests,0.002470057384471393,342
artificial,0.0024674857479881932,373
gaps,0.002466450074852609,378
contribute significantly,0.002464912091526832,360
direction,0.0024622468905956575,421
expenses,0.0024596864847386143,389
campuses,0.0024586778461515115,241
effort,0.002458394775792989,285
talents,0.002458178733141568,182
design,0.0024511442554085564,239
account,0.002449905262358185,381
extension applications,0.002449418859030158,374
population,0.0024371362599821507,308
national science,0.002433522903668683,484
ecosystem,0.0024323081367735883,372
completely,0.0024268935621123656,204
students should,0.002426337136245975,236
project,0.002426152640886069,303
rule change,0.002425805052538261,165
weakens,0.0024243226803398383,330
detrimental,0.0024239706059834133,274
measures,0.0024233987975292516,375
rule replace,0.0024233103730229226,387
expiration,0.0024232433489176255,319
unpredictable,0.0024162153976441778,353
fall,0.00241572491333604,342
academic flexibility,0.0024151377039437452,352
discourage international,0.0024130911528697824,412
comments,0.002412422724504778,258
academic professional,0.0024116129994654744,357
timeline,0.0024113749716336923,296
taking,0.0024098087617591703,241
pool,0.0024085914720307347,293
four year cap,0.0024077741237479152,344
pursuing second master,0.002406046166467317,334
rights,0.0024051094726659414,217
write,0.0024031322483975153,380
deadlines,0.002397565581191545,336
helping,0.002397432921465102,462
nature,0.0023968166048523617,316
welcome,0.0023884778944396803,275
huge,0.002385692899352901,173
diminish,0.002380602937637182,342
international students not,0.002379245828982923,304
options,0.002371519649849755,295
writing express,0.002371019475968875,385
annually economy,0.0023709535997770855,384
proposed policy,0.002370537803057211,261
international students exchange,0.002368682714257306,301
cross,0.0023650349878615827,321
candidates,0.002364784729427076,300
legally,0.002363345171387796,267
violations,0.0023597935343365323,354
top international,0.0023595026472823257,331
paying,0.0023582835135402412,225
global leadership,0.002357833150779575,329
biomedical,0.0023578094774798523,195
implement,0.002354805024059774,348
capital,0.002353060302412656,267
ensures,0.0023509507740782803,316
students ability,0.0023478373012158294,323
return home,0.002340320385352568,278
fails,0.0023382691170296677,377
provisions,0.002333392069249079,397
status policy,0.0023326979049195567,300
millions,0.002327585992817417,287
driven,0.002324069686982542,321
increasing,0.002324054311775024,318
strengthening,0.0023236930432886478,345
purpose,0.0023236640138971543,340
out status,0.002320649640413511,326
specific,0.002310771537683819,326
biotechnology,0.0023099484308937808,267
influence,0.002309856057023723,244
demands,0.0023094761279951023,346
concerned about,0.0023083055438576773,307
robotics,0.002308074473166539,112
eliminating duration status,0.002306093390385038,334
exceed,0.002305089080018287,376
modern,0.002304710612028819,351
normal,0.0023039985404488,282
increases,0.0023029164251002106,325
genuine,0.0023004855829080015,345
national science foundation,0.002299628116818449,462
science foundation,0.002299628116818449,462
children,0.0022995372183701153,146
problems,0.0022976807120197408,270
contribute billions,0.0022976735955510365,321
provision,0.002296610470732129,240
duration status policy,0.002295836117638902,295
extend beyond,0.0022923847415224838,341
set,0.002291667820602154,259
proposed rule replace,0.002290538041481904,356
possible,0.002290528625197572,243
decisions,0.0022888034698386466,309
facing,0.0022885384953004327,332
implementing,0.0022866783245007304,273
filing,0.002282710275720832,348
applying,0.0022801854774763077,286
brightest minds,0.0022770201821743696,284
sustain,0.0022735986174069476,324
multi year,0.0022723284525007627,344
source,0.002269867646541784,234
following,0.0022682543606199574,321
intent,0.0022678100323929988,319
disrupting,0.002267166693650943,345
preserve current,0.002266723773352822,422
startups,0.002264527386962785,255
students choosing,0.002263871236016042,312
officials,0.002262535695935677,398
immigrant,0.0022623145591321833,183
replacing fixed,0.002261149519287513,330
pushing,0.002259828093365632,270
report,0.002257201389148778,320
efficient,0.0022541936066316813,384
optional,0.002252629031018312,425
ending,0.0022521992523611297,263
lost,0.0022500982782324096,298
dhs withdraw proposal,0.002249337349808423,363
ability international students,0.0022476288254809668,376
represents,0.0022474740864201165,322
play,0.002247443952810419,307
supply,0.002246351366788686,185
contributions international,0.0022453838251919565,389
self,0.0022448970387507487,239
press,0.0022443627982357867,132
few,0.002242823358406273,266
uncertain,0.0022415094063304823,316
among,0.002240917250929983,358
ideas,0.002240669417062962,191
service,0.002238854180445698,269
local businesses,0.0022369440439109923,290
enrolled,0.002236314900674114,272
available,0.0022342303064720645,345
categories,0.0022303359207738113,299
undue,0.0022289300311823003,260
summary,0.0022274017225869715,384
aerospace,0.002225276359178214,94
leaving,0.002223830241586392,273
impossible,0.0022219114300744878,213
act,0.0022188862487675255,223
unrealistic,0.0022171261866901753,278
accounting,0.0022164228674823937,127
academic year,0.0022163002887796135,342
imposes,0.002215134212058557,333
competing,0.0022132398321880976,302
funded,0.0022130292158731263,265
express strong,0.002211630378765459,366
learn,0.002211494601432254,189
sometimes,0.002210214886672789,235
opt stem,0.002207701428937104,231
contributed billion,0.002206348767094585,334
born,0.0022050000263975863,187
higher education system,0.00220462174331354,305
recruit,0.0021980259888056157,296
therefore,0.002197976917865139,265
rule eliminate,0.0021925658504835643,352
students need,0.0021924363105451017,237
compared,0.0021899796988607743,306
fixed terms,0.0021802240860119304,271
taxes,0.002175854668199072,202
public health,0.0021756895004604623,208
degree same,0.0021746739312740442,263
nothing,0.002174336994180292,188
138,0.0021720673478036823,157
students come,0.0021703040441656504,214
after completing,0.002168258349535008,309
similar,0.0021651969400746725,310
all students,0.002162610259629379,263
durations,0.002160925771795829,247
behind,0.0021603986956164286,178
prohibit,0.002159251186797285,309
recommend,0.002155817995165176,306
time limit,0.0021526856920870362,186
adjudication,0.0021523736635976,310
actually,0.002151618780470862,215
extremely,0.0021506161587923783,185
intelligence,0.0021503213472257804,308
shortage,0.0021497004947058254,234
addition,0.00214860831091175,240
request,0.002145402388336073,266
fit,0.0021425417305265568,232
transferring,0.002141604421747938,350
classrooms,0.0021411458283006005,258
fixed admission period,0.002141079358877503,293
rates,0.0021406018778218415,272
getting,0.002140431532587007,128
optional practical,0.0021378334842982235,401
optional practical training,0.0021378334842982235,401
whole,0.002137631279235274,203
unreasonable,0.002137496571612765,211
secure,0.0021353945203503163,282
entry,0.0021350145392831916,263
graduate level,0.0021344459089700867,257
leaders,0.0021343722490764026,250
admission extension,0.002132256930767231,335
skill,0.0021292896299707677,257
whose,0.0021234753446509984,280
proposed elimination,0.0021217280362438935,294
legal status,0.002120599069906112,267
stay eos,0.0021205557615566117,401
alone,0.002117284880609798,294
replacing duration,0.0021159222638189334,276
over jobs,0.0021136770058562465,312
increasingly,0.0021123379786410212,297
mine,0.002108715758395313,228
follow,0.0021076168683308314,257
massive,0.002104528926639894,228
creates unnecessary,0.0021040456390827916,283
regulatory,0.0021040444700239514,260
educational institutions,0.002103892112101531,276
workload,0.0021021857624878093,301
disciplines,0.0021017563746081784,269
education innovation,0.002101717387719717,305
afford,0.0021011372195062386,242
internships,0.002100045100068941,260
rule replace duration,0.002098974561920519,315
dso,0.0020984224879608613,269
fixed visa,0.0020965518197008292,243
costly,0.0020965509925574845,314
added,0.0020954536997851753,280
give,0.0020953565138633326,197
rescind,0.002095305972563381,293
recent,0.0020932227855873548,292
review,0.0020914008021580294,248
overstays,0.0020900629793766745,218
disagree,0.0020894905642208045,98
improving,0.0020872791598982258,290
opt stem opt,0.002086082490922146,214
competitor nations,0.0020836272998893215,321
unfairly,0.002082372029011003,272
themselves,0.0020807731317880798,216
talent pipeline,0.002080000936554528,297
implemented,0.0020781028898915893,232
best brightest,0.0020777531120686936,192
more than four,0.0020769499642671945,236
supportive,0.0020743730880493135,287
renewable,0.002073216718660735,188
chance,0.0020676587700902507,180
abandon,0.0020669024297817642,255
american workers,0.0020663297269440193,214
agencies,0.002066249629063481,272
sponsors,0.0020662156913025843,253
retaining,0.002065395575343731,289
student enrollment,0.0020653225096476497,361
free,0.0020593729924792826,178
three,0.0020579306387253317,281
english,0.002056731781159568,142
built,0.0020560023426455143,256
highly skilled,0.002055991640653276,254
infrastructure,0.002055331458058493,230
extended,0.002053699905486737,254
docket iceb,0.002053289180339538,330
hundreds thousands students,0.0020522975925432885,401
year admission,0.002050597377550683,318
programs often,0.0020500825023895574,267
overwhelm,0.0020492061540852012,271
issue,0.002048929297575857,219
meaningful,0.002048518712376977,257
rule eliminate duration,0.0020481461602892214,318
top global,0.0020456275262153846,298
sends,0.0020443714156334132,265
bureaucratic hurdles,0.0020408775488939875,284
students make,0.002039226059979567,272
favor,0.0020364883839271313,150
renewal,0.002036300373152039,201
initial,0.0020347519287847596,292
doctoral students,0.0020333175006039535,217
generate,0.0020331078400215247,281
young,0.002032391103759925,167
replace fixed,0.0020278176917428053,326
additional degrees,0.002027528680003943,254
pursue additional,0.002026108969792866,264
legitimate academic,0.0020254129491348296,282
changes duration,0.0020248089316739653,278
strict,0.0020234764066550883,206
students complete,0.002023285993221085,241
international graduates,0.002017430981802338,287
enterprise,0.00201646283960333,232
phd program,0.002016023612707486,171
changes duration status,0.0020148509998461676,276
ph programs,0.0020147684746730002,224
students but also,0.0020135053567582454,259
contributions international students,0.0020134113513794526,349
really,0.0020131980359040036,132
proposed rule eliminate,0.002013166961701987,313
nonimmigrant academic,0.002012889282434487,292
through tuition,0.00201188508456735,302
banning,0.0020113114616155,223
students choose,0.0020107685845862466,259
positions,0.002005801519201838,244
second master programs,0.0020055643888202807,234
dhs proposal,0.0020048198320277255,289
degree programs,0.0020041894866029922,262
unnecessary uncertainty,0.002003031074078274,243
submit comment,0.0020026218084302776,357
local communities,0.0019994882994034597,262
reasons urge,0.0019994881228489678,295
kids,0.0019977232364200735,143
multiple degrees,0.001997214657684007,229
international students already,0.0019956864485681848,234
establishing fixed time,0.0019942604662769423,317
center,0.001992774698095782,220
frequently,0.001991303269186162,268
impacts,0.0019911974983427235,258
vitality,0.001989774545934738,270
delayed,0.001989446623758825,289
finalize,0.001988434959979258,307
finally,0.0019883706517081537,283
interruptions,0.001987948186124277,263
actual,0.0019877354394903903,251
overall,0.0019865481383634347,248
take longer,0.0019852886488389287,221
job market,0.0019829435715560755,215
nsf,0.0019823679808834717,342
these reasons urge,0.001981151663046086,291
disproportionately,0.0019809385815055948,316
denied,0.0019803315268090305,301
generation,0.001979483127552712,288
elimination duration status,0.0019779168122812125,263
backlog,0.0019774541210166342,234
labor market,0.0019765301979957637,343
students file,0.001975076014625999,305
order,0.001974723400013512,191
renewable energy,0.001974623587611456,175
helps,0.001974041368347722,214
proposed changes duration,0.0019737588122761204,270
others,0.0019737182473651346,208
international scholars,0.001973014996834486,200
threat,0.001969334547989619,210
nonimmigrant academic students,0.0019692992879260683,286
single,0.0019685726381522923,223
more flexible,0.0019674233843833596,261
proposed elimination duration,0.001967324256301206,270
breakthroughs,0.001966586021461126,239
real time,0.0019649855281950374,311
express strong opposition,0.0019617518916293566,319
top global talent,0.001960757492557043,285
software,0.0019600660549788534,133
mean,0.0019592739571573964,209
advisor,0.0019547078207444424,200
discourage international students,0.0019538357461444077,340
hinder,0.0019522690706583374,224
markets,0.0019512408551679815,239
red,0.0019503407382369996,217
procedures,0.0019492232156490719,258
researcher,0.0019487064205174034,207
soft,0.001947442119457863,240
establish,0.0019453823521811589,286
excellence,0.0019441473185358197,249
advanced degrees,0.0019433920879611268,225
burdensome,0.001941430647230715,268
foreign information,0.0019411091102644765,300
turn,0.0019406737405694497,208
students contributed billion,0.0019398683911156197,288
clean,0.0019396304183453225,163
hardship,0.001938767331944136,244
proposed fixed,0.0019382987783639147,297
information media,0.001937405302874168,300
american citizens,0.0019339393680204815,119
over million,0.0019330312075170283,337
computing,0.0019318884598919074,181
tools,0.0019311493977769553,339
foreign information media,0.0019289516816421526,299
thousands jobs,0.0019287301685676846,279
oppose rule,0.0019275847483080516,132
stated,0.0019274560314031278,294
preserve current duration,0.0019274231537677513,357
cycles,0.0019273894919128677,273
basis,0.0019265470531169046,347
compete,0.0019262299296122607,194
progression,0.0019237117614963684,246
never,0.0019230234671028653,183
disruptions,0.0019217307228866485,289
four year limit,0.0019192844246557817,255
academic level,0.001917925260559537,211
monitored,0.0019178357835282203,206
stem talent,0.00191639972363171,237
day cpt,0.0019163891452485986,187
sufficient,0.001915532887855676,261
decision,0.001915310661628351,207
strongly oppose proposal,0.0019143792320564098,177
director,0.0019136603373259425,228
these individuals,0.0019130649241103396,242
economy supported,0.0019129357147093318,298
cutting edge,0.0019106797745277377,216
hurts,0.0019092553517092322,164
second degrees same,0.0019067975932087029,237
living expenses,0.001903261391532565,282
drain,0.0019021336717200748,223
specifically,0.0019021241167864597,269
advancement,0.0019015859685366627,217
degrees same lower,0.0019005652443095855,240
hope,0.0018968459376782108,166
economics,0.0018960218928498096,215
replacing duration status,0.001895824234298467,242
towns,0.0018957722460344868,206
lawful status,0.0018940354038385428,277
minimum,0.0018927060111390021,222
take years,0.0018925799942671755,199
artificial intelligence,0.0018909836268285113,272
academia,0.0018906782530595312,193
group,0.001889483338423046,174
like mine,0.0018868949183248728,204
income,0.001886857851035595,177
dhs proposed,0.0018865459948336168,265
medicine,0.001885534408151491,205
once,0.0018824826988244508,220
biotech,0.0018816446736611438,129
humanities,0.001881465286729981,259
recognize,0.0018810069783516178,267
share,0.00187926687634083,258
pursue second master,0.0018772784390890557,230
beyond four,0.001876619633434603,261
fact,0.0018761746531294977,199
numbers,0.0018749845340198885,231
misuse,0.0018738025030468908,245
statistics,0.0018719416769903447,229
disproportionate,0.0018709863718386626,279
residency,0.0018708663392064378,150
closely,0.0018679706565577056,214
oppose dhs,0.0018677870959597715,283
stays,0.0018671687017243856,208
certain,0.001865974154535972,228
each year,0.0018656460905860503,255
isn,0.0018649738044912289,156
discourages,0.0018644308524605228,242
avoid,0.0018640859685953128,311
jeopardize,0.0018639045715424375,259
soft power,0.0018614243106037545,229
small businesses,0.0018609658068354158,184
about proposed,0.0018589648392139649,236
introducing,0.0018589131876128912,285
maintain current,0.001858381623221766,238
time complete,0.0018559174738551926,200
close,0.0018558048348492873,201
public university,0.001852857550265264,247
departure,0.001852449249204215,256
discourage talented,0.0018498742922520815,215
students change,0.0018485865109519513,298
almost,0.0018473007559144262,177
contributors,0.001845164233863999,252
immediate,0.001842652930346899,260
institute,0.0018421432804202765,273
representatives foreign,0.0018412732860164129,285
continued,0.0018395082233605602,251
food,0.0018389677304956724,195
threats,0.0018342442692088875,186
system international,0.001833608924876631,345
94,0.0018332154720937363,210
pursue second degree,0.0018328159794988098,224
international phd students,0.0018308844083876038,163
climate,0.001830568920079535,251
contributed billion economy,0.0018302875961009593,269
period admission extension,0.001829369637898566,286
economically,0.0018290748584489163,236
chinese,0.0018287237169397313,111
economy supporting,0.0018277013943251163,247
hire,0.0018228516109831557,186
standard,0.0018225986628549076,230
withdraw rule,0.0018209400095271443,248
physics,0.0018199920494513017,166
class,0.0018193393694965739,179
urge department homeland,0.0018191201295113693,253
anxiety,0.0018179424509524524,241
private,0.0018177715405934985,211
provided,0.001816762631009671,255
environmental,0.0018155776870393662,128
moving,0.0018146670610956588,222
europe,0.0018144201174385964,181
immigration policies,0.0018139687773736726,226
trainees,0.0018136553925829331,118
entirely,0.0018136302587513952,220
median,0.0018133909531442745,229
until,0.0018118743826973924,166
come here,0.0018115330889193868,143
things,0.0018114819160431179,140
school officials,0.0018051007169005927,318
immediately,0.0018046659321162175,209
graduate student,0.0018037032335748622,185
live,0.0018035050207186334,200
beyond four years,0.001802909508980846,248
opposing,0.001802588757741401,282
unnecessary administrative,0.0017999348695476134,248
introduce,0.0017983835735130268,243
accountability,0.0017981787822796316,224
objectives,0.0017980305890614575,243
system international students,0.0017969651992870992,336
feel,0.0017939390739760215,175
contribution,0.0017912085862946112,224
designated school,0.0017906909626601733,322
show,0.0017897325145065336,228
advance,0.0017883972235346087,228
system already,0.0017883701894441208,234
graduate education,0.0017875001114448852,212
economic impact,0.0017863096853489647,275
tens,0.0017857920423515103,256
proposal replace,0.001785558648353826,243
training opt,0.0017832662888059231,349
understanding,0.0017826802901791206,212
fixed periods,0.0017823771448567324,229
half,0.001782345810824447,236
thank considering,0.0017821253419394523,256
state economy,0.0017806881759468924,225
activity,0.0017804117333229544,241
kind,0.0017798580367903018,177
deeply concerned,0.0017795738742796745,246
enroll,0.001778646190494865,228
require more,0.001776715516921025,209
these programs,0.0017766133290364429,187
america global,0.0017749754186348933,228
used,0.0017744646504913807,235
program same,0.0017716374633277726,221
relies,0.001771634082326814,209
valid,0.0017711313156270614,200
done,0.001770276575022141,113
drives,0.0017694036075176116,216
choice,0.0017690021888005954,214
like canada australia,0.0017687649014740078,250
washington,0.0017677213398358818,76
extension filings,0.001767126897637355,246
prepare,0.001767093464516884,241
adapt,0.0017670645613232527,235
students contribute billions,0.0017659980062590878,226
rigorous,0.0017638143622893219,226
fundamental,0.001762801136522383,223
such canada,0.0017623829092679145,292
representatives foreign information,0.0017617118662025119,273
true,0.0017612928254625135,204
postdoctoral,0.0017602313401903957,144
practical training opt,0.0017594400623123134,343
tape,0.0017593480972319688,191
offering,0.0017591205297951993,227
standards,0.0017580443347224597,205
complete studies,0.0017576382357052062,182
losses,0.0017565609911457895,241
under proposed,0.0017550356990139416,262
safe,0.0017545187060307992,305
pending,0.0017535358682036698,264
pursuing second degrees,0.0017534646248287035,240
approved,0.0017533897358711888,167
red tape,0.0017531076870114853,190
patient,0.001750795057453812,111
subject,0.0017502294357842395,232
implementation,0.0017498923210298339,196
more welcoming,0.0017498672875033137,218
solution,0.0017493046097162978,231
expand,0.001748129937723252,297
point,0.0017476739154843259,171
retail,0.0017469006274900298,253
requirement,0.0017440518980290194,245
third,0.0017414532191518714,251
represent,0.0017378947572108364,237
students academic,0.0017366862638397988,214
innovation economic,0.0017351025566549826,209
encourage,0.0017345483313293629,192
plans,0.001733031133582189,210
global competition,0.0017325002793943272,245
local economy,0.0017307194430750078,201
spend,0.0017300756504661635,191
students around,0.0017263317230185185,300
proposed regulation,0.0017251913671397108,148
proposed four,0.0017243625560680721,272
output,0.001722780199530644,228
clinical,0.0017219347044125407,152
work authorization,0.0017210646910910045,236
status rules,0.0017199640066414901,322
rule iceb,0.0017183100899694904,202
proposed four year,0.001717671261094918,271
either,0.0017165611372697168,184
overstay,0.0017141054160019077,235
obstacles,0.0017138789661488866,202
substantially,0.0017138155367204895,270
according nafsa,0.0017135573061331153,260
trying,0.0017133808177024804,140
students also,0.0017129812137087067,212
negative impact,0.001712831535406135,223
greater,0.0017121214383047244,206
offers,0.001710674099861457,245
cfr,0.001708647906005813,183
apply extensions,0.0017086208558178466,222
status visa,0.0017062870369757297,210
uncertainty students,0.0017054057403006117,209
national interests,0.0017051058543794215,231
international student enrollment,0.0017022672782019048,238
withdraw proposed,0.0017018105705486233,265
often take,0.0017013134909827628,217
four year admission,0.001701062157538962,251
manage,0.0016996687312905597,202
scholars study,0.0016996623189356622,317
students coming,0.0016980611653675253,160
international stem,0.001697017930674304,204
goes,0.0016970073668689657,131
firms,0.0016966834078908678,178
designed,0.0016966085732364874,222
rule risks,0.001696002165730149,240
designated school officials,0.0016942937377253096,300
ongoing,0.0016936020192333554,209
imposing rigid,0.001693314693072759,233
higher education research,0.001693201324994554,221
already provides,0.0016924889644364886,252
tied,0.0016916238739577243,247
long standing,0.0016901866845385478,244
international students often,0.0016882923683910487,203
respectfully oppose proposed,0.001688209207826698,238
lack,0.0016877366036807877,208
outcomes,0.0016871029823532456,229
continuous,0.0016843301787300969,230
duration status rules,0.0016835982200505064,315
navigate,0.0016822395263017685,232
students scholars study,0.001681511077858557,314
abiding,0.0016811851114117854,210
processing times,0.001680185989697105,255
uscis already,0.0016789724406091927,237
sevis already,0.0016785190190905666,231
proposed dhs,0.0016773944272251303,216
advancing,0.001677358937829676,203
strategy,0.0016768683810152874,229
wish,0.0016762285465602854,186
colleagues,0.0016743964533123686,157
more than years,0.0016736726420094215,120
current policy,0.0016734569277846699,192
rule changes,0.0016718186171771772,179
summer,0.0016712180461447522,109
deter top,0.0016674865791307893,213
falling,0.0016655530234479527,202
association,0.0016647610518167207,241
immense,0.0016596044103827769,189
transportation,0.0016595467177513304,221
many these,0.0016592826529091013,207
not enough,0.0016586167067543201,141
causing,0.0016572461253206692,192
say,0.001656240726826993,141
gap,0.0016559053035633134,182
next generation,0.0016546080280237271,246
whom may,0.0016538763133640288,238
current framework,0.001653069828717716,223
scholars study work,0.0016501825051303983,309
duration status visa,0.0016495959577209045,199
cannot afford,0.0016494276033297694,182
unintended,0.0016493475753958466,256
broad,0.0016493214095643102,228
remains,0.0016491790483010443,226
openness,0.0016474079407050601,197
recommendation,0.001646296050849907,217
ph students,0.001645587523200168,142
streamlined,0.0016451291528595969,258
tracking,0.0016436971973813406,263
extension stay eos,0.0016424954040332657,290
addressing,0.0016409768511229357,245
innovators,0.001639284611964152,198
american jobs,0.0016384191405759386,185
denying,0.0016370727436440424,158
extensions stay,0.0016348859321924228,256
unnecessary stress,0.0016327338446668386,191
york,0.001632511631702516,100
hospitals,0.0016309360663209003,130
many other,0.0016306332726154361,296
forced leave,0.0016302445816399076,173
coming united,0.0016302022967774278,291
coming united states,0.0016302022967774278,291
complete degrees,0.0016292896535929004,166
billion economy supported,0.0016274935285162339,246
rent,0.0016254963991364263,181
steps,0.0016247218963294703,270
law abiding,0.0016243453067946157,203
building,0.001624119705162867,178
home countries,0.0016238271291829321,163
wants,0.001623667519521114,139
dissertation,0.0016232472428711407,204
typical,0.001621871695505387,179
may concern,0.001621614156971727,233
whom may concern,0.001621614156971727,233
proven,0.0016212446188647927,229
heavy,0.0016208093735675215,198
track,0.0016184645572116876,227
seems,0.0016177878014045635,125
efforts,0.001617581142171948,171
students changing,0.00161703894524568,230
students face,0.0016162756831410484,215
per,0.0016154381549661639,191
little,0.0016140745780255119,213
shifting,0.0016128553554386532,201
take longer than,0.0016127365250931118,168
operations,0.0016123090054889053,185
exactly,0.0016122933774413183,184
admitted,0.0016109906430022824,195
status visa holders,0.0016095153379514253,194
myself,0.0016081967941683855,177
shorter,0.0016077735269861364,200
withdraw proposed rule,0.0016065231539600733,252
culture,0.0016060150246748782,160
competitive edge,0.0016052372451845949,187
disrupts,0.0016038100229220534,224
data analytics,0.0016025106470875993,204
core,0.0016020960987692399,193
automatic,0.0016017397193586406,229
eos applications,0.0016010448045482564,207
instruction,0.0016010412053442408,288
more time,0.0016002899674307173,158
make harder,0.0015995926151429441,141
low,0.0015993603939238508,184
using,0.0015971089473175752,181
discover,0.0015968446303652325,201
middle,0.0015965667164701384,178
experiences,0.0015960655505919527,242
tuition housing,0.0015955997896639179,220
solutions,0.0015946135404417989,199
firm,0.0015943559152213843,175
visa system,0.0015922849554037516,165
severely damage,0.0015920605077840507,301
rule because,0.0015906211063811881,124
protecting,0.0015891998670176097,200
new york,0.0015888481230673106,100
forces,0.0015883007820619447,197
robust,0.001588139083623879,276
associate,0.0015880480012459655,168
118,0.0015871205149217257,115
expected,0.001587120065004467,181
forward,0.0015869217679927265,147
five years,0.0015858542941305728,164
again,0.0015850776771882918,121
pace,0.0015836864819165875,195
educated,0.0015834295557342723,144
international students make,0.0015832480666522952,203
mechanisms,0.0015819637337606094,240
threaten,0.001581405848855229,186
long run,0.0015813189052259593,138
students international,0.001580347517068951,189
visa durations,0.00157943239296024,167
repeated extension,0.0015789288595415786,213
academically,0.0015784091441834976,193
may not,0.001577562321075396,184
adopt,0.001577070672268591,239
faces,0.0015764582206450526,239
places,0.001576022103336074,182
reapply,0.0015754773328482156,141
reconsider proposal,0.0015751263115622797,205
force students,0.0015743373256976625,211
discovery,0.0015738177231721276,151
particular,0.0015717554898253717,185
created,0.0015713154965480364,181
negatively impact,0.0015692595321902638,160
economic contributions,0.0015646360032106831,217
justification,0.001564632074042158,213
research programs,0.0015623227063934137,193
position global,0.0015621202575526788,212
anyone,0.001561802423170546,106
billion annually economy,0.0015612448965139133,226
more frequent,0.0015605788414566014,293
world international,0.0015598532609756293,272
over billion annually,0.0015595663936761814,228
students many,0.0015588403196471396,185
truly,0.001558690424960613,150
sustaining,0.001556973287680883,203
contribute billions dollars,0.001556058093675753,206
stricter,0.0015533424206148872,194
concerns about,0.0015529133131102202,211
prospective,0.0015515844604749468,215
most phd,0.0015515573647533428,142
limitations,0.0015508634730589373,144
pp,0.0015494541374769667,111
iii,0.0015462580924425458,141
invest,0.001546175734420878,157
students studying,0.0015454488075869412,127
strengthens,0.0015453891992241913,186
program integrity,0.0015446438405355188,232
writing express strong,0.001543686813775653,234
american higher,0.0015422710976424581,179
regional,0.0015408676990744574,170
rigid timelines,0.001540433119785973,196
proposed rule iceb,0.001539640216481148,181
visa policies,0.001538576350626829,180
american higher education,0.001538550378386891,178
contributed over,0.0015382296748731347,217
limiting ability,0.0015381212772665129,251
across country,0.0015372868493643472,163
exploration,0.0015363118400806525,177
every year,0.001534251597770544,234
employer,0.001533916856560343,182
trust,0.0015333786993459665,161
enrolling,0.0015323640913136255,185
already face,0.0015310210748599798,192
imposing fixed,0.0015308235529186698,198
writing opposition,0.0015303856715685015,175
student currently,0.0015302259857971,193
world international students,0.0015300638974303068,268
complexity,0.0015299261218497493,198
pivot,0.001529857543555306,184
dhs rule,0.0015286188895570806,178
interrupt,0.0015283589250170053,194
dollars annually,0.0015282204960837232,214
keeping,0.0015280272124080906,147
enhancing,0.0015279766624982129,243
heavily international,0.001527236751338509,205
inevitably,0.0015260555238686684,184
enrollments,0.001525766244494551,208
experiments,0.0015254739094947335,165
blocking,0.0015253738693863854,160
master program,0.0015253281488734776,165
semiconductor,0.0015240981537766498,52
etc,0.0015227638211005859,114
level research,0.0015225680646147918,283
masters,0.0015213175502994723,84
doctorate,0.001521228620521306,150
stem phd,0.0015203500702269989,156
worse,0.0015191577778899193,143
dhs itself,0.001518367817478329,244
chain,0.0015182759372182337,96
scientific research,0.0015176933192557454,140
leadership science,0.0015172578852897943,197
complete programs,0.00151622854857317,185
tuition living,0.0015159982389212584,208
pp 118,0.0015138799219913907,110
vast,0.001513188136319856,184
commerce,0.0015131186662309423,171
safeguard,0.0015129128105418332,198
students could,0.0015124324159699963,165
students study,0.0015115794116291538,132
form 539,0.0015114556635341828,220
becomes,0.001511373921949844,162
eos filings,0.0015103634668600196,200
peers,0.0015100104885478584,154
disciplinary,0.0015083153530761027,182
high level,0.0015082704338447695,276
devastating,0.0015078181230629986,144
dhs docket,0.0015075093656625091,214
despite,0.0015069714445465445,200
recommendations,0.0015065181937368162,250
clean energy,0.0015048906757708523,134
renew,0.0015041590743530811,130
alternative,0.0015028830510364663,214
materials,0.0015024542336570387,129
background,0.0015007893931599675,196
principles,0.0015006819604234689,187
annual,0.001500379624421999,200
enhanced,0.0014988589813907508,229
begin,0.0014985800047160485,208
damage america,0.0014985196902813941,189
broader economy,0.001498411186151297,197
brain,0.0014973984911594834,161
proposal replace duration,0.0014969750022136546,196
education institutions,0.00149582298177808,172
risk losing,0.0014957791056535335,167
mental,0.0014951994637185028,147
prosperity,0.0014942549768132151,164
post graduation,0.0014940394258893318,217
upon,0.001493236725634225,177
stronger,0.0014932077428219694,163
especially stem,0.0014927740244356754,199
impact international,0.001492564863811754,194
alike,0.0014923199350686488,185
even more,0.001492133551725463,198
firsthand,0.00148954211734924,168
growing,0.0014877431995420631,190
post completion,0.0014874664966547835,208
continue provide,0.0014859858334242072,275
students especially,0.0014857633294964863,149
academic career,0.0014842082819260854,179
rule also,0.0014841886407582759,190
proposal eliminate,0.0014830359978419863,208
pursue multiple,0.0014829099951648235,168
national interest,0.0014828684478122704,175
make less,0.0014827068089784984,167
include,0.0014826147929005034,215
enormous,0.0014825895104218646,167
person,0.0014824663845481609,122
officers,0.001482020948827809,188
all international,0.0014815388191621135,166
friends,0.0014810018952555834,120
universities local,0.0014792757203571203,187
stay work,0.0014792361793939364,125
rely international,0.0014784192595520271,196
adjudications,0.0014781692933495954,224
rural,0.0014777304226154218,128
coursework,0.0014776297700540982,172
quality life,0.0014763145431146477,264
name,0.0014761981636682916,174
achieve,0.0014760384359916489,186
productivity,0.0014758132931264832,193
participation,0.0014747486109397522,192
focusing,0.0014742491169936857,176
reasons urge dhs,0.0014741249089834736,207
advising,0.0014735662797771337,145
scholars coming,0.0014727234176197684,271
rule create,0.0014727230167203864,192
matter,0.0014721921930121687,140
states long,0.0014719343125335557,212
status students,0.0014719187304026722,174
compliant students,0.0014714110141793206,212
billions dollars annually,0.001471231960533246,204
talent pool,0.0014703490535553684,158
writing opposition proposed,0.0014702484008268788,168
students contribute significantly,0.0014701359755762435,196
backgrounds,0.0014686270376534623,168
united states long,0.0014683752017887485,211
restricts,0.0014682432034329414,183
students pay,0.0014681182997405369,135
defense,0.001468019092557673,128
duration stay,0.001467051692917991,117
proposal preserve,0.0014669925950748291,183
sevis reporting,0.0014666313112062324,227
rule establishing,0.001466363428777451,214
median time,0.0014652779290192494,185
offer more,0.0014646874976758147,191
students forced,0.0014646274121598894,183
pipelines,0.0014638810483444062,186
routine,0.0014632262585422683,179
window,0.0014624611818424243,189
innovations,0.00146097170627845,149
denial,0.001460785896248177,186
status nonimmigrants,0.0014606739758363633,217
complete degree,0.0014599640334837568,120
dual,0.0014597277005460913,167
nationals,0.0014593709375696662,88
grace periods,0.0014593665654112906,189
finishing,0.001458424619189097,127
ever,0.0014545011710045926,147
complementary,0.0014531351085451565,176
rule establishing fixed,0.0014527737963766702,212
misguided,0.001451438854736767,182
punishes,0.001451149983288985,170
erode,0.0014508791175095494,183
talent studying,0.0014497324074683232,159
full tuition,0.0014491712477028632,156
journey,0.0014486087188222043,166
permission,0.0014485362454290573,269
proposed rule establishing,0.0014481852767337768,210
biometrics,0.0014474998461796674,198
file extensions,0.001446522682414834,190
staying,0.0014455650824875827,129
students schools,0.0014448593311481004,188
seeks,0.0014446482478593415,221
competitor countries,0.0014436834394228916,207
rules continue,0.001442438914286477,267
status rules continue,0.001442438914286477,267
choosing united,0.0014423001775790395,182
choosing united states,0.0014423001775790395,182
longer than four,0.0014395253465225076,149
manager,0.0014385423254386688,180
number international,0.0014385122773182114,159
enter,0.0014378440768691163,172
startup,0.0014375655918673807,147
days days,0.001436477205942559,196
temporary,0.0014360488906685553,172
therapies,0.0014351363875449853,266
world best,0.0014347095482739667,169
disruptive,0.0014346566578077016,168
more stable,0.001434528050820992,198
academic institutions,0.001434328676342495,182
rules continue provide,0.0014328551491448781,266
four years complete,0.0014321791715884331,167
courses,0.0014319621224538383,126
admission extension nonimmigrant,0.0014313124236379812,220
extension nonimmigrant,0.0014313124236379812,220
established,0.001429947410671758,181
reject,0.0014298061279910174,121
deeply concerned about,0.0014296017915949547,187
not able,0.001427393014952265,122
conclusion proposed,0.0014269609394665947,280
20,0.001425741684518144,138
unique,0.0014249388084052101,164
intended,0.0014211595658689877,170
won,0.001420417955704588,90
rule impose,0.001419856577391997,204
flexibility students,0.0014198563859582531,149
look,0.0014198350713477946,120
approval,0.0014190793370381957,160
wrong direction,0.0014188088197652259,261
dhs proposed rule,0.0014187078132039464,198
acknowledges,0.001417114747197335,234
prioritize,0.0014168080612170127,103
thorough,0.0014158918099134597,165
students scholars coming,0.0014147117685048933,263
ability pursue,0.0014144285529547043,174
clearer,0.0014143400428046568,192
partnerships,0.0014133113453952055,158
scholars make,0.0014123714358965586,264
programs especially,0.0014117168167476842,177
member,0.001411560310962342,142
urge administration,0.0014112488446289112,131
opposition proposed changes,0.0014099976743290053,166
research support,0.0014098343748259474,266
contradicts,0.0014097758387039655,200
unable,0.0014095074380454148,145
reduction grace,0.001409091292943531,192
full time,0.0014084866454774105,172
often extend,0.0014071728925571843,182
taxpayers,0.001404737500768522,136
duration status nonimmigrants,0.0014042371476869952,210
reviews,0.0014040401957912793,222
reduction grace period,0.0014034332986309205,191
safety,0.0014033066425836178,141
patient care,0.0014024344048294418,91
american citizen,0.0014023802061484622,96
revoke,0.0014023720723935107,152
early,0.0014020585654876642,160
monitor,0.0014012450567008226,175
opposite,0.0014009353295726524,165
developing,0.001399594918715793,163
economic activity,0.001399464248361765,182
fixed four,0.0013985335530011613,187
inefficiency,0.0013982754951837638,175
dhs revise,0.0013979483371777846,178
economy through,0.0013978519605626952,191
grant,0.0013974128319242302,164
another program,0.0013966838308239191,164
science engineering,0.0013965130522647475,171
students vital,0.0013963633299812928,161
diverting,0.0013952648753865254,197
permanent,0.001393760610388268,146
pursued,0.0013936303800418984,170
higher education institutions,0.001392597972398811,161
students workers,0.0013918024264477453,162
status renewals,0.0013912943477504757,262
economy international,0.0013904936328876531,168
around country,0.00139037748509677,254
skilled workers,0.001388747900841055,153
fixed four year,0.0013880069726800726,186
educational opportunities,0.0013869706149520961,222
create significant,0.001385999876640343,177
wasting,0.0013856116045937708,129
make major,0.0013852387273277878,261
proposal severely,0.0013845251783707166,257
preserve duration,0.0013842581048445067,182
harm students,0.0013838182448538527,165
submitted,0.0013837567985035088,214
rule not,0.0013837131842236834,136
america leadership,0.001383596172548585,168
workforce development,0.0013835093070869494,181
contribute over,0.0013832533112987304,188
respectfully submit,0.0013830814244374658,211
balance,0.0013827884162782927,186
ones,0.0013815662820403532,118
complicated,0.0013815312429464347,202
beneficial,0.00138111096577812,139
firmly,0.0013792297472735387,116
around world international,0.001379139900012297,251
citizenship,0.0013790191295282978,161
end date,0.0013788123519388163,151
require more than,0.0013787471808875194,159
emerging,0.0013785029548405395,182
forcing visa,0.0013776761310015308,260
explore,0.0013774811832288245,147
students stay,0.001376811950069186,122
documented,0.0013762643324701218,172
mandatory,0.001375191596749474,191
target,0.0013749575146498186,180
major contributions,0.001374408965581853,260
thus,0.0013740055960097313,125
ability attract retain,0.001373691996593991,182
amount time,0.0013727804506901693,99
visa status renewals,0.0013727155768090678,258
disadvantage,0.001372358218026161,157
innovative,0.0013717195992134002,134
level degree,0.0013715407953344084,159
periods permission,0.0013713510297051112,258
high level research,0.0013712796137920814,259
lower educational,0.001371097623120264,167
mathematics,0.0013700887093200079,163
revise rule,0.0013690073603707486,184
students while,0.001368081151372174,231
students contributed over,0.0013670547317684936,190
original,0.0013666781906295567,139
scholars around,0.001365651340586041,257
limitation,0.0013645659090724082,131
section,0.0013613034006215666,110
scholars around world,0.0013604524807739314,256
under current,0.0013596124598532061,197
pursue additional degrees,0.0013595315300976296,162
shortening periods,0.0013592812113180648,256
shortening periods permission,0.0013592812113180648,256
these rule,0.0013586580339617488,145
these rule changes,0.0013586580339617488,145
competitiveness higher,0.0013569612235219068,190
more than jobs,0.001356790046790952,186
than jobs,0.001356790046790952,186
adding extra,0.0013567178233414685,150
policy changes,0.00135601174230139,153
impractical,0.001355606945007714,155
retraining,0.0013551845934133896,136
supply chain,0.001354241624405726,79
insufficient,0.001353993985468592,192
make major contributions,0.00135303607852253,257
nationwide,0.0013530169893117814,195
proposal eliminate duration,0.0013528862139205928,192
structure,0.0013528850121262315,173
million international,0.0013528481830451583,174
competitiveness higher education,0.001351777632227925,189
permission remain,0.0013513455973727655,256
shrink,0.0013509351690936492,168
students scholars make,0.0013506492577085717,257
conduct high,0.0013504893335277732,255
advisors,0.001349665418426712,141
harbor,0.0013489301347195375,255
safe harbor,0.0013489301347195375,255
forcing visa status,0.0013479194780105853,255
renewals more,0.0013479194780105853,255
status renewals more,0.0013479194780105853,255
classes,0.0013474632701510857,116
many graduate,0.0013474612082125068,151
rule proposal,0.0013474247689701188,243
over years,0.001347403674251614,141
damage ability,0.0013471548204339924,253
proposed dhs rule,0.0013468859080382615,160
especially those,0.0013465473694629256,142
periods permission remain,0.001346080201885707,255
political,0.001345941042128327,111
world brightest,0.0013446558036302703,181
scholars coming united,0.0013443821115041127,254
frequent basis,0.0013438659862146623,254
more frequent basis,0.0013438659862146623,254
renewals more frequent,0.0013438659862146623,254
student status,0.0013437565403536706,163
instruction hundreds,0.001342978581022415,253
vast majority,0.0013429151650709737,165
giving,0.0013427731628249443,121
setting,0.0013426272377582802,117
improve quality,0.001341571385292441,251
conduct high level,0.0013410154646898037,254
brain drain,0.0013406391247088214,144
falling out,0.0013405869919408126,164
pdf,0.0013399324754676208,68
members,0.0013398076657484628,139
oppose these,0.0013391400691552774,148
million international students,0.0013369811576062166,173
unnecessarily,0.0013366084530508048,153
block,0.0013357581077638558,127
left,0.0013353083152245998,128
policymakers,0.0013352523890486276,151
train,0.0013349625978798805,140
degree level,0.0013349296210522954,130
bringing,0.001334631954389257,111
balanced,0.0013344053734715162,207
urge government,0.0013338800430074582,165
many whom,0.001333403513166542,158
germany,0.0013332699739172775,148
combined,0.001333195720839163,174
improve quality life,0.0013323254261476836,250
fuel,0.0013323186773010333,143
support instruction,0.0013320912294047518,252
researching,0.001331377925010533,145
instruction hundreds thousands,0.0013313002714735289,252
students take,0.001330913542427426,157
scholars conduct,0.0013307343818411781,249
rely heavily,0.0013297266308072663,177
thousands students around,0.0013277864749885152,249
dhs not,0.001327689578749021,153
switch,0.001327035435997836,136
years not,0.0013262168954743625,99
quantum,0.0013261767364492528,117
step wrong,0.001325821547287341,250
step wrong direction,0.001325821547287341,250
advances,0.0013253950415593441,214
students scholars conduct,0.0013251859498456203,248
many areas,0.0013247929664493602,248
plus,0.0013238044793750414,160
research support instruction,0.0013236728573559424,250
suffer,0.001323652408330081,131
students around country,0.0013223230547352177,249
shortening grace,0.0013218008096759514,159
cuts,0.0013213256686151586,147
collaborations,0.001320827343442569,165
contributions many,0.001318477525751184,251
curtailing,0.0013170964705810809,167
impact international students,0.0013169924310663524,168
receive,0.0013169138256439255,132
these proposed,0.0013162401591622333,131
grow economy,0.0013155446920899855,250
applied,0.001314822991152819,164
other countries more,0.0013147062033984813,147
support instruction hundreds,0.001314523461455549,249
damage ability international,0.0013133639916877555,247
predictability,0.001312997853416715,177
academic program,0.00131298857329185,162
uscis processing,0.0013124216478278452,179
while understand,0.0013118783141904322,196
permit,0.0013116064523075173,197
competitive advantage,0.0013115689660843613,170
need more,0.0013114050358182681,106
vitally,0.0013110376569632585,247
level research support,0.0013107541088881486,248
engagement,0.0013101136460687078,147
rule make,0.0013099909532014165,137
cross disciplinary,0.001309936682204043,156
flow,0.0013096968091905828,136
pay full,0.001308215645717751,141
authorized,0.0013081158186298075,169
immigration policy,0.001307163201948256,163
adjust,0.0013064977377392547,151
severely damage ability,0.0013056929839597472,246
scholars conduct high,0.0013056581934660374,245
home country,0.0013053893327354556,106
students these,0.0013052854940079316,155
media representatives,0.0013045752910673086,154
futures,0.0013043453907972164,102
create jobs,0.0013043356600325046,219
tuition living expenses,0.0013041231755634595,177
entering,0.0013040763517247471,154
pursuit,0.00130372300207453,123
punish,0.0013036338518942127,150
intensive,0.0013034002750204386,176
under proposed rule,0.001302375160164711,185
rule creates,0.0013020812845922324,181
submitting,0.001301739682139868,190
vitally important,0.0013016797574877592,247
take more,0.0013016180456032528,141
term research,0.001300422418732778,170
abuses,0.0012986427959886103,129
limits foreign,0.0012984895706026254,130
biology,0.001298349348104196,133
affecting,0.0012978592946933226,151
impact science,0.0012972171821142978,143
thesis,0.0012970782948160636,132
replace fixed admission,0.00129594107288487,196
studying researching,0.001295293141556527,142
fail,0.0012937864104843374,152
commitment,0.0012937302029321167,158
meaningfully,0.001293332259737054,159
important attract,0.0012932642598869558,246
important attract retain,0.0012932642598869558,246
checks,0.0012932527165289438,164
something,0.0012929526497201264,110
scholars make major,0.0012928645053986827,247
fields such,0.0012921390423657516,172
credentials,0.0012919892984112557,140
covid,0.0012918340458681862,187
fault,0.0012915203584061058,175
customers,0.001290919136123414,104
situations,0.0012908619298135275,115
exist,0.0012907861122046739,153
country shortening,0.001290129014373931,239
talented international,0.0012900183738511393,132
ice,0.001289977791954756,130
second degree same,0.0012897375971908092,149
areas including,0.0012892862477806625,245
time vitally,0.001289156063691997,245
time vitally important,0.001289156063691997,245
vitally important attract,0.001289156063691997,245
digital,0.001288728390810932,136
changes unnecessary,0.001288507601357716,147
direction time,0.001288313488173069,245
wrong direction time,0.001288313488173069,245
attract retain scholars,0.0012882668202477343,245
retain scholars,0.0012882668202477343,245
retain scholars around,0.0012882668202477343,245
focused,0.001287834541073061,157
deter top international,0.0012874411547752413,147
more difficult,0.0012874294904996987,126
life grow,0.0012867653795245655,245
life grow economy,0.0012867653795245655,245
quality life grow,0.0012867653795245655,245
economy international students,0.0012867228352617312,155
ban second,0.0012865239781821684,143
advantages,0.0012863105575779527,138
limits foreign students,0.0012860390180906701,128
lower educational level,0.0012857747654664406,154
handle,0.001284943980925733,138
unnecessary barriers,0.0012846769318968067,159
students representatives,0.0012844170690734299,192
direction time vitally,0.0012842000622635883,244
federally,0.0012839840714839459,159
historically,0.0012831434224194976,165
overwhelming,0.001282538406759463,148
repeated extensions,0.0012823495876525285,169
extension nonimmigrant academic,0.0012821172328626237,192
major contributions many,0.0012818945505569915,245
usually,0.0012818598026235145,97
economic vitality,0.001281470188293082,168
green,0.0012814504058011869,97
longer than years,0.0012811379854045762,90
contribute over billion,0.0012807551194992945,173
programs require,0.0012784118189423511,133
adjustments,0.0012782483344478792,160
course study,0.001277878188507027,130
ask,0.0012777383121646022,118
innovation economic growth,0.0012776554903037186,135
affected,0.0012776110627333193,156
while also,0.0012763345741452802,157
contributions many areas,0.001276310628759254,244
international students vital,0.0012761319409408858,141
proposed restrictions,0.001275854666990522,165
maintain current duration,0.0012742210014530812,145
proposal severely damage,0.001274020616158602,240
status international,0.0012731617625937233,126
international stem talent,0.0012727025740757805,146
sevp,0.0012721125899475372,168
considered,0.001272101431641295,124
financially,0.0012716851431993795,144
rate,0.0012715997268608948,184
via,0.0012715897648608327,209
discoveries,0.0012715063897859834,133
research output,0.0012714251880603647,154
changes urge,0.0012713786351292047,144
all international students,0.0012712037449331066,140
putting,0.0012711960321105096,96
past,0.0012711620235998913,126
long term research,0.0012708456900060849,167
banning second,0.0012704375145446774,127
pursuits,0.001269802483819356,157
many areas including,0.001269781765445831,243
wasted,0.0012691241658343594,120
falling out status,0.001268734248177375,152
seven,0.0012686222757817434,173
president,0.0012685688619228995,113
outside,0.0012676187542119072,134
attract top,0.001267031652412619,143
duration status policies,0.0012630754930114058,141
status policies,0.0012630754930114058,141
research institutions,0.0012630641582574457,160
changing programs,0.001262372911613597,182
while preserving,0.0012621263599703358,196
proposed rule proposal,0.0012620550358131866,229
colleges universities,0.00126204486704751,115
therapies against,0.0012617328343741032,241
around country shortening,0.0012616773724513477,234
decrease,0.0012613888282649581,111
jeopardizes,0.0012601952496819105,140
study here,0.0012596524138256987,112
pursuing second degree,0.0012596088245961938,156
send,0.0012594830958792599,121
concerned about proposed,0.0012589507521909408,142
rule changes urge,0.0012586599203850439,141
entrepreneurs,0.0012576502990310741,152
implications,0.001257168684369047,140
redundant,0.00125709786346295,160
divert,0.0012568902077238534,172
destinations,0.001256875677583462,170
dhs preserve,0.001256499562794898,145
including helping,0.0012560676242365427,240
teams,0.0012558896462735987,143
confusion,0.0012556841227750466,145
top international stem,0.0012555879835335273,143
leader education,0.0012553908194625437,150
policy sincerely,0.001255245891826956,140
rule does,0.0012551638556007702,147
extra bureaucratic,0.0012542289723265914,140
natural,0.0012532174011480781,131
international students ability,0.0012530498683743932,146
country shortening periods,0.0012526648907207453,233
remain united,0.0012516223071209348,186
remain united states,0.0012516223071209348,186
retention,0.0012516100902952064,159
changes urge thorough,0.0012509358094585535,140
consideration impact,0.0012509358094585535,140
consideration impact science,0.0012509358094585535,140
finalize policy,0.0012509358094585535,140
impact science finalize,0.0012509358094585535,140
oppose these rule,0.0012509358094585535,140
science finalize,0.0012509358094585535,140
science finalize policy,0.0012509358094585535,140
thorough consideration,0.0012509358094585535,140
thorough consideration impact,0.0012509358094585535,140
urge thorough,0.0012509358094585535,140
urge thorough consideration,0.0012509358094585535,140
areas including helping,0.0012508391407093048,239
remove,0.001250276931602708,142
far more,0.0012502448886827543,156
helping develop,0.001249674746466517,239
pace innovation,0.001249534737783225,142
students remain,0.001248873853316353,181
attention,0.0012484124882321055,139
slow pace,0.0012482846802656616,141
revenues,0.0012481891641841292,147
exchange programs,0.0012480756821041542,131
leader higher,0.0012479579266239875,165
status through,0.001247748972745793,159
closing,0.0012474152174649998,119
door,0.0012465353699094084,110
smart,0.0012464032264899495,97
served,0.001246354057597241,160
logistics,0.0012462719930561575,101
lower academic,0.0012458122088307136,148
shifts,0.001245020509830317,169
hundreds thousands jobs,0.001244654373389394,165
including helping develop,0.0012446444056521536,238
premier,0.0012441494624683782,162
overwhelm uscis,0.0012439911301514149,143
resulting,0.0012436142536022825,161
leader higher education,0.001242147473368581,164
cutting off,0.0012417152915095875,134
cloud,0.0012414563918882182,51
thrive,0.0012403921361774355,135
economic competitiveness,0.0012401243761928657,163
entrepreneurship,0.0012395172394856595,145
bureaucratic hurdles slow,0.0012391678606796849,139
hurdles slow,0.0012391678606796849,139
essentially,0.0012391034908136975,126
security proposed,0.0012388317380323869,187
semester,0.001238616223278851,109
finalize policy sincerely,0.0012379159781281486,138
extra bureaucratic hurdles,0.0012377155622715426,139
extension process,0.0012376858457426954,149
duration status students,0.0012375904568675694,142
reasons respectfully,0.0012362156242276365,165
whatever,0.0012356585683909497,193
moreover changes,0.0012351081506648146,138
respect,0.0012341085367931913,116
often require,0.001233874418381024,156
not reflect,0.0012331332520409692,161
team,0.0012327533845010515,110
adding extra bureaucratic,0.001232456877648368,138
hurdles slow pace,0.001232456877648368,138
innovation oppose,0.001232456877648368,138
innovation oppose these,0.001232456877648368,138
pace innovation oppose,0.001232456877648368,138
slow pace innovation,0.001232456877648368,138
unnecessary adding,0.001232456877648368,138
unnecessary adding extra,0.001232456877648368,138
students apply,0.0012321390275596335,156
risk based,0.0012316235343136671,174
universities moreover,0.0012308719134978684,138
officials dsos,0.0012303679100252433,204
annualized,0.0012295257160288735,211
students representatives foreign,0.0012286472107005438,187
countless,0.001228088419668112,131
these reasons respectfully,0.0012278594511638964,163
oppose dhs proposal,0.0012277760484671948,177
diverse perspectives,0.0012270939439233666,135
one degree,0.0012270888717822305,122
restaurants,0.0012270783211450953,123
thereby,0.0012269099703604625,142
academic students representatives,0.0012261064758178795,183
bureau,0.0012255587889418653,175
america enterprise,0.001225418643544749,137
america enterprise deter,0.001225418643544749,137
changes unnecessary adding,0.001225418643544749,137
damage america enterprise,0.001225418643544749,137
enterprise deter,0.001225418643544749,137
enterprise deter top,0.001225418643544749,137
moreover changes unnecessary,0.001225418643544749,137
researching universities,0.001225418643544749,137
researching universities moreover,0.001225418643544749,137
stem talent studying,0.001225418643544749,137
studying researching universities,0.001225418643544749,137
talent studying researching,0.001225418643544749,137
universities moreover changes,0.001225418643544749,137
procedure,0.0012251698656386071,140
discipline,0.0012237167056957411,123
esl,0.0012235267042133152,50
area,0.0012230782467333601,125
everything,0.0012220247666645005,94
situation,0.0012217985471638208,114
two years,0.001221452585344415,151
feels,0.0012202056009240436,98
central,0.0012200688541602026,160
equal,0.0012195038117117627,116
big,0.0012191565688442494,94
not make,0.0012191369532243124,96
school officials dsos,0.0012183126408535614,202
duration status damage,0.0012176265878093776,136
status damage,0.0012176265878093776,136
status damage america,0.0012176265878093776,136
burdens students,0.0012173309931602476,153
support local,0.0012172513247674733,142
global education,0.0012171208825555566,154
deep,0.0012161849528166207,133
doors,0.0012142686812653973,103
cancer,0.0012138422725311594,193
cities,0.0012137714577750353,152
number international students,0.0012136804044329676,126
enacted,0.0012130098666359387,104
daily,0.0012128912050829548,136
particularly stem,0.0012128399240669283,166
extend beyond four,0.0012126122378974442,153
greatest,0.0012125000865485951,110
clearly,0.0012121526507991585,114
constantly,0.001211610939392908,119
diplomatic,0.001210981551763528,105
regarding proposed,0.0012106349672103577,151
penalizing,0.0012104560848927074,169
programs particularly,0.0012099044389398035,158
students contribute over,0.0012098232361436236,159
rule discourage,0.0012091003429844846,193
concerning,0.0012090416107753757,143
reports international,0.0012084891642931898,156
negative consequences,0.001208232616402072,167
primary,0.001206831546061466,211
unnecessary burdens,0.0012059730476210863,158
linear,0.0012054415608947226,151
illegal,0.001204486779450629,87
estimated,0.0012044717474495726,156
federally funded,0.001204378479598698,149
authority,0.0012037183281938103,124
gives,0.0012034641867981536,115
disrupt academic,0.0012031607714427766,140
students not only,0.0012025986661544285,139
local spending,0.0012025378313169203,160
tier,0.0012017737541591784,145
states step,0.0012014130660476627,224
states step wrong,0.0012014130660476627,224
united states step,0.0012014130660476627,224
preserve duration status,0.001201389029227185,154
choices,0.0012010671287616486,135
groups,0.0012008690867989572,187
real world,0.0011997727747714584,144
allows students,0.0011996085222831028,158
withdrawn,0.0011992048801639098,117
reasons strongly,0.0011989442267031885,161
support rule,0.0011989429931442046,125
according national,0.0011986478594042612,177
institute international,0.0011974348950996201,177
program completion,0.0011958919092475006,168
struggle,0.0011958726898507685,127
wait,0.0011949354205181483,133
foreign media,0.0011948595995405632,140
fixed end,0.0011942268258425333,130
exacerbate,0.0011935139907459716,155
creation,0.00119337343485633,141
hold,0.0011933094999054706,194
these reasons strongly,0.001192704071582749,160
status international students,0.0011925829099771507,119
end dates,0.0011910715655825638,143
foreign student,0.0011892989883361457,146
continues,0.001188954388199429,127
rule proposal severely,0.001188517381447773,217
waiting,0.0011866053851624881,126
instance,0.0011863114024248033,132
call,0.0011860235955782608,126
students seek,0.001185528765964064,109
19,0.0011852964496219104,177
matters,0.001184425864148342,124
sighted,0.0011831737983360794,108
contributes,0.0011828243744100085,135
treatment,0.001181899448444234,135
require years,0.0011816605512223624,154
programs take,0.0011815850432150901,110
shortening grace period,0.0011804068827173,134
other nations,0.0011802048506584898,118
benefited,0.0011801813130912122,155
regardless,0.0011796298759928039,145
same educational,0.001179426691487565,133
deterring,0.00117866389167124,150
engage,0.0011785118171208963,150
covid 19,0.0011778128030447085,175
errors,0.0011776485834197365,154
punishing,0.0011770397391249441,146
allow students,0.001176904179956847,127
legitimate students,0.001176577663410166,152
postdocs,0.0011765148431351626,95
portion,0.0011764218122147945,129
attractiveness,0.0011763193527981092,156
comment opposing,0.0011758155224291164,203
take more than,0.0011754614926121764,128
duration status international,0.0011751691353451643,113
combining,0.0011747767715875315,135
institute international education,0.0011744447578002951,174
apartments,0.0011738854751398116,116
countries such,0.0011730944929894463,173
india,0.001172892431819824,82
solve,0.0011727731036952555,114
residents,0.0011725635030560122,109
earn,0.0011715971607408637,113
submitting comment,0.001171496047625983,171
tax revenue,0.0011714786012230673,130
economic development,0.0011713404698291186,134
economy through tuition,0.0011707659381989717,158
leave country,0.0011695625952980375,118
obtain,0.0011689131057916915,113
aligned,0.0011683924762774035,149
policy international,0.0011674856856283312,136
fintech,0.0011658043387982992,42
responsible,0.0011651777524645953,159
uncertainty administrative,0.0011645003145973778,144
worsen,0.0011643734224382875,142
human capital,0.0011641729285665897,137
economic benefits,0.0011641032269792675,153
financial burden,0.001163560589465073,144
reports international students,0.001162916049263963,152
patents,0.001162723207745802,143
pursue mba,0.0011621586187529386,101
drive innovation,0.0011618955076144319,140
attend,0.0011616209084686453,95
dhs withdraw proposed,0.0011614230782903095,171
founded,0.0011612228632961368,114
town,0.0011611685517913827,78
rule could,0.0011608330694838503,120
comply,0.001160809457391535,154
can take,0.0011604920629710005,105
international student currently,0.001160414691623956,139
complete academic,0.0011602294106203813,111
post study,0.0011598728974669035,162
studied,0.0011596874227314557,124
depend international,0.0011592448296297052,130
contribute economy,0.001159148911960424,105
foster,0.0011590827464011985,126
wastes,0.0011584103804090833,113
though,0.001158068470195572,123
years many,0.001157577368789472,118
proposed year,0.0011575222800240936,108
prohibiting second,0.0011569468512158802,127
must remain,0.0011564564462393239,207
economy support,0.0011553566462456089,156
unexpected,0.0011552156805242726,119
high demand,0.0011548418861357945,146
unforeseen,0.0011539097785608914,135
harm universities,0.0011537681994906335,137
leadership science technology,0.00115319773471729,149
short sighted,0.001152975506529914,107
talented international students,0.0011524203600028436,111
product,0.0011520638488829783,105
graduate program,0.0011506098491041582,115
successful,0.0011501453737622206,132
admission cap,0.0011499971267907695,163
succeed,0.0011499873626051554,110
through fault,0.0011490495795025968,159
students leave,0.001148848979066661,118
less competitive,0.00114837723318279,121
explicitly,0.001148344190736203,164
conclusion proposed rule,0.0011481862159893764,212
complete phd,0.0011480640610692433,96
tuition fees,0.0011479908501162964,109
operational,0.0011477222988261519,126
education international,0.0011472956719849234,150
reflects,0.0011469181683300303,142
academic pathways,0.0011468727273357153,154
vulnerable,0.001144918977612466,117
destination international,0.001144221533624607,151
seriously,0.0011440901438854946,89
faith,0.0011434295812853836,130
more predictable,0.001142982209547918,156
vulnerabilities,0.001142922015465928,205
reliable,0.0011428014925051232,122
recruitment,0.0011426546133531212,125
earned,0.001142635720065939,142
hurting,0.0011421129992444567,104
diplomacy,0.0011418528501673131,129
often last,0.0011418296212549312,201
grants,0.0011407695419422457,136
priorities,0.001140527487487949,122
jeopardizing,0.0011403931714658716,140
competitiveness international,0.001140113220180883,155
specialize,0.0011392256551233143,148
critically,0.001138888739797091,163
only students,0.0011384381372617433,146
opposed,0.001138126073969182,88
filling,0.0011374766133083927,137
fixed period admission,0.001137089967434075,150
worry,0.0011369095680920569,93
lifelong,0.0011368642421216177,107
security concerns,0.001136775997781591,169
high tech,0.0011367711436225637,103
drop,0.0011364941920092627,114
tens thousands,0.0011364509955313635,142
research timelines,0.001136286898333767,142
same educational level,0.0011360628004993567,129
may need,0.0011354002711588531,139
advanced research,0.0011352570861054758,133
prevents,0.0011350095926257922,117
fund,0.001134842240287674,118
profound,0.0011342690753635427,141
technological leadership,0.001131512500806658,150
inconsistent,0.0011312112081153243,147
studying united,0.001131033491340296,125
studying united states,0.001131033491340296,125
nursing,0.0011306143160098997,71
prior,0.001130572225354454,135
expanding,0.0011301849834545292,154
same time,0.0011289844293939058,109
proposed rules,0.0011289823082462184,101
importantly,0.001128872752292194,126
expensive,0.001128401495442938,106
funds,0.0011280532158157244,99
most phd programs,0.0011276705544053117,103
pay full tuition,0.0011275568732117532,121
seven years,0.001126644646423901,154
suggest,0.0011261048606503274,106
proposed pdf,0.001125965301320819,56
mental health,0.0011258224573890377,107
international students researchers,0.0011256509814676614,124
overly,0.0011253504294108918,140
physician,0.001124291825883856,83
continuing,0.0011236934079273287,134
oppose proposed changes,0.0011236521145363263,138
diminishing,0.0011236414237017235,147
evidence based,0.001123588309884079,152
period days days,0.0011235120542541215,149
fast,0.0011233726468009477,124
supported jobs,0.0011232554360015847,151
proposal maintain,0.0011231026375957672,132
top tier,0.0011231000519493438,132
could lead,0.0011221807575658726,141
one most,0.0011218145995123394,105
factors,0.0011211640672792518,114
students seeking,0.0011207613888094107,107
repeatedly,0.0011206631420937314,139
supposed,0.0011199525192377231,126
performance,0.0011199133910444095,121
involved,0.0011198983974165856,111
social sciences,0.0011195192283228533,138
general,0.0011191614587364193,165
eligibility,0.0011189725424265045,145
chilling,0.0011184973542909752,150
landscape,0.00111804121333095,131
policy change,0.0011179685798578462,93
hand,0.0011174323296456296,100
targeted enforcement,0.0011168655433079668,154
leadership higher,0.001116688745228638,130
hostile,0.0011166886853565523,105
burden students,0.0011166388357555517,120
dhs docket iceb,0.0011161623418610889,170
students particularly,0.0011161409581619587,138
often extend beyond,0.0011160206169724873,136
accelerate,0.001115837820527263,136
homeland security proposed,0.0011156522369570139,165
policy international students,0.001115025916069314,132
many talented,0.0011146988754382392,102
contributed over billion,0.0011139141418120225,147
navigating,0.0011130403476985271,133
policy risks,0.0011125676925507256,110
dhs maintain,0.001112436337861195,117
policy should,0.0011116975330287722,133
resources away,0.0011115699770960581,144
year admission cap,0.0011114457343780397,158
easier,0.0011112349774855946,90
stress uncertainty,0.0011110037098443339,122
audits,0.0011107562690517588,172
change majors,0.001110575368780035,122
students other,0.001110507434392444,89
priority,0.0011092333339361353,107
not align,0.0011090805493018088,134
comes,0.0011086709824340059,99
extension procedures,0.0011086685643421409,130
strongly oppose dhs,0.0011083182807828567,134
vetting,0.0011080137626227108,130
international students come,0.0011077673155169587,93
degree same level,0.0011072485542610831,115
engineer,0.0011066019306641358,113
misunderstands,0.0011065436119045908,163
takes years,0.001106484145551984,91
demonstrates,0.0011056533785090306,152
urge dhs revise,0.001104823298126171,139
shortened,0.001104749454173544,146
loopholes,0.0011043359835640908,86
status violations,0.001104175018674896,159
leadership higher education,0.0011037444230899455,128
talent other,0.0011030927121829035,112
career development,0.00110286965154981,129
than one,0.0011016503773303944,109
academic community,0.00110101030965888,110
status fixed time,0.0011003427325005904,118
voice,0.0011001507045201703,171
harm economy,0.0010999876393726507,113
former,0.0010994985140236812,112
years proposed,0.0010993008311965576,133
fixed time limits,0.0010992601708240024,108
fault own,0.0010992540769745372,149
economy urge,0.0010990218985670855,156
graduate studies,0.0010985415269031695,112
reforms,0.0010982932260112696,146
sevis system,0.0010982825814981586,142
international students choosing,0.0010977480713762742,135
overseas,0.0010975287121725457,156
points,0.0010973168658416606,128
constraints,0.0010969219340767789,114
security proposed rule,0.0010967259182147657,162
proposed visa,0.001096277482160279,100
visa restrictions,0.0010961702651783739,110
international students also,0.00109517591079082,134
expiration dates,0.0010948908395889607,129
rule threatens,0.0010948494293195252,148
apply extension,0.0010943532043045472,109
539 extensions,0.0010936040607384904,130
classroom,0.0010932574899370103,119
worldwide,0.0010925318925904914,121
importance,0.0010911865140758562,131
programs without,0.0010907869470626367,123
attract global,0.0010906666476718859,135
first year,0.0010904904321407997,106
appeal,0.0010904775668066696,120
recruiting,0.0010904408600798377,117
along,0.0010904196889352632,94
academic cultural,0.0010898077346330538,126
top international talent,0.0010897505349132337,133
scholarships,0.0010894646301457323,107
activities,0.0010889887888302632,113
top destination,0.0010889084033617413,121
innovate,0.0010887734586271702,110
press freedom,0.001088632460749093,83
kingdom,0.0010883839404809575,164
united kingdom,0.0010883839404809575,164
generally,0.0010869711921865706,112
dynamic,0.0010865027440171938,126
pennsylvania,0.0010862295232697207,87
create uncertainty,0.0010861815089107194,128
struggling,0.0010861246341497658,104
program length,0.0010860522641252532,141
jobs across,0.0010860012511029302,139
removal,0.001085717741943303,107
successfully,0.0010856224719793283,138
universities research,0.0010854177562140196,130
record,0.0010853178806401042,148
choose other,0.0010851976387898804,124
gains,0.0010847825544632137,133
efficient system,0.001083735517095491,193
security dhs,0.0010834148938473555,158
already facing,0.0010827547409547266,139
protections,0.0010826966473225029,150
budgets,0.001082561627522571,129
justify,0.0010824514516710958,129
decline international,0.0010823507871531583,141
master out,0.0010819233173071925,73
america competitive,0.0010818926368495205,147
appropriate,0.0010799214560114263,123
slowing,0.001078768855183243,118
ripple,0.0010785580671743497,140
often need,0.0010784873642720855,113
machine,0.0010782482292055102,167
adaptability,0.0010780895794593448,116
switching,0.0010775435405098158,121
programs typically,0.0010775140198024916,120
five six,0.0010772051549218476,128
year maximum,0.0010762805219665995,148
patterns,0.0010761750866231851,129
often pursue,0.001075557562014658,127
american kids,0.0010748615726282151,91
staffing,0.0010746592571418921,138
total,0.0010739466854179612,103
match,0.001073858014018619,118
academic excellence,0.0010737702537599694,128
evolve,0.001073702653326958,113
premier destination,0.0010736728803910922,136
rule does not,0.0010734104788507092,122
american innovation,0.001072896733962443,120
history,0.0010727698296795405,109
students international students,0.0010726637039481877,119
reasons respectfully urge,0.00107218123734518,140
innovation international,0.0010721564713506606,128
world brightest minds,0.0010714386332179343,139
equity,0.0010706577662797138,103
through fault own,0.0010704773927667382,144
critical research,0.0010701888478678802,128
reducing grace,0.0010701706046789058,127
urge preserve,0.0010700584389876533,152
burdens international,0.0010697885131817967,120
pursue multiple degrees,0.0010693086642137135,114
dramatically,0.0010689443449442507,119
integral,0.0010687589832715932,138
participate,0.0010676371271295983,112
proposes,0.0010673106557672288,125
fixed time limit,0.001067049590349095,90
same lower educational,0.0010669057660277947,130
flawed,0.0010667014759207882,130
make less attractive,0.0010665679642483258,118
bona,0.0010665121399234816,123
annualized costs,0.001065775373646535,180
arts,0.0010654521036979096,80
shrinking,0.001065332555081614,133
stage,0.0010651684662048584,112
respectfully submit comment,0.001065117899977566,154
affairs,0.0010648668862965228,122
safeguards,0.0010648008295581369,146
effectively decades,0.0010646351658432978,130
buy,0.0010645540950659945,112
invested,0.0010645272729842448,117
department commerce,0.0010644028791223059,132
participants,0.0010641131102933198,124
destination global,0.001064065301378627,129
depending,0.0010632564626060598,114
level degrees,0.0010632427018209935,105
timeframe,0.0010632251556058777,113
dhs could,0.0010631813881618124,168
study research,0.0010629122141471651,110
dhs withdraw rule,0.0010628343202711554,143
document,0.0010623408346781724,80
study united,0.0010621313019722439,107
study united states,0.0010621313019722439,107
not only students,0.0010621138807716199,136
scrutiny,0.0010616769671251886,123
talent choosing,0.001061532859635082,135
countries such canada,0.0010596806191051865,157
research labs,0.001059262674680819,130
above,0.0010588017945993332,128
reduce enrollment,0.0010587649444685461,124
academic mobility,0.001058398554136316,121
students whose,0.0010581334734870629,120
risks undermining,0.0010580583877565345,128
simple,0.0010577406912652878,96
frequent extensions,0.0010576977516443447,123
thing,0.0010571395891587178,73
supported over,0.0010570763397314846,133
creates additional,0.001056922468910207,189
security writing,0.0010562166448742267,171
innovation economy,0.0010559019326632964,122
weaken america,0.0010556580666653433,122
many programs,0.0010554084633601624,99
realize,0.0010550639124669494,109
changing majors,0.0010549237316031803,126
ties,0.0010543571084861137,116
below,0.0010538824219299425,140
periods nonimmigrants,0.001053875815634181,151
technology innovation,0.001053836436979878,124
advancements,0.0010532352177875979,103
professional development,0.0010528222313779141,140
research development,0.0010520703581745627,112
many these students,0.0010516229313887492,107
offices,0.0010515567590192564,117
america long,0.0010511170893839853,121
raises,0.001050927156656956,138
students play,0.0010504614957181284,122
remain country,0.0010503829218520418,177
did,0.0010496512858370341,89
these restrictions,0.0010496409285520017,110
unnecessary administrative burdens,0.0010488944116438382,129
change create,0.0010488450646537648,109
throughout,0.001047648005474102,113
risks driving,0.0010473791696924964,121
career goals,0.0010472203078892377,127
collaborative,0.0010472057047864075,113
these rules,0.0010471601230633751,92
mission,0.0010471173850037224,126
attract global talent,0.001046660976562994,126
homeland security writing,0.0010465021907826698,169
taken,0.0010459420988961942,79
another degree,0.0010459188559304004,91
bona fide,0.001045369362155259,122
fide,0.001045369362155259,122
fundamentally misunderstands,0.0010451017971481206,155
undergraduates,0.0010450107723592953,103
very people,0.0010449790687747634,95
immigration services,0.0010445883656536828,142
retain duration,0.00104403097003452,145
failure,0.0010439828269755381,111
jobs americans,0.0010437858744290305,150
systemic,0.0010436926874880592,138
through tuition housing,0.0010431216768373253,130
agriculture,0.0010428617645100852,85
universities economy,0.0010424394886642944,96
unintended consequences,0.0010422017867084466,147
universities rely,0.001042157849300545,119
possibility,0.0010420268926605782,105
every student,0.0010420167038653046,98
rule undermines,0.0010415903902053418,119
duration visa,0.0010414257626099926,111
dhs reconsider proposal,0.0010411030073532136,126
caused,0.0010410083360672276,119
competitiveness international students,0.0010410023942679992,139
routinely,0.001039947249231638,135
oppose proposed elimination,0.0010396745513622,117
dream,0.0010383423376210217,76
clarity,0.0010381012150135504,116
programs institutions,0.0010378398926246175,190
scale,0.0010363071725849667,100
accredited,0.0010362293994540769,101
closely monitored,0.001035977109171608,85
programs like,0.0010358112424190046,180
rigid time,0.0010355763004349524,120
administrator,0.0010351149330780076,127
expense,0.0010348854004526052,103
proposed rule change,0.0010348397949703663,83
academic levels,0.0010343580021174197,107
should withdraw,0.0010342370554474454,118
nationality,0.0010341405477552641,120
ecosystems,0.001034024208569985,131
students want,0.001033849523195572,77
fair efficient,0.0010337903417399184,182
emotional,0.0010332661508570986,102
unnecessary bureaucracy,0.001032633927534522,113
drive away,0.001032448140560195,93
decide,0.0010323491829986472,104
records,0.0010317667367161988,130
graduate students change,0.0010317025849509596,183
timing,0.0010313909792162082,137
supported over jobs,0.0010308034036049644,128
actions,0.0010300635205710525,114
vetted,0.0010300272175034653,89
relationships,0.0010299521401423606,104
many phd,0.0010297938573575985,96
graduate degree,0.001029561378180438,86
found,0.0010294997208000363,122
requiring frequent,0.001029205367240202,125
administrative financial,0.0010290952174883932,120
results,0.00102886321596058,165
opposing proposed,0.0010286225084719096,167
ability complete,0.001028465908151829,105
fits,0.0010279583444806285,125
urge dhs preserve,0.0010273063755817603,119
consulting,0.0010272257021503753,66
spent,0.0010271012667504899,102
visa terms,0.0010270272057318476,101
month,0.0010266929142925397,105
laws,0.0010265170258398947,88
friction,0.0010236738545095377,133
scientific progress,0.0010229513508782265,90
america ability,0.001022929339906555,126
rapidly,0.0010224379013355257,113
south,0.001021487322549613,60
impose fixed,0.0010214587995600844,118
demographic,0.0010213942977624969,57
tracks,0.0010213665458992935,122
penalizes,0.0010201942560487997,127
immigration status,0.0010199999726721461,112
raise,0.0010178148278513907,108
nafsa international,0.001017686744499434,136
first place,0.0010170982621737208,94
officer,0.0010168437256130685,108
american institutions,0.0010166916662855093,101
proposed restriction,0.0010157409022817203,109
networks,0.0010157062691370684,120
teach,0.001014799395725285,91
positive,0.0010146268920287744,103
global reputation,0.0010144005615430533,109
dhs should withdraw,0.0010142646918165068,114
create unnecessary uncertainty,0.0010142190203860206,107
should remain,0.0010122121660731279,120
innovation ecosystem,0.0010119151737440866,134
talent away,0.0010118852005564455,91
edge research,0.0010117734713090613,109
fostering,0.0010111058185190904,117
harassment,0.001011091378677969,177
degrees same level,0.001010863310890759,120
education united,0.0010106381248463066,111
education united states,0.0010106381248463066,111
file extension,0.0010099764089154632,129
areas like,0.001009575672501258,105
meanwhile,0.0010094794509465427,166
pay tuition,0.0010093454757175426,91
academic progression,0.0010092463553532448,125
filed,0.0010089551957778776,159
career paths,0.0010087947290764122,101
visa uncertainty,0.0010087370070945884,125
executive,0.0010085776292625315,171
patients,0.0010085534033140008,71
caps,0.001007895981036449,126
education not,0.0010074517862315483,88
ability stay,0.0010074429887641121,85
started,0.0010073640354417077,100
due process,0.0010065214971457185,79
sustainable,0.0010062567936416557,91
year period,0.0010059805564716273,114
restrictive policies,0.0010050666484652012,105
groundbreaking,0.001004799825221922,114
students both,0.0010046505250668862,146
final,0.0010044614236912107,109
students enrolling,0.0010039990490719579,108
leadership global,0.0010037216954497377,116
contrast,0.001003456346350898,135
nearly billion,0.0010032631682681107,126
reliance,0.0010028099511285747,103
fixed visa durations,0.0010017990783149817,105
limit ability,0.0010014973290092461,85
fair efficient system,0.0010014613247048417,178
engaged,0.0010011505701212188,127
education economy,0.0009998017962239696,111
discourage talented students,0.0009995761085061523,97
supporting over,0.0009994709526922564,121
relevant,0.0009984834603530563,106
freely,0.000998075208725054,99
foreign journalists,0.000998048156514275,64
frameworks,0.0009976687481375948,136
response,0.0009976329832533824,116
efficient system international,0.0009973680436976145,179
bridge,0.0009971711463386346,116
academic students exchange,0.0009967773534722713,112
increased administrative,0.000996763806906484,143
such canada australia,0.0009967502508959095,140
students stem,0.000996325898744338,131
processing backlogs,0.0009958087513263691,139
conducting,0.0009958037730946842,121
innovation research,0.0009957234014163834,117
inefficient,0.000995563276179551,116
keeps,0.0009951281647171337,86
basic,0.0009947884000224036,80
affects,0.0009947060201678294,109
projected,0.0009946383340614792,125
frequent extension,0.000994530114510491,134
transfer programs,0.0009942539932443993,180
without clear,0.0009942163561007568,130
brilliant,0.0009941851833309453,82
economic harm,0.0009940300222403818,129
all over,0.0009934378000043625,75
coming here,0.000993306572519224,82
workforce needs,0.0009931978104090102,121
status while,0.0009931754582188624,121
urge dhs maintain,0.0009925336357902792,97
allowing students,0.000992521720555845,112
puts,0.0009924192990752897,78
federal government,0.0009924138317414892,83
adequate,0.000992182721417761,119
present,0.0009921750944546456,98
institutions often,0.0009920485924302981,177
doctors,0.0009918061021564912,69
losing valuable,0.000991543624120578,178
more than one,0.0009912370693753948,96
fall out,0.0009910488370117668,131
global leader higher,0.0009907447924991154,128
recommend dhs,0.0009900150926721914,126
city,0.000989979527317695,81
nafsa international students,0.000989977281058687,130
talent other countries,0.000989746978891788,98
initiatives,0.0009897304228813388,115
measure,0.000988983501930698,104
end duration,0.0009883569957575996,98
transitioning,0.0009879824599560271,132
surge,0.0009875684025648682,180
starting,0.0009872050716942375,102
not always,0.0009867783158764877,104
introduces unnecessary,0.0009860795159701394,121
choose other countries,0.0009859987445271193,107
rule harm,0.0009859156776417099,100
visitor,0.0009848561457289553,103
student may,0.000984191625612687,105
good faith,0.0009835516357470952,112
time degree,0.000982911278973395,110
students must,0.0009826695570987888,115
even longer,0.0009819117747688066,128
retain duration status,0.0009818913861843288,134
protection,0.0009812857177714598,95
state university,0.000981183517304307,85
shortsighted,0.0009810446156562505,94
international students but,0.0009810122677037323,87
data shows,0.0009808157987335514,131
anything,0.0009805859407556632,78
cutting edge research,0.0009805703750704142,103
balances,0.000980395659051726,117
rule should,0.0009802359012846776,78
nearly jobs,0.0009800455883045764,106
comment strong,0.000979800157430229,149
american research,0.000978906080545714,95
doctoral education,0.0009787827162068578,113
imposing arbitrary,0.0009782032437147942,116
benefiting,0.0009781795591891056,101
students please,0.0009775918528939116,136
departments,0.000977462212498869,100
harm international,0.0009767493346360498,119
highlights,0.0009765466832855845,124
poses,0.0009758710416075883,109
humanities social,0.0009756591076278752,130
does not reflect,0.0009750396912910889,124
dollars annually economy,0.0009749587945190161,128
guarantee,0.0009748505846308607,105
size,0.0009747268591293462,123
widespread,0.0009743940168443104,138
comment strong opposition,0.0009735371577314038,148
meaning,0.000973329033798033,171
expressing,0.0009726452127277257,134
damages,0.0009721800993939707,98
students proposed,0.0009721481783570005,131
disregards,0.0009719424287672664,116
action,0.0009715892336557508,82
programs research,0.0009714737588212864,100
preparing,0.0009709585066612501,113
inherently,0.0009709308308699224,113
thirty,0.0009708663929919005,119
disease,0.0009706360830932613,162
layers,0.0009697702146283942,107
individuals choosing,0.0009696551464655722,106
american families,0.000969361734455063,79
fails account,0.0009689668533077158,134
five six years,0.0009688877413883684,113
creating unnecessary,0.0009686382641134557,115
replacing rigid,0.0009685740828680648,120
further education,0.0009684482896659314,102
issues like,0.0009683354019319182,177
global standing,0.0009681896237966215,120
goodwill,0.0009681466728629647,113
signal,0.000968123502711785,116
risking,0.000968040905127393,107
reducing grace period,0.0009676947991135776,116
necessary preserve,0.000967624363607908,174
steps necessary,0.000967624363607908,174
steps necessary preserve,0.000967624363607908,174
take whatever,0.000967624363607908,174
take whatever steps,0.000967624363607908,174
whatever steps,0.000967624363607908,174
whatever steps necessary,0.000967624363607908,174
appears,0.0009675703820232532,107
prospective students,0.0009672370014230257,122
impacting,0.0009672128457977095,96
proposed rule impose,0.0009670881631858808,118
dollars economy,0.0009667378359827011,105
extend stay,0.0009664119382010319,82
fixed year,0.0009662186575680669,88
over time,0.0009660222227297541,96
global influence,0.0009659737209631617,102
particularly those,0.0009657184787944214,118
proposal instead,0.000965585009347192,147
quantum computing,0.0009655730580310583,100
uncertainties,0.00096554916596824,94
targeting,0.0009653129967573592,113
directly harm,0.0009652396815693871,112
impose unnecessary,0.000964922210357052,131
short term,0.0009648323231234438,95
university strongly,0.0009647185145682986,114
maintain duration,0.0009646379096122227,124
actors,0.0009644969517181825,114
landlords,0.0009639525981212642,81
homeland security dhs,0.0009635090647180291,140
problematic,0.0009621082215029841,121
research continuity,0.000962094663829469,115
sevis already provides,0.0009620637826067697,127
financial burdens,0.0009618578101736756,118
education international students,0.0009618563268247775,125
respectfully submitted,0.000961110889801826,158
line,0.0009604658556723485,86
rule preserve,0.0009603488611287892,121
program same lower,0.0009601436480444588,119
graduate students changing,0.0009600656824189065,132
followed,0.0009599237196667985,107
necessary preserve current,0.000959072466794722,173
cpa,0.0009590499655862296,43
program extensions,0.000958344230609309,129
programs united,0.0009582108422032125,119
can complete,0.0009581491583649334,105
professors,0.0009581283078808875,79
appreciate,0.0009576310177993075,98
economic interests,0.0009568450064992809,113
incompatible,0.0009567872960218843,119
supporting over jobs,0.0009562158325049834,114
climate change,0.0009556206163255274,135
transferring programs,0.0009555756274472394,175
acquisition,0.0009545578890184223,100
academic timelines,0.0009545386788823129,112
consistent,0.0009544103545427473,122
competitiveness global,0.0009542289517310391,119
currently studying,0.0009538963960302868,105
inefficiencies,0.0009537437466964908,123
graduate school,0.0009534170186360601,87
cap pp,0.0009531347090729703,91
cap pp 118,0.0009531347090729703,91
both students institutions,0.0009530651434211188,103
programs united states,0.0009528991159182145,118
cut off,0.0009525378627737197,94
harm both,0.0009524875004405317,98
global leader education,0.000952077428845234,110
highest,0.0009515206473593452,156
students rule,0.0009509310343805325,105
control number director,0.0009509156247810583,113
number director,0.0009509156247810583,113
serves,0.0009508465344864082,113
rule eliminating,0.0009508013505274765,133
attractive destination,0.0009504623967922525,112
post study work,0.0009501895371717218,130
sustainability,0.0009491695081545522,95
backbone,0.0009491437870276832,98
work travel,0.0009489224564530904,91
welcoming supportive,0.0009486288553266654,136
demonstrated,0.000948196915161881,118
preparation,0.0009479099615748244,100
limiting ability international,0.0009472735706427503,171
reach,0.0009471651191904313,99
narrow,0.0009471061610007083,112
dhs own,0.0009469983525229302,142
submit comment strong,0.0009467000549722073,143
pursuing advanced,0.0009456851300050608,110
operating,0.0009454327824206263,134
smaller,0.0009451773635419776,103
uncontrollable,0.0009451693416212297,172
destination global talent,0.0009450797419327985,114
admission periods nonimmigrants,0.0009449156987239039,133
same lower academic,0.0009445534377557354,104
programs creates,0.000944345871059502,173
backlogged,0.0009440613571761069,110
fall out status,0.0009437707566195502,122
duration fixed,0.000942450782467382,101
critical role,0.0009421269976983489,95
approvals,0.0009421184337106891,113
moment,0.0009420168420581895,122
card,0.0009415412590324172,77
known,0.0009413016019686751,89
universities local economies,0.0009406802165572985,108
summer work,0.0009404554725483036,89
stifle,0.0009391880613538613,99
decade,0.0009391200805276772,118
different field,0.0009389239555832863,96
revise proposal,0.0009388498186114611,129
visa renewals,0.0009386717950209995,99
one year,0.0009386325921463205,93
penalize,0.0009384055265164185,121
outcome,0.0009382301408872234,107
substantially revise,0.0009382098859151134,146
senior,0.00093758292877051,107
minor,0.0009375188600584674,115
directions,0.0009373612736610277,92
needless,0.0009370242744987925,95
international students pay,0.0009369471195514625,80
excessive,0.0009368603238627377,112
many academic,0.0009352870782371797,106
small business,0.0009350667073876174,80
base,0.0009343150589389194,109
corporations,0.0009341664538982138,85
error,0.0009332097132116475,113
marketing,0.0009331584214583071,51
placing,0.0009331188132374753,88
trained graduate,0.000932783641973072,170
both international,0.0009327686376477933,93
undergraduate students,0.0009325829295721666,81
summer work travel,0.0009324234328285511,88
shorten,0.0009324069359731914,110
programs such,0.0009318569602375598,112
those students,0.0009318440326038439,76
aligns,0.0009318263834086262,103
urge policymakers,0.0009315922757213301,102
denials,0.0009314222134233166,116
status model,0.0009312272269310197,110
significant economic,0.0009305324300349909,113
academic paths,0.0009302692510554978,107
risks losing valuable,0.0009301460025941434,170
according nafsa international,0.0009300242195156503,119
travel program,0.0009296177639495544,87
restricting ability,0.0009291338937384776,108
steady,0.0009291327128075121,101
demonstrate,0.0009284783394037705,128
requiring students,0.0009282298794577375,112
bullying,0.0009281792975888757,169
congress,0.0009280443186589437,90
data driven,0.0009269416624891324,125
change transfer,0.0009268861043553447,170
hours,0.0009267258898198533,149
canada united,0.0009266766595082012,139
canada united kingdom,0.0009266766595082012,139
urge preserve current,0.0009258657783102512,134
current day,0.000925156937292393,124
work travel program,0.0009249207759341618,86
talented individuals choosing,0.0009248103339728053,99
unworkable,0.0009246709554402954,112
these provisions,0.000922544488482746,133
time students,0.0009224380742457153,86
prematurely,0.0009223910270970076,107
spirit,0.0009222574143696607,81
immigration studies,0.0009222551809986842,85
world class,0.0009211749042195124,103
over billion economy,0.0009211651807386085,112
research teaching,0.0009210608878303162,98
beginning,0.0009200042000055071,104
pursue education,0.0009199027043671524,91
cornerstone,0.0009197595102722444,119
making harder,0.0009195165103360511,88
period these,0.0009194001360658027,98
earning,0.0009189421243750509,92
international students can,0.0009189412773581021,80
maximum four,0.0009188176136696692,125
students already face,0.0009182655592406416,98
most often,0.0009181516162030149,167
publish,0.0009174577420215232,101
field study,0.0009172638763675736,86
certificate,0.0009169930375624548,80
amendment,0.0009167234721078166,65
blocks,0.0009162826223411097,84
students graduate,0.0009162792618687189,98
change transfer programs,0.0009159522046546649,168
how much,0.0009158520615601868,139
rarely,0.0009156014476601025,101
check,0.0009155201330792775,89
property,0.0009154060828369136,90
advanced manufacturing,0.0009147528791616562,95
change programs,0.0009147065715014936,93
creates uncertainty,0.000914167842697928,112
pursue another,0.0009138363685861662,86
approaches,0.0009137377694183205,131
brought,0.0009133907106832914,76
dependent,0.0009133308799628943,99
students research,0.000913149421195567,101
good standing,0.0009129948151836866,111
resilience,0.0009128908799521565,99
students critical,0.0009128557495004145,103
these proposed changes,0.0009128045980858804,87
duration status model,0.0009127987677061602,108
well beyond,0.0009124567326253694,105
center immigration,0.0009119759942607347,84
center immigration studies,0.0009119759942607347,84
international phd student,0.0009115535065363804,86
years forcing,0.0009114489460564319,100
higher education innovation,0.0009114380772676215,119
national competitiveness,0.000911171475440987,126
without improving,0.0009105242882646496,104
firsthand how,0.000909953762257232,91
ina,0.0009098609739393332,85
students essential,0.0009097726407494661,104
penalties,0.0009088592915761784,125
consumer,0.0009087595021232006,84
research intensive,0.0009087476154366374,107
dhs retain,0.0009082516535570316,116
higher tuition,0.0009081063364055155,90
attractive compared,0.0009079743442361874,101
less attractive compared,0.0009079743442361874,101
distinct,0.0009069610068408146,94
level program,0.0009068643383701243,113
otherwise risks,0.0009068265669989009,166
often due,0.0009066787162130129,168
remain available,0.0009066292777990215,167
procedural,0.0009064884527011444,94
rely heavily international,0.0009058891102005136,112
energy technologies,0.0009057442264155604,161
ability international graduate,0.0009053179159023438,167
governments,0.0009041854310287517,102
race,0.000904162413712562,77
altogether,0.0009039763195342916,85
includes,0.0009038340177024257,108
students policy,0.0009034003992296444,84
students more,0.0009031520239639739,97
purposes,0.0009030517233012404,147
valuable trained,0.0009029467837762989,164
thirty days,0.0009028838668111649,110
programs institutions often,0.0009026980517310558,166
students change transfer,0.0009026591233556713,166
intellectual capital,0.0009025531164997218,80
iie,0.00090241529893338,127
sequential,0.0009019770782718506,93
generations,0.0009017273373595031,80
comment expressing,0.0009016127790162322,126
submitting comment expressing,0.0009016127790162322,126
collection,0.0009011400247345721,103
student population,0.0009009678829529656,97
supportive system,0.000900910410777625,131
skilled professionals,0.0009007340325147608,85
came here,0.00090064772414669,76
establish fixed,0.0008999622567861159,84
stressful,0.0008998213306896942,92
otherwise risks losing,0.0008995968337619795,165
furthermore limiting,0.0008993544030763148,166
paid,0.0008985840871549753,76
realistic,0.000898216114305069,98
supportive system international,0.0008979563685601625,130
through second,0.0008978411321701222,104
negatively affect,0.0008977331118511768,87
periods admission,0.0008977177428984428,93
choose study,0.0008975976877946167,97
harassment bullying,0.0008975408222246658,165
maintained,0.000897499404648809,110
these policies,0.0008970001876153236,81
rule force,0.0008965080349095475,112
investments,0.00089614186967486,92
american companies,0.0008961394545104417,82
violation,0.0008960264618261172,87
proposed rule eliminating,0.000896012360427788,125
near,0.0008959586117007327,80
trained graduate students,0.0008959426567845601,165
due uncontrollable,0.0008957700986318956,165
due uncontrollable circumstances,0.0008957700986318956,165
uncontrollable circumstances,0.0008957700986318956,165
buffer,0.0008957167522370352,85
similarly,0.0008956290331546684,108
university strongly oppose,0.0008955811557561057,104
ph student,0.0008955440990050824,88
last resort,0.0008954367029307591,165
last resort most,0.0008954367029307591,165
most often due,0.0008954367029307591,165
resort,0.0008954367029307591,165
resort most,0.0008954367029307591,165
resort most often,0.0008954367029307591,165
transferring programs institutions,0.0008954367029307591,165
level lower,0.0008953905112787547,102
updates,0.000895323892278731,112
burdens both,0.0008946535218472946,95
pursuing another,0.0008945725131219842,86
machine learning,0.0008945558789392265,83
duration framework,0.0008935085004382234,111
beyond control,0.0008932243765738423,103
students flexibility,0.0008917004900234358,100
institutions often last,0.0008914668057897209,164
often last resort,0.0008914668057897209,164
declining,0.0008909106651794386,102
engineering computer,0.0008909037791202263,114
welcoming supportive system,0.0008908135583132073,130
economy according,0.0008906181849341094,113
pharmaceutical,0.000890545475775215,42
rule eliminating duration,0.0008905250225894954,124
wouldn,0.0008904915765581322,130
consultant,0.0008904610303952402,123
showing,0.0008901657709676165,96
roughly,0.0008900319800164643,103
high skilled,0.0008898471673912097,106
vary,0.0008895976122528634,91
personally,0.0008892138713633484,94
furthermore limiting ability,0.0008891138664244478,164
indicates,0.0008890971237636192,119
circumstances must,0.0008890532840312492,164
circumstances must remain,0.0008890532840312492,164
must remain available,0.0008890532840312492,164
often due uncontrollable,0.0008890532840312492,164
uncontrollable circumstances must,0.0008890532840312492,164
leadership education,0.0008886507134135883,102
provide welcoming,0.0008876474563970605,130
provide welcoming supportive,0.0008876474563970605,130
about proposed rule,0.0008874941831997431,91
expressing opposition,0.0008874474472891965,124
expressing opposition proposed,0.0008874474472891965,124
fixed end dates,0.0008873544764660516,93
attracting top,0.0008873022970775006,95
additional extension,0.0008868415683290036,113
office,0.0008866044026112701,92
register,0.0008862327530003659,95
mechanical,0.0008861690122615071,88
completion grace,0.0008856809968538451,123
post completion grace,0.0008856809968538451,123
exceed four,0.0008853984444159474,113
related fields,0.0008850285943754631,98
industries like,0.0008849136448708151,84
losing valuable trained,0.0008847722120870149,163
valuable trained graduate,0.0008847722120870149,163
stress students,0.0008847319806379394,98
term economic,0.000884593768891318,113
student exchange,0.0008844359523442036,157
formal,0.0008842009985012096,99
resident,0.0008839430910256603,81
additional vulnerabilities,0.0008837517247645003,163
additional vulnerabilities issues,0.0008837517247645003,163
creates additional vulnerabilities,0.0008837517247645003,163
programs creates additional,0.0008837517247645003,163
transfer programs creates,0.0008837517247645003,163
vulnerabilities issues,0.0008837517247645003,163
thousands international,0.0008833790930306548,98
petitions,0.0008830987918937313,100
competing countries,0.0008830008968465637,102
sevis monitoring,0.0008825539268925827,125
deadline,0.0008824327455143886,92
more than billion,0.0008823106434767442,103
than billion,0.0008823106434767442,103
delaying,0.000882146391739235,100
continue provide welcoming,0.0008820330769417565,129
challenging,0.0008819927507279535,76
studies research,0.0008813242701496182,95
faculty member,0.0008811994865245928,78
same academic,0.0008811874198323784,89
one size,0.0008809562347670886,108
research funding,0.0008808639283711518,93
states forcing,0.0008808148102782519,131
united states forcing,0.0008808148102782519,131
position global leader,0.0008807789270436735,97
industrial,0.0008805446755229058,77
statutory,0.0008800516443017285,74
replacing fixed admission,0.0008799892230356548,107
brings,0.0008799389192907099,84
timeframes,0.0008798082831065172,111
abiding students,0.0008793223239085227,116
universities but,0.0008783496505462314,101
granted,0.0008782540536713579,81
students support,0.0008780911593138996,103
pose,0.0008777454621523687,101
particularly stem fields,0.0008776113814554001,112
america position,0.0008771694671116587,109
available otherwise,0.0008771515008640532,162
available otherwise risks,0.0008771515008640532,162
remain available otherwise,0.0008771515008640532,162
period students,0.0008763543896853067,113
net,0.0008760742960062899,90
degree program,0.000875984002431832,88
long term economic,0.0008757944162211953,111
exceeds,0.000875793299180862,104
dhs estimates,0.0008757301233944232,141
end duration status,0.0008755610500359491,83
leaves,0.0008752796518913722,93
international students play,0.0008750308121406135,102
assistant,0.0008746761466448008,87
billions dollars economy,0.0008746559491013898,96
law abiding students,0.0008745883016769579,115
exchange visitor,0.0008744298692836762,91
vibrant,0.0008744079175670206,92
inadvertent,0.0008742014448908948,124
outweigh,0.0008740640401792109,118
issues like harassment,0.0008738916694752002,161
like harassment,0.0008738916694752002,161
vulnerabilities issues like,0.0008738916694752002,161
wide,0.0008737499251446759,91
pursuing additional,0.0008737129281342766,98
north,0.0008732385596607528,36
training programs,0.0008731591484602999,86
previous,0.0008731054745476188,141
reasons strongly urge,0.0008729198253035536,113
graduation work,0.0008728532456257189,123
criteria,0.000872826397402173,119
years finish,0.0008728198328399702,80
best minds,0.0008724774583230819,82
scholarship,0.0008722783381554282,79
proposed fixed admission,0.0008721844166944658,127
subsidize,0.0008719535873039266,107
type,0.0008716637979867368,68
together,0.0008716216714112456,75
managing,0.0008711156923310675,101
many students pursue,0.000870857530639223,97
completion grace period,0.0008708394486800806,120
australia actively,0.0008707873280634318,108
innovation international students,0.0008704610770286645,102
safer,0.000870399834965586,77
without constant,0.0008702488232788624,103
route,0.0008699380309790934,107
comment expressing opposition,0.0008699036941425783,121
blanket restrictions,0.000869726382007329,121
co,0.0008694944770947468,92
materials science,0.0008694925490478072,81
rule maintain,0.0008694667014387713,108
according national science,0.0008693195225235453,126
like harassment bullying,0.000869091100417535,160
undue burden,0.0008690587654276822,92
fieldwork,0.0008689468441921141,108
policy not,0.0008687897892323423,77
speech,0.0008687454422108818,52
percentage,0.0008684739681018268,74
racism,0.0008683585249672157,116
duration visa holders,0.0008680698733270354,94
deter talented,0.0008678182659234299,110
influx,0.0008677807207462532,83
such policy,0.0008671047623814231,81
other ways,0.0008670664567755359,123
reconsider proposed,0.0008669818646858511,104
host,0.0008669149933344997,100
comment opposing proposed,0.0008663307297571387,143
rule represents,0.0008662678768832604,123
running,0.0008661748585899901,77
educational pathways,0.0008657353603586887,107
populations,0.0008657216174679351,99
fits all,0.0008656322480597322,105
one size fits,0.0008656322480597322,105
size fits,0.0008656322480597322,105
size fits all,0.0008656322480597322,105
visa duration,0.000865601960985163,76
practical alternatives,0.0008650002279767642,160
investing,0.0008646482672816338,85
singapore,0.0008646009227074942,99
depart,0.0008645231535863306,98
place undue,0.0008644326210620887,68
first degree,0.0008635638136132266,101
harm higher,0.0008629352091915564,111
harm higher education,0.0008629352091915564,111
payroll,0.000862642330141933,42
trigger,0.0008623857577997266,114
stem phds,0.000862267685967994,79
remain competitive,0.000862171439586194,83
burden uscis,0.0008619683169022597,99
three years,0.0008617420577159627,101
existing sevis,0.0008616088930196715,121
extensive,0.0008614266616161374,100
board,0.0008613478580413242,101
alongside,0.0008613455329187387,82
community college,0.0008601511105422933,69
schedules,0.0008601326230511791,100
makes harder,0.0008600779945146285,78
asset,0.0008599277886677348,103
doctoral studies,0.0008598832819053778,92
worked effectively,0.000859724019825727,93
restricting students,0.0008595781584470281,87
capabilities,0.0008588038903242562,94
helped,0.0008582839989372454,79
bachelor degree,0.0008580699234695425,82
licensure,0.0008575255383254339,68
writing voice,0.0008572550775135137,145
proposed iii,0.0008571440858513459,52
fixed stay,0.0008565457399609844,77
massachusetts,0.0008563826168428115,111
fill critical,0.0008562134143009959,103
role global,0.000855911470290207,89
means fewer,0.000855204172222699,81
uncertainty about,0.0008551872236973122,95
oversight through,0.0008548999264823266,118
strongly urge department,0.0008546706128013131,105
citizenship immigration,0.00085416686357078,120
citizenship immigration services,0.00085416686357078,120
foreign students exchange,0.0008540928210182075,126
system fixed,0.0008538110895954184,102
conditions,0.0008537649836843955,94
moves,0.0008536589830537121,95
nearly million,0.0008535898916132182,109
ph program,0.0008533585633418137,74
more supportive,0.0008531245707011517,79
instead focusing,0.00085302664648891,80
recognized,0.0008522979640223867,107
practices,0.0008522139275574799,91
undergo,0.0008514767817980224,102
attracting global,0.0008514615771260476,111
neatly,0.0008512696155640499,99
american education,0.0008507845588672644,80
year supporting,0.0008507093994371012,94
ability attract top,0.0008505963451285665,87
median time complete,0.0008503185246719445,81
exceed four years,0.0008493891553595711,106
does not align,0.0008488751314780272,92
declines,0.00084860535680637,108
removes,0.0008483896850019481,86
students maintain,0.0008483045099146167,97
preserved,0.0008480332546187837,108
engine,0.0008479392775929308,100
more effective,0.0008479038924460864,118
parties,0.0008476567076823994,105
one million,0.0008470745772509701,102
heavily international students,0.000847060860043335,97
every day,0.0008468277256968139,78
learners,0.0008468206073548221,88
lengthy,0.0008466112341282712,86
maintains,0.0008465468461391639,112
take jobs,0.0008465080184041127,123
prohibit students,0.0008464990130529339,104
justified,0.000845676716282985,99
organizations,0.0008447413347255316,93
permission remain united,0.0008446566371636058,126
states forcing visa,0.0008446566371636058,126
grace period these,0.0008442930648536345,87
exceptions,0.0008442492881382406,76
committed,0.0008439338455340171,85
engineering computer science,0.0008435262587893285,109
post graduation work,0.0008432365902995863,118
withdraw substantially,0.0008429381376706111,128
considering comment,0.0008426384533091719,100
fuels,0.0008425110323783995,100
even though,0.000842505113446903,80
sweeping,0.0008422660448407196,115
educational objectives,0.0008418848706227168,86
especially stem fields,0.0008418226544189947,108
identify,0.0008415769795165255,118
level study,0.000841503333291139,78
students through,0.0008412870936057148,87
academic environment,0.000840972248426778,93
status policy international,0.000840873534930084,108
years work,0.0008408145415496419,89
border,0.0008406118084546489,77
contributed nearly,0.0008405470962833446,98
new extension,0.000840457752128019,110
solving,0.0008403764538772289,82
talent strategy,0.0008395800909608638,122
maintain day,0.0008395605744459478,105
limit students,0.0008395549256739762,78
through uscis,0.0008393898018537206,99
innovation competitiveness,0.0008392386404250133,91
143,0.0008391758591557127,41
pathways international,0.0008388765894757283,103
produce,0.0008387051919545819,77
typically require,0.0008385422236073694,93
contribute research,0.0008383061499891609,79
students ability pursue,0.0008382848297684267,97
allowing international,0.0008380179760243247,110
interdisciplinary expertise,0.0008379990598661836,99
new visa,0.0008375617119663664,79
security benefits,0.0008373328556674835,108
modeling,0.0008372845194734384,101
returning,0.0008372829421033428,90
harm international students,0.0008371894773941016,101
constitute,0.0008371621363555753,108
tens billions,0.0008370578929980089,106
term visas,0.0008370573102377726,58
constant fear,0.0008367301790300403,92
creative,0.0008364930906124711,52
fewer international,0.0008364512914979339,82
periods visa,0.0008361861217816056,92
homeland security submitting,0.0008361703717728269,115
security submitting,0.0008361703717728269,115
founders,0.000835802203208234,80
addressed,0.0008357777328091024,104
international collaboration,0.0008355171650741333,92
choosing institutions,0.000835515437903052,100
voice opposition,0.0008351940115324458,139
international students choose,0.000835062678211239,95
prohibits,0.0008350216055139953,109
deter international,0.0008348734184573649,83
protect national,0.0008348412829371747,132
administrative delays,0.0008343402601581869,102
notice,0.0008342470488710445,108
million annually,0.0008340630359922325,116
only harm,0.0008338515522009551,85
level after,0.0008338282132743707,100
sensitive,0.0008335582396758332,86
underserved,0.0008335226387103408,84
often exceed,0.000833416141485018,105
notes,0.0008331325952079961,114
strongest,0.0008323886542345351,87
basis discourage,0.0008321291255693898,122
basis discourage international,0.0008321291255693898,122
frequent basis discourage,0.0008321291255693898,122
thank considering comment,0.000831938508682841,99
more balanced,0.0008318083083748365,107
graduate study,0.000831651580700242,87
research university,0.0008314004402809517,87
security submitting comment,0.000831057432153814,114
cover,0.000829921467212968,89
trajectories,0.000829682846062071,106
economy supported jobs,0.0008294629757996858,111
significant administrative,0.0008293211872538677,93
both international students,0.0008293043942739836,80
humanities social sciences,0.0008288198774875468,105
educating,0.0008287051035793721,123
same academic level,0.0008285219795741352,82
competition talent,0.0008283727663418473,99
structured,0.0008283466696219319,92
layer,0.0008283055837939776,93
extension processes,0.0008277854574060998,108
programs not,0.0008277007548482193,81
vaccines,0.0008273975759562714,121
loses,0.0008273654079055801,74
conflicts,0.0008272894505538406,95
appear,0.00082714141451806,145
please take,0.0008270101277107773,142
insight,0.0008267588603048719,124
hub,0.0008264512835924971,91
periods visa holders,0.0008262885300635595,91
same level degree,0.0008258529236396316,75
improvements,0.0008256651409903943,109
retain global,0.00082560044395121,95
high risk,0.0008255422604281191,104
community colleges,0.0008255070759665862,72
restricting international,0.0008243787284921837,94
proposed reduction,0.000824291884646792,104
across multiple,0.000824205645030469,91
sake,0.0008241776575000502,77
validity,0.0008239921915456754,69
extending,0.0008239505736800262,84
programs many,0.0008239223422076628,92
urge dhs retain,0.000823711949088049,102
global perspectives,0.0008236764500561762,81
security but,0.0008235809179973208,93
students frequently,0.000823297305339287,94
students represent,0.0008231845634798677,99
burdens international students,0.0008231721761329976,75
nonimmigrant students,0.0008229628900638198,107
programs stem,0.0008226832366372838,105
voice opposition proposed,0.0008223894029317011,138
foreign born,0.0008223804317969447,93
cites,0.000821669250286691,123
level while,0.0008216547018532938,76
average time,0.0008215131092847899,77
last year,0.0008211803507300991,87
proposals,0.0008208857860090416,80
double,0.0008206097508128957,76
completing first,0.0008205985875006846,101
compared other,0.0008199356488276907,84
student currently studying,0.0008198911480421425,89
state department,0.000819783690561138,111
six years complete,0.0008194089052485423,100
administrative costs,0.000818561293133378,105
educators,0.0008183280728613345,101
maintain day grace,0.0008182775708655911,100
surrounding,0.0008180645445818747,80
research progress,0.000818029855204551,78
streamlining,0.000817916472809953,97
agricultural,0.0008177800524914635,49
electrical,0.000817737019409783,87
analyst,0.0008169587883405563,83
only students but,0.0008168102575456549,102
degree completion,0.0008167225091634599,94
dismantling,0.0008165296281452094,107
how international,0.0008159781105468182,80
capable,0.0008159206433412259,81
exists,0.0008153723951595222,136
documentation,0.000814824206593931,89
laboratories,0.000814799710408033,93
adds unnecessary,0.0008140773728939413,84
exceeding,0.0008138804447938533,108
principle,0.0008135832252073313,89
employee,0.0008125656398172945,67
finances,0.0008114903689670244,85
withdraw substantially revise,0.0008113495305604329,124
students pursue additional,0.000810962846038879,91
programs same,0.0008108746977034077,96
status due,0.0008106354420399968,90
thousands international students,0.0008104845783416227,88
sustains,0.0008099603477201425,85
proper,0.0008097825512480935,71
chilling effect,0.0008097692916800811,96
commitments,0.0008094904509587174,95
transparent,0.0008091459155503067,104
improve oversight,0.0008086259139484323,108
merit,0.0008086188507287237,84
students fixed,0.0008086119435117154,88
combine,0.0008084624001656706,90
discouraging international,0.0008084550055720122,82
students cannot,0.0008083393010170745,85
extensions mid,0.0008082286660888481,95
discrimination,0.0008071412575745512,71
years more,0.0008071171482653747,82
professional growth,0.0008071086590078712,93
visa expiration,0.0008067831653660625,89
ban second master,0.0008063311177285813,84
allowing international students,0.000806282358541422,105
ways improve,0.0008061475601985897,119
thrives,0.0008057444969093323,81
weakening america,0.0008056689585054466,86
constitutional,0.0008054918115514947,65
wages,0.000805442638570424,60
another program same,0.0008053867102404446,93
unstable,0.0008045056838715775,86
deny,0.0008042804754135578,75
texas,0.0008037602591269034,61
worsening,0.0008037162730631309,91
obligations,0.0008030878343003567,98
mechanism,0.0008028305856677366,95
doctoral degrees,0.0008028258502782497,78
departures,0.0008027649763809925,97
employment authorization,0.0008026225729343415,100
rent apartments,0.0008025668499744278,82
fiscal,0.0008022262004808553,69
oppose department,0.0008022129437824342,117
technology healthcare,0.0008021393698498983,93
students often pursue,0.000801270537060882,89
housing local,0.0008010269625209356,103
bans,0.0008009373364094542,89
acquire,0.0008008954348926291,83
unintentionally,0.0008006190588528122,86
operate,0.0008005570064470619,90
undermines very,0.000800110233306989,92
may choose,0.0007997930791611831,88
contrary,0.0007997483557065912,98
significantly economy,0.0007996961470916326,98
responsibly,0.0007996514067407446,88
writing voice opposition,0.0007993928590054179,135
publications,0.0007991695685469736,94
poor,0.0007991220297570197,76
system allows,0.0007990824885457203,90
students contributed nearly,0.0007990759734686942,91
retain current,0.0007990745969267807,100
continue studies,0.0007989347807663579,80
these costs,0.0007988299907359272,118
dean,0.0007985836649609337,80
faced,0.0007984167718403736,86
regularly,0.0007982742722974248,85
both academic,0.0007981985259984126,85
less advanced,0.000797585702440054,104
although,0.0007972232604468074,78
healthcare technology,0.0007966222854780905,80
oppose department homeland,0.0007963911781844622,116
global talent strategy,0.0007961337059176425,115
events,0.0007959890220680494,88
uphold,0.0007956282552433091,91
retrain,0.0007955787864155851,87
retain top,0.0007954619205273604,89
preventing students,0.0007952626116522505,90
four year maximum,0.0007950932137319055,102
claims,0.0007950283058198412,95
admission periods visa,0.0007946108254046175,89
responsibilities,0.0007945601228651986,91
year admission period,0.0007943742672136112,105
reported,0.00079435212928475,100
attracting global talent,0.0007942753280480669,103
should retain,0.0007941766834180624,117
research often,0.0007936628438396928,84
pursuing multiple,0.0007936317580374146,85
five seven,0.0007935242386139735,106
period stay,0.0007932391271911248,75
avoidable,0.0007923090883848297,96
many other ways,0.0007921604282365403,118
arbitrary time,0.0007918974811213792,89
funded research,0.0007913173526633008,95
whether same,0.0007913030147380692,107
deepen,0.0007912129594897449,87
diminished,0.0007909424730147522,91
concerns regarding,0.0007909309493639382,94
balanced approach,0.0007906264614026913,104
defined,0.0007905347818183766,81
driving away,0.0007903445926612151,79
rigid admission,0.0007898157440952186,102
undermines america,0.0007896140494304925,89
provide fair,0.0007893886364265108,141
interrupting,0.0007890606659637796,84
jobs education,0.0007888779015719032,84
protect national security,0.0007886693792744996,124
allow second,0.0007883222583663467,91
crisis,0.0007870514791284908,77
approximately billion,0.0007870504053610982,94
lacks,0.0007869024295916963,93
web,0.0007866991308736248,39
rigidity,0.0007866674546490853,96
student spending,0.0007864676692986363,93
cpt opt,0.000786414291344604,68
hospitality,0.0007860812227990672,91
other ways improve,0.0007859950397964034,116
rely international students,0.0007859323583630629,82
college towns,0.0007854247983866842,80
diminishes,0.0007850139380712704,94
than imposing,0.0007850106952776091,114
while maintaining,0.000784793938879763,102
retain global talent,0.0007846609594586976,87
doctoral research,0.0007845316771675225,84
extension requirements,0.0007844656353791657,94
ability remain,0.000783959550129487,88
not improve,0.0007839440604328868,87
talented students choosing,0.0007839386606045854,82
skilled talent,0.0007836123719422472,96
duplicative,0.0007835750441640282,97
diverts,0.0007834969609809489,100
level programs,0.0007831658405110962,81
reform,0.0007829184241780905,69
areas such,0.0007827540286327767,97
significant financial,0.0007827533214644863,99
states global,0.0007824837943752947,97
united states global,0.0007824837943752947,97
penalized,0.0007823733003987479,101
students changing programs,0.0007821478327123923,110
support hundreds,0.000782062198725298,96
adjustment,0.0007817171815565086,70
carefully,0.0007815620046845322,79
higher education international,0.0007814821916489499,100
academic journey,0.0007806528739945179,85
program study,0.0007800599327168582,77
five seven years,0.0007798769884010854,103
human rights,0.0007794131871071183,46
choose canada,0.0007792592662826639,78
support hundreds thousands,0.0007784609644938423,95
bars,0.0007779886538987328,114
ways improve quality,0.0007778171520252349,116
leases,0.0007777675938416321,69
while dhs,0.0007776999501883054,110
vital role,0.0007776014077938312,86
housing food,0.0007775502870149395,92
innovation global,0.0007769215543702669,84
visitors foreign,0.0007762059667478168,80
august,0.0007755815670817336,103
centers,0.0007754736257521241,84
survey,0.0007753151071065832,99
please take whatever,0.0007751131813524966,139
interruption,0.0007749901672979017,89
rule discourage international,0.00077476482562499,134
rationale,0.0007746531168473431,92
additional time,0.0007744581685480034,95
file form,0.0007736156489509053,105
recommendation dhs,0.0007729493097005284,96
after completing first,0.0007729174996254037,95
america competitiveness,0.0007727713051420734,85
already backlogged,0.0007725289933942374,87
visa categories,0.0007721792192201295,89
technology engineering,0.0007720301787023293,89
mit,0.0007718572009484678,62
sends message,0.0007713051028163442,82
reflect reality,0.0007711118039644675,87
extensions stay eos,0.0007709728903903274,110
provide fair efficient,0.0007709302997332521,138
foundation nsf,0.0007707565651070819,113
science foundation nsf,0.0007707565651070819,113
rather than imposing,0.0007698570441226724,111
term academic,0.0007696804143180258,95
targets,0.0007695984012660886,81
transparency,0.0007694303240566397,76
ignores reality,0.0007691871731640538,79
reconsider rule,0.0007690056955902831,80
students provide,0.0007688967695906149,76
estimates international,0.0007683319557580064,96
thousands new,0.0007680996397624014,98
degree same lower,0.0007679884989864984,92
innovation capacity,0.0007679253883962618,88
web source,0.0007678386740509165,36
consistently,0.0007676925010764095,84
rulemaking,0.0007674149442695336,101
nor,0.0007669637224882717,84
continue provide fair,0.0007661134523843119,138
creating uncertainty,0.000766063871480102,93
enables,0.000765296015480242,89
kingdom australia,0.0007651817600536119,112
united kingdom australia,0.0007651817600536119,112
financial strain,0.0007650003596025937,91
education sector,0.0007647634579369128,88
less attractive destination,0.0007647283575652955,91
status through fault,0.0007646992908010686,92
students employers,0.0007644968775461582,100
exit,0.0007638605354583816,84
academic success,0.0007636256702570714,80
estimates international students,0.0007634747435256778,95
students not just,0.0007631593219832196,80
prohibition second,0.0007628746598004956,98
improved,0.0007628353129196978,88
certified,0.0007626672878253033,103
threatening,0.0007625060045168709,81
easily,0.0007619596779237703,82
standpoint,0.0007617770109253562,80
targeted oversight,0.0007617114285635202,105
major changes,0.0007614178796045935,85
public policy,0.0007601026988970104,78
assistants,0.0007600489442371558,76
example student,0.0007597328857154047,99
responsibility,0.0007593996271821484,90
high school,0.0007590735263807505,55
ability work,0.0007590504159193884,124
involve,0.0007583186092113734,84
costs million,0.000758270497223223,116
save,0.0007579873187583037,122
eroding,0.0007578969580021892,95
consuming,0.0007577793016004308,86
status fixed visa,0.0007571582648975068,82
motivated,0.000757079277195013,86
rescinded,0.0007566365005412612,97
rule introduces,0.0007565888698037378,94
diverting resources,0.0007565880714291755,95
perceived,0.0007564782830218864,84
while still,0.0007563127536292458,81
lasting,0.0007562893517826475,82
integration,0.0007559402358672517,89
partners,0.0007556258682920074,74
maintain status,0.0007552607004575213,87
lower academic level,0.0007549774144871009,83
unnecessary costs,0.0007548366727871799,93
undercuts,0.0007538607170533485,139
gaining,0.0007537662909358194,76
certifications,0.0007526240415359511,82
canada australia actively,0.0007524387562953908,88
flexibility essential,0.0007523542865216747,86
strengthen oversight,0.0007519018826514467,99
vice,0.0007515926294532627,84
hires,0.0007515577994505486,73
compelling,0.0007514132415702379,87
preserves,0.0007511155183707206,95
friendly,0.000750948406778646,81
ability attract global,0.0007507279173636385,90
students furthermore,0.0007501322773131792,133
comprehensive,0.0007501284332591531,87
economy supported over,0.0007500597852359412,87
setbacks,0.0007499885164350209,87
skilled graduates,0.0007499342086620512,82
increase costs,0.0007496912721016857,85
already faces,0.0007495141599500464,93
jobs nationwide,0.0007494275399128314,97
annually economy support,0.0007493884394162849,94
communities many,0.000749361722682942,135
file 539,0.0007490471924447856,85
sustained,0.0007489970374949036,80
global competition talent,0.0007488069656923857,87
sudden,0.0007484160082146101,89
dhs already,0.0007483754683275761,96
reaching,0.0007482574716136788,81
news,0.0007481428361951403,114
environments,0.0007481234765149163,80
restricting international students,0.0007480403416706105,82
periods create,0.0007478421173680007,79
talent shortages,0.0007478298367025288,83
government rescind,0.0007474099714336198,91
uncommon,0.0007473525205042613,92
visa extensions,0.0007467756863427545,84
america ability attract,0.0007466657143031481,91
employment opportunities,0.0007462605332239269,81
during academic,0.0007460833170597392,87
span,0.0007458067145668114,88
universities international,0.000745564578915601,86
inflict,0.0007455378534008458,90
comment opposition,0.0007455206573202997,96
exchange visitors foreign,0.0007455156485440332,79
tens billions dollars,0.0007454430209616509,94
rigid four,0.0007453998816813496,91
rigid four year,0.0007453998816813496,91
many universities,0.0007453338370277496,77
owner,0.0007449360563955349,65
leadership research,0.0007447740271371687,75
long term academic,0.0007443812133742126,91
analysis insight,0.000744288056452207,110
bar,0.000743980002090233,87
students stem fields,0.0007437708828441519,99
securing,0.0007435771209941147,80
published,0.0007431960224098585,93
costs students,0.000743157298118093,98
like myself,0.0007431482637526623,78
pandemic,0.0007430093088737777,88
previously,0.0007429570933642378,93
against covid,0.0007429285343307497,110
against covid 19,0.0007429285343307497,110
therapies against covid,0.0007429285343307497,110
shows international,0.0007427838536059479,86
attraction,0.0007427133918728804,75
international students support,0.0007425683072707002,86
states international,0.0007425420079232662,86
industries such,0.0007424790508060276,88
failing,0.0007423581820461051,92
generated,0.0007421267228311497,80
change providing,0.0007417713355381887,110
lengths,0.0007417533280454297,82
international students essential,0.0007416042530648801,83
misaligned,0.0007413879853943785,99
precisely because,0.0007413865640966209,95
write express,0.0007412678775350295,88
economy urge preserve,0.0007408999776213921,108
discover new,0.0007402219320049922,85
process rule,0.0007398178000978478,134
economy workforce,0.0007396558324852621,91
concern about,0.0007394510742600836,80
punitive,0.000738841454772727,88
council,0.0007387745834921778,90
requiring repeated,0.0007380364361890952,84
burden international,0.0007379220895761159,80
institutionalized,0.0007377758384002056,108
climate change providing,0.0007376386674835949,109
australia offer,0.000737607428589137,92
america long term,0.0007375146935497609,81
vaccines therapies,0.0007371137843243848,109
vaccines therapies against,0.0007371137843243848,109
about whether,0.0007366864786104527,83
financial stability,0.0007363578406484452,79
long standing duration,0.0007362132534621022,92
standing duration,0.0007362132534621022,92
lower levels,0.000736194581332999,78
doctoral program,0.0007355685505951068,72
contribute significantly economy,0.0007347327180156796,90
students united,0.0007346107358005723,84
students united states,0.0007346107358005723,84
allow second master,0.0007344925538417432,84
reveals,0.0007344258575062191,87
virginia,0.0007342795934872685,23
universities but also,0.0007340346930083108,83
director international,0.0007337117417032239,82
semiconductors,0.0007329281441913163,86
volume,0.0007327746777145285,88
providing analysis,0.0007323842233627978,108
providing analysis insight,0.0007323842233627978,108
institutionalized racism,0.000731947476370342,107
economic contributions international,0.000731773264688412,90
categorical,0.0007316859777515236,80
allow international,0.0007311672139745998,78
sectors like,0.0007309584324133694,82
retain day,0.0007308762145742838,91
studies without,0.0007301930295312219,79
security writing voice,0.000730103195531002,119
increase administrative,0.0007300786140137638,82
economic research,0.0007298379795737416,102
preventing climate,0.0007296959518736223,108
preventing climate change,0.0007296959518736223,108
maintain duration status,0.0007296852859341563,91
grow economy urge,0.0007295918510432779,106
billion economy supporting,0.0007294568844980329,82
thousands additional,0.0007293518322553645,84
thousands students file,0.0007291183418234962,91
benefits international,0.00072835481006336,88
projects often,0.0007274067676553121,77
worked effectively decades,0.0007267995474440604,80
complicated process,0.0007267060029098804,127
job creation,0.000726474525905481,89
replacement,0.0007264321104323994,88
change providing analysis,0.0007263219226171823,107
federal register,0.0007262391029007969,77
one million international,0.0007255478329284981,84
needing,0.0007244358751518701,80
ead,0.0007242783223396494,54
period after,0.0007239232214241309,94
compliance costs,0.0007236548134815582,96
rule fundamentally,0.0007235665661005214,97
security benefit,0.0007235334049303579,86
effects many,0.000722918676320095,107
promote,0.0007226724679416458,75
many academic programs,0.0007224529853965614,83
eliminates,0.0007223476754660108,83
long term competitiveness,0.0007222141089555713,83
term competitiveness,0.0007222141089555713,83
measurable,0.0007217680079691883,92
active,0.0007201667303365151,85
may pursue,0.0007200807209893346,77
executive summary,0.0007200716893790087,133
develop vaccines,0.0007200611388081019,106
develop vaccines therapies,0.0007200611388081019,106
helping develop vaccines,0.0007200611388081019,106
signals,0.0007199783994669153,88
inadvertently,0.000719923239618351,90
extends,0.00071960431226888,91
effects many other,0.0007194921927118097,106
recently,0.0007194104176176275,80
withdraw proposal preserve,0.000719126455928966,80
dollar,0.0007182872885239895,82
migration,0.000717967547388124,71
normal academic,0.0007177924796607035,95
ability study,0.0007173902064554567,79
adopted,0.0007172519732327083,88
proposal fundamentally,0.0007171279822058494,96
country forcing,0.0007171070373874297,131
strengthen communities,0.0007170068335672456,129
bottlenecks,0.0007168141676703686,85
rule dhs,0.0007165403816510002,93
enhance educational,0.0007160118880794589,132
control number administrator,0.0007155006677895841,90
number administrator,0.0007155006677895841,90
level after completing,0.0007149253718719728,87
academic reality,0.0007142779180630349,79
19 preventing,0.0007140950437065573,105
19 preventing climate,0.0007140950437065573,105
covid 19 preventing,0.0007140950437065573,105
through tuition living,0.0007138730447614303,87
analysis insight institutionalized,0.0007135596960448415,105
insight institutionalized,0.0007135596960448415,105
lawful presence,0.0007131629598320825,85
national economy,0.0007131072307879605,78
institutionalized racism effects,0.0007130110842605391,105
racism effects,0.0007130110842605391,105
housing retail,0.0007128056343652293,84
written,0.0007122782768818149,79
rule imposes,0.0007121240560919916,85
current students,0.0007119143692101753,75
accrual,0.0007117268351665912,102
reporting requirements,0.0007116052699332907,95
immigration services uscis,0.0007114491491949093,100
services uscis,0.0007114491491949093,100
equally,0.0007105358943832908,84
more targeted,0.0007103802604719764,85
academic continuity,0.0007099995624093998,79
than million,0.0007096307936983028,86
restrict international,0.0007095794215133119,82
visas not,0.00070929907430149,122
retain framework,0.0007088634938909925,84
complications,0.0007084943399927703,82
rigid fixed,0.0007083233191536448,92
risk status,0.0007080649961575505,90
generation energy,0.00070788236852506,131
next generation energy,0.00070788236852506,131
insight institutionalized racism,0.0007076826298096271,104
racism effects many,0.0007076826298096271,104
allows international,0.0007066660135059645,78
talent competition,0.0007065664580366464,78
stay eos applications,0.000706420056833717,99
oversight without,0.0007064161260462355,100
merely,0.0007062334684066206,82
comprise,0.0007053199005978087,87
education iie,0.0007051289149583973,100
international education iie,0.0007051289149583973,100
not uncommon,0.0007050455536780727,85
reconsider these,0.0007050225999624989,83
students families,0.000704305574158785,68
against cancer,0.0007042032960370466,131
therapies against cancer,0.0007042032960370466,131
immigration paperwork,0.0007038540799737098,80
availability,0.0007036094217135037,80
experiences domestic,0.0007033216023444686,130
experiences domestic students,0.0007033216023444686,130
sized,0.0007029270849156937,77
supported more,0.0007029225453234692,86
supported more than,0.0007029225453234692,86
replace current,0.0007026928883795803,92
international students represent,0.0007022092900742024,83
academic realities,0.0007020939502906684,90
permission remain country,0.000702034083857255,129
realities academic,0.0007019633343986783,83
timely filed,0.0007004797451816542,115
generation energy technologies,0.0007001526230389261,130
talent retention,0.000700051289530821,84
solely,0.0006997426261617231,81
sevis data,0.0006997218459059423,102
retain day grace,0.0006965218379040056,84
file form 539,0.0006964616830925344,91
restricting second,0.0006961222098194576,78
adapting,0.0006959646996565925,84
develop therapies,0.0006959434652350953,130
reflect realities,0.000695606490654867,80
same level degrees,0.0006954022392537383,64
cancer disease,0.0006953947446377572,129
dhs withdraw substantially,0.000695089084774922,105
critical fields,0.0006950222707937561,89
uscis backlogs,0.0006946467988576698,82
graduate enrollments,0.0006946263187062689,81
dhs should retain,0.0006942399419306875,104
stem graduates,0.0006936594383780474,72
dhs proposal eliminate,0.0006935321947185893,90
annually state,0.0006933235576217345,82
conflict,0.0006929437740198987,89
flows,0.0006927896072125008,82
replace current duration,0.0006916861283304541,90
itself estimates,0.0006908559389915512,96
apa,0.0006907683992278719,51
rule need,0.0006906390364009586,107
develop therapies against,0.0006906360624886231,129
helping develop therapies,0.0006906360624886231,129
filing fees,0.0006905906112218971,100
comment proposed,0.0006901690788848239,85
periodic,0.000689915593182144,96
admission nonimmigrants,0.0006895522157674567,90
federally funded research,0.0006892530737169742,83
against cancer disease,0.0006882462569485154,128
undermining america,0.0006878645858493402,85
impose significant,0.0006866266884433686,89
country forcing visa,0.0006863768063672564,127
remain country forcing,0.0006863768063672564,127
oppose dhs proposed,0.0006857681783124923,85
backdoor,0.0006854714166497966,103
mismatch,0.0006852635630142235,84
relocation,0.0006851058244761468,80
without undermining,0.0006838992515611655,100
these measures,0.0006834889148767348,79
more than million,0.0006834259787585488,83
exams,0.0006833610931618266,83
attracting retaining,0.0006830911071749415,81
proposed shift,0.0006828920304188138,84
strategy consultant,0.000682353065195945,95
talent strategy consultant,0.000682353065195945,95
objective,0.0006820773406909677,74
harm united,0.0006815123292466522,81
harm united states,0.0006815123292466522,81
administratively,0.0006814148630875023,81
entirety,0.000681318344468214,87
bad actors,0.0006810710904943894,79
destination international students,0.000680607654089722,83
regarding proposed rule,0.0006805363178761107,80
bullying transferring,0.000680368064802687,127
bullying transferring programs,0.000680368064802687,127
harassment bullying transferring,0.000680368064802687,127
misalignment,0.0006803539354990181,94
opt program,0.0006801731171401441,123
advances improve,0.0006797181991331618,127
advances improve quality,0.0006797181991331618,127
cancer disease next,0.0006797181991331618,127
disease next,0.0006797181991331618,127
disease next generation,0.0006797181991331618,127
many other advances,0.0006797181991331618,127
other advances,0.0006797181991331618,127
other advances improve,0.0006797181991331618,127
talent acquisition,0.0006793259367225339,68
ten,0.0006793027770487291,91
educational opportunities experiences,0.0006790585946447037,127
opportunities experiences,0.0006790585946447037,127
degree whether,0.0006787319807540664,83
talent mobility,0.0006784174246595869,80
scholars create,0.0006784063973143929,127
students scholars create,0.0006784063973143929,127
enhance educational opportunities,0.0006779710484298573,127
ability pursue second,0.0006769256202849341,76
through second master,0.0006762467260320982,78
tool,0.0006760113172643474,87
decision making,0.0006752331048271077,73
period should,0.0006752246288573452,84
work permit,0.0006741622462859367,85
539 extension,0.0006737156409844262,83
homeland security withdraw,0.0006736817170971423,85
security withdraw,0.0006736817170971423,85
scholars create jobs,0.0006733563473526586,126
recommendation dhs should,0.0006733520642282541,82
concern writing,0.000673113723186365,88
may concern writing,0.000673113723186365,88
opportunities experiences domestic,0.0006730049678602398,126
lawfully,0.0006727049910452596,75
generates,0.0006726012790877672,83
destabilize,0.0006716699837014852,81
could result,0.0006707382088488171,79
basis complicated,0.0006706673108539466,124
frequent basis complicated,0.0006706673108539466,124
continuation,0.0006702063108133654,70
may require,0.0006701445372158767,81
improve tracking,0.0006697558202028438,109
take jobs americans,0.0006696888741058525,110
process rule discourage,0.0006695367223550419,124
contribute tens,0.0006694880395951914,85
should implement,0.0006694152330079733,94
intense,0.0006690424247360795,83
preserve day,0.0006687846961247916,85
one educational,0.000668298460824148,75
graduate doctoral,0.0006669277004770471,81
basis complicated process,0.0006662440439311126,123
search,0.0006662129005320773,77
urge immediate,0.0006659522723839967,79
national security protect,0.0006657316897790642,104
security protect,0.0006657316897790642,104
function,0.0006654372316494961,80
tools strengthen,0.0006651622455502457,123
tools strengthen communities,0.0006651622455502457,123
dhs proposal replace,0.0006651089754766849,81
canada australia offer,0.000664866173463294,81
enhance oversight,0.0006647461483096194,91
students please take,0.000663530573962947,123
second degree whether,0.0006619347461046,80
preserve day grace,0.0006618422618538685,83
lapses,0.000661813345486528,88
submit comment opposition,0.0006616485649578128,84
thank consideration,0.0006614972577708479,80
reentry,0.0006614462778549644,91
while re,0.0006614219794467736,110
one educational level,0.0006613643892542135,74
grace period after,0.0006603539562148107,83
energy technologies tools,0.0006603383368769853,122
technologies tools,0.0006603383368769853,122
complicated process rule,0.0006601640592644818,122
far beyond,0.0006600624763817936,79
clearer more,0.0006599043722877385,81
decline international student,0.0006597441161771537,78
term admission,0.0006596199045412996,74
received,0.0006594830559684733,124
graduate students please,0.0006591087018521936,122
contribute tens billions,0.0006588761963667923,83
create jobs enhance,0.0006577242252101417,122
jobs enhance,0.0006577242252101417,122
jobs enhance educational,0.0006577242252101417,122
streamline,0.0006574906660031765,81
holders replace,0.0006567627586653191,84
visa holders replace,0.0006567627586653191,84
economy contributions,0.0006563462321920477,121
provides real,0.0006561881633720011,91
finalize rule,0.0006561778475444366,108
existing framework,0.0006561582291161039,80
dhs should implement,0.0006555935282653838,91
eos application,0.0006550110758577957,67
era,0.0006548114411269404,76
current day grace,0.0006545826521201097,82
legitimate educational,0.0006542935820451856,75
framework fixed,0.000653879191475396,82
withdraw proposal instead,0.0006537872193082021,96
lobby,0.0006527288200683048,84
disrupted,0.0006526824886921251,80
domestic students workers,0.000652404370131177,104
sevis oversight,0.0006519565316530427,81
administration consider,0.0006511840786796184,108
require five,0.0006501540624789649,83
fixed term admission,0.0006499839900445841,72
domestic students furthermore,0.0006483441995392501,120
enhance security,0.0006476663541295169,80
dhs itself estimates,0.0006472819141578684,87
while enhancing,0.0006469244808244947,93
ending ability,0.0006465458932349545,107
urge administration consider,0.0006465458932349545,107
exchanges,0.0006462237946257181,121
communities many other,0.0006452914882211837,120
strengthen communities many,0.0006452914882211837,120
technologies tools strengthen,0.0006452914882211837,120
economy contributions international,0.0006446761902683102,119
states urge,0.0006441619786568331,112
united states urge,0.0006441619786568331,112
day period,0.0006433050174632398,73
work take,0.0006431655376337347,106
holders replace fixed,0.0006426842512714922,82
students furthermore limiting,0.0006425762242714665,119
bureau economic,0.0006410152639912654,91
consider additional,0.0006407272310660933,107
both protect,0.0006405614786899356,102
maximum admission,0.0006405095804089794,78
students means,0.0006396416936645049,121
grow economy contributions,0.0006396403134332553,118
ending ability work,0.0006385707771206104,106
protect domestic,0.0006369869547336354,102
systematically,0.0006367845007445299,72
additional limits,0.0006367374687578871,106
additional limits foreign,0.0006367374687578871,106
administration consider additional,0.0006367374687578871,106
americans improve,0.0006367374687578871,106
consider additional limits,0.0006367374687578871,106
exchange visitors such,0.0006367374687578871,106
jobs americans improve,0.0006367374687578871,106
such ending,0.0006367374687578871,106
such ending ability,0.0006367374687578871,106
visitors such,0.0006367374687578871,106
visitors such ending,0.0006367374687578871,106
iv,0.0006354917396853476,59
jobs nafsa,0.0006345647117761335,68
foreign students both,0.0006338232917081083,102
need limits,0.0006338232917081083,102
need limits foreign,0.0006338232917081083,102
provides real time,0.000633207051341987,88
national center,0.0006329507026839264,62
youth,0.0006327488115389482,98
percent,0.0006322638946569284,33
unlike,0.0006307239271541069,80
nber,0.0006306245201582958,88
tuition housing local,0.0006304027886014983,82
hosts,0.0006294666293432528,78
opposition department,0.0006293153453096303,86
ability work take,0.0006287387218844081,105
work take jobs,0.0006287387218844081,105
facilitate,0.0006285137487365194,126
both protect national,0.000628067574080174,101
students both protect,0.000628067574080174,101
after program,0.0006276675908606617,79
oversight through sevis,0.0006263754307025277,79
research workforce,0.0006233801590911028,79
re united,0.0006220000879796749,105
re united states,0.0006220000879796749,105
while re united,0.0006220000879796749,105
americans improve tracking,0.0006219959937658034,105
improve tracking while,0.0006219959937658034,105
tracking while,0.0006219959937658034,105
peer,0.0006219823635309806,80
protect domestic students,0.0006215878683200617,100
security protect domestic,0.0006215878683200617,100
strategically,0.0006212325996891323,77
dhs acknowledges,0.0006211875133395442,87
similar lower,0.0006210704577056637,85
two year,0.0006199436685339103,60
rule need limits,0.0006198845715387028,100
support rule need,0.0006198845715387028,100
effort recruit,0.0006188120289386755,84
nightmare,0.0006181267027591567,116
prohibition second master,0.000617482361795174,78
bureau economic research,0.0006172118945354119,88
national bureau,0.0006172118945354119,88
national bureau economic,0.0006172118945354119,88
increased administrative burden,0.000616718120940446,82
administration finalize,0.0006163056640192381,102
administration finalize rule,0.0006163056640192381,102
urge administration finalize,0.0006163056640192381,102
opposition department homeland,0.0006156851845634117,85
capture,0.0006141041475266283,76
estimates annualized,0.000611517542030679,93
salaries,0.0006102099215747497,120
tracking while re,0.0006072147791929927,104
while strengthening,0.0006036497178160328,83
underestimates,0.0006002910950151501,84
students some,0.0005972140884685891,106
encourages,0.0005962040176237119,115
same less,0.0005951243403108217,77
same less advanced,0.0005951243403108217,77
proposed rule represents,0.0005942909369975914,82
alternatives instead,0.0005901221597690421,96
educational cultural,0.0005886166666417978,117
biometric,0.0005864746049550279,73
imposing blanket,0.0005841122563976422,80
ros,0.0005815339202015965,73
economic research nber,0.0005793387289722436,81
research nber,0.0005793387289722436,81
reliance interests,0.0005738607896056269,44
such canada united,0.0005715474706685103,78
estimates annualized costs,0.0005605478951389832,83
accruing,0.0005578235779442588,77
reasoning,0.0005546061582179738,93
other visa,0.0005542725122327066,113
selling,0.00055355288321053,104
rule instead,0.0005516504118340634,78
viewed,0.0005475491408621954,114
targeted compliance,0.0005431970090676705,76
summary respectfully,0.0005410831134266118,92
provide safe,0.0005380818895470839,84
provide safe harbor,0.0005380818895470839,84
program visa,0.0005373793820325751,115
filings annually,0.0005370890036151648,69
estimate,0.0005311448553936106,80
predicted,0.0005295868519521413,109
annualized costs million,0.0005282900548987746,82
states urge administration,0.0005235128387865014,94
strip,0.0005111377851247988,100
presence accrual,0.0005099439153657981,71
unlawful presence accrual,0.0005099439153657981,71
summary respectfully oppose,0.0005087153214591805,86
comment pertaining,0.000497710723529384,66
pertaining,0.000497710723529384,66
cap gap,0.0004969121212619584,32
social media,0.0004943187756746674,100
seasonal,0.0004928063528397092,103
training opt program,0.00047259422064975233,104
overstay rate,0.0004678456979071457,101
correctly,0.0004640491370491097,97
cultural exchanges,0.0004502693059454154,96
department should,0.00044945945936427495,96
piece,0.00044441849824709454,91
visa overstay,0.0004349321471454479,97
educational purposes,0.00043197110104925643,95
like optional,0.00042985610081367056,97
like optional practical,0.00042985610081367056,97
programs like optional,0.0004180576822867148,95
even more than,0.00041597916593011364,86
gao,0.0004088188467275437,90
student exchange visitors,0.00039748871613159146,91
all nonimmigrant,0.0003926323298552429,91
1b system,0.0003880442056699448,91
employers students,0.0003873194632450591,89
among highest,0.00038410050263169165,89
promoted,0.0003839376165995543,89
nonimmigrant groups,0.00038301882126830146,89
supposed educational,0.0003820025452363628,89
supposed educational purposes,0.0003820025452363628,89
visa supposed,0.0003820025452363628,89
visa supposed educational,0.0003820025452363628,89
not educating,0.00037982129329329413,87
overstay rate student,0.00037476760418310505,87
rate student,0.00037476760418310505,87
rate student exchange,0.00037476760418310505,87
than other,0.0003745471595629325,89
abc,0.0003743460791584715,87
backdoor labor,0.00037376132289245693,89
educating students,0.0003724493846755286,87
visa overstay rate,0.00037190050786236624,87
pay fees,0.000371379684210853,90
much money,0.0003709675270853991,86
round,0.0003709301505907267,89
pair,0.0003703393038040427,89
level phd,0.0003685940858022398,89
backdoor labor market,0.00036406582496659683,88
educational purposes reality,0.00036406582496659683,88
labor market via,0.00036406582496659683,88
market via,0.00036406582496659683,88
market via programs,0.00036406582496659683,88
purposes reality,0.00036406582496659683,88
purposes reality viewed,0.00036406582496659683,88
reality viewed,0.00036406582496659683,88
reality viewed backdoor,0.00036406582496659683,88
via programs,0.00036406582496659683,88
via programs like,0.00036406582496659683,88
viewed backdoor,0.00036406582496659683,88
viewed backdoor labor,0.00036406582496659683,88
long hours,0.0003637386810229281,84
dhs moreover,0.0003632367770453431,86
exchange visitors among,0.00036273367598863655,87
visitors among,0.00036273367598863655,87
primary goal,0.00036159360742607526,86
down level,0.0003583155302405224,87
selling visas,0.0003563962028870177,86
there such,0.00035160281456701764,86
all nonimmigrant groups,0.00035154175901847966,85
among highest all,0.00035154175901847966,85
groups dhs,0.00035154175901847966,85
groups dhs moreover,0.00035154175901847966,85
highest all,0.00035154175901847966,85
highest all nonimmigrant,0.00035154175901847966,85
nonimmigrant groups dhs,0.00035154175901847966,85
visitors among highest,0.00035154175901847966,85
money can,0.0003503521780152476,85
appear operating,0.00035007429792236454,85
appear operating primary,0.00035007429792236454,85
goal selling,0.00035007429792236454,85
goal selling visas,0.00035007429792236454,85
not educating students,0.00035007429792236454,85
operating primary,0.00035007429792236454,85
operating primary goal,0.00035007429792236454,85
primary goal selling,0.00035007429792236454,85
schools appear,0.00035007429792236454,85
schools appear operating,0.00035007429792236454,85
selling visas not,0.00035007429792236454,85
visas not educating,0.00035007429792236454,85
increase foreign,0.00034948914151323687,87
program become,0.00034665542085687444,81
sponsors while,0.000346282298432579,86
grab,0.0003460800232328811,85
work best,0.0003449297036741749,82
hold down,0.00034443599651851336,85
panel,0.0003438549474130428,83
studies there,0.0003417089704202217,83
dhs moreover number,0.00034134578876276084,84
moreover number,0.00034134578876276084,84
moreover number schools,0.00034134578876276084,84
number schools,0.00034134578876276084,84
number schools appear,0.00034134578876276084,84
foreign student enrollment,0.00034098786875628583,86
hiring americans,0.00034007284779114395,83
can used,0.0003393075516044263,82
hiring foreign,0.00033880657736035493,85
enrollment discourage,0.0003384653948245735,85
calculate,0.00033827870380296867,86
system undercuts,0.0003348999151380219,85
refers,0.0003347770119436668,85
such effort,0.0003346026656207598,84
educating students abc,0.0003335971363598203,83
students abc,0.0003335971363598203,83
phd salaries,0.00033344003922245846,85
recruit foreign,0.0003329494281195131,85
but visa,0.00033145875486383076,81
meaning can,0.00033086996384599463,84
hiring american,0.00033015506670324216,84
1b system undercuts,0.0003278667175800344,84
american workers compact,0.0003278667175800344,84
compact,0.0003278667175800344,84
how 1b,0.0003278667175800344,84
how 1b system,0.0003278667175800344,84
system undercuts american,0.0003278667175800344,84
undercuts american,0.0003278667175800344,84
undercuts american workers,0.0003278667175800344,84
workers compact,0.0003278667175800344,84
down level phd,0.0003272019216222921,84
far back,0.0003272019216222921,84
foreign students means,0.0003272019216222921,84
foundation promoted,0.0003272019216222921,84
foundation promoted increase,0.0003272019216222921,84
hold down level,0.0003272019216222921,84
increase foreign students,0.0003272019216222921,84
level phd salaries,0.0003272019216222921,84
means hold,0.0003272019216222921,84
means hold down,0.0003272019216222921,84
phd salaries far,0.0003272019216222921,84
promoted increase,0.0003272019216222921,84
promoted increase foreign,0.0003272019216222921,84
salaries far,0.0003272019216222921,84
salaries far back,0.0003272019216222921,84
science foundation promoted,0.0003272019216222921,84
students means hold,0.0003272019216222921,84
program national,0.0003269380110624373,84
transcript,0.0003251929453817252,82
year round,0.0003243136038342631,84
effort recruit american,0.0003233068261221229,83
exists there,0.0003233068261221229,83
exists there lobby,0.0003233068261221229,83
expand summer,0.0003233068261221229,83
expand summer work,0.0003233068261221229,83
fees sponsors,0.0003233068261221229,83
fees sponsors while,0.0003233068261221229,83
lobby american,0.0003233068261221229,83
lobby expand,0.0003233068261221229,83
lobby expand summer,0.0003233068261221229,83
pay fees sponsors,0.0003233068261221229,83
program exists,0.0003233068261221229,83
program exists there,0.0003233068261221229,83
recruit american,0.0003233068261221229,83
sponsors while strong,0.0003233068261221229,83
strong lobby,0.0003233068261221229,83
strong lobby expand,0.0003233068261221229,83
such effort recruit,0.0003233068261221229,83
there lobby,0.0003233068261221229,83
there lobby american,0.0003233068261221229,83
there such effort,0.0003233068261221229,83
travel program exists,0.0003233068261221229,83
while strong,0.0003233068261221229,83
while strong lobby,0.0003233068261221229,83
wouldn pay,0.0003233068261221229,83
wouldn pay fees,0.0003233068261221229,83
clubs,0.00032272135731377887,81
russian,0.0003223720345917328,80
opt program national,0.00032108878650173193,83
program national science,0.00032108878650173193,83
americans year,0.00032089516198712724,82
back how,0.0003207978033725253,83
back how 1b,0.0003207978033725253,83
far back how,0.0003207978033725253,83
american kids wouldn,0.0003202883532533855,82
kids wouldn,0.0003202883532533855,82
kids wouldn pay,0.0003202883532533855,82
recruit american kids,0.0003202883532533855,82
studies american,0.00032025924188385635,82
jobless,0.000318678439896903,82
jobs helping,0.00031855737699110556,83
describe,0.000318191128698468,81
fees cultural,0.0003179877142326376,79
lobby american kids,0.0003169568992027342,81
avoid hiring,0.00031636864499103435,83
abc visa,0.00031474416207677203,81
abc visa supposed,0.00031474416207677203,81
students abc visa,0.00031474416207677203,81
compact nsf,0.0003146639868359757,82
compact nsf correctly,0.0003146639868359757,82
correctly predicted,0.0003146639868359757,82
correctly predicted surge,0.0003146639868359757,82
discourage domestic,0.0003146639868359757,82
discourage domestic students,0.0003146639868359757,82
enrollment discourage domestic,0.0003146639868359757,82
nsf correctly,0.0003146639868359757,82
nsf correctly predicted,0.0003146639868359757,82
predicted surge,0.0003146639868359757,82
predicted surge foreign,0.0003146639868359757,82
student enrollment discourage,0.0003146639868359757,82
surge foreign,0.0003146639868359757,82
surge foreign student,0.0003146639868359757,82
workers compact nsf,0.0003146639868359757,82
foreign youth,0.00031209201337367644,82
studies visa,0.0003115513972974672,80
educational cultural exchanges,0.00031136540068216824,80
avoid hiring americans,0.0003111328866209292,82
pie,0.0003110980035757731,82
beach,0.00031084265537442094,80
can save,0.00031059083472281097,82
seasonal hiring,0.0003105023135707701,82
hiring foreign students,0.00030908569847215,82
come work,0.00030814028186928284,80
concluded,0.0003073524644766509,79
some visa,0.000306256658657379,79
some visa holders,0.000306256658657379,79
how much money,0.0003061035092902077,81
helping employers,0.0003058687323574528,81
recruit foreign youth,0.00030578645983078267,81
robust social,0.00030497127708396544,81
robust social media,0.00030497127708396544,81
americans year round,0.00030482532552820893,81
cultural exchange center,0.00030482532552820893,81
encourages seasonal,0.00030482532552820893,81
encourages seasonal hiring,0.00030482532552820893,81
every year fees,0.00030482532552820893,81
exchange center,0.00030482532552820893,81
exchange center immigration,0.00030482532552820893,81
foreign students while,0.00030482532552820893,81
hiring americans year,0.00030482532552820893,81
million received,0.00030482532552820893,81
million received every,0.00030482532552820893,81
not hiring,0.00030482532552820893,81
not hiring american,0.00030482532552820893,81
over million received,0.00030482532552820893,81
panel transcript,0.00030482532552820893,81
panel transcript summer,0.00030482532552820893,81
program center,0.00030482532552820893,81
program center immigration,0.00030482532552820893,81
program encourages,0.00030482532552820893,81
program encourages seasonal,0.00030482532552820893,81
received every,0.00030482532552820893,81
received every year,0.00030482532552820893,81
seasonal hiring foreign,0.00030482532552820893,81
students while youths,0.00030482532552820893,81
transcript summer,0.00030482532552820893,81
transcript summer work,0.00030482532552820893,81
travel program center,0.00030482532552820893,81
used avoid,0.00030482532552820893,81
used avoid hiring,0.00030482532552820893,81
while youths,0.00030482532552820893,81
while youths jobless,0.00030482532552820893,81
year fees,0.00030482532552820893,81
youths,0.00030482532552820893,81
youths jobless,0.00030482532552820893,81
holders often,0.000302583376195216,79
visa holders often,0.000302583376195216,79
american kids panel,0.00030176583233810654,80
hiring american kids,0.00030176583233810654,80
kids panel,0.00030176583233810654,80
kids panel transcript,0.00030176583233810654,80
other visa holders,0.0003014936170461675,79
department inspector,0.00030139907310416773,79
department inspector general,0.00030139907310416773,79
gao state,0.00030139907310416773,79
gao state department,0.00030139907310416773,79
inspector,0.00030139907310416773,79
inspector general,0.00030139907310416773,79
state department inspector,0.00030139907310416773,79
than other visa,0.0002989312392946519,79
american sponsors,0.00029864258859392133,80
american sponsors pair,0.00029864258859392133,80
become money,0.00029864258859392133,80
become money machine,0.00029864258859392133,80
but summer,0.00029864258859392133,80
calculate how,0.00029864258859392133,80
calculate how much,0.00029864258859392133,80
can save not,0.00029864258859392133,80
can used avoid,0.00029864258859392133,80
effort recruit foreign,0.00029864258859392133,80
employers calculate,0.00029864258859392133,80
employers calculate how,0.00029864258859392133,80
foreign youth program,0.00029864258859392133,80
grab piece,0.00029864258859392133,80
grab piece pie,0.00029864258859392133,80
helping employers calculate,0.00029864258859392133,80
immigration studies american,0.00029864258859392133,80
jobless program,0.00029864258859392133,80
jobless program become,0.00029864258859392133,80
jobs helping employers,0.00029864258859392133,80
machine over,0.00029864258859392133,80
machine over million,0.00029864258859392133,80
meaning can used,0.00029864258859392133,80
media effort,0.00029864258859392133,80
media effort recruit,0.00029864258859392133,80
money can save,0.00029864258859392133,80
money machine,0.00029864258859392133,80
money machine over,0.00029864258859392133,80
much money can,0.00029864258859392133,80
not summer,0.00029864258859392133,80
not summer but,0.00029864258859392133,80
overseas sponsors,0.00029864258859392133,80
overseas sponsors grab,0.00029864258859392133,80
pair overseas,0.00029864258859392133,80
pair overseas sponsors,0.00029864258859392133,80
pie there,0.00029864258859392133,80
pie there robust,0.00029864258859392133,80
piece pie,0.00029864258859392133,80
piece pie there,0.00029864258859392133,80
program become money,0.00029864258859392133,80
program jobs,0.00029864258859392133,80
program jobs helping,0.00029864258859392133,80
program refers,0.00029864258859392133,80
program refers not,0.00029864258859392133,80
refers not,0.00029864258859392133,80
refers not summer,0.00029864258859392133,80
save not,0.00029864258859392133,80
save not hiring,0.00029864258859392133,80
social media effort,0.00029864258859392133,80
sponsors grab,0.00029864258859392133,80
sponsors grab piece,0.00029864258859392133,80
sponsors pair,0.00029864258859392133,80
sponsors pair overseas,0.00029864258859392133,80
studies american sponsors,0.00029864258859392133,80
summer but,0.00029864258859392133,80
summer but summer,0.00029864258859392133,80
there robust,0.00029864258859392133,80
there robust social,0.00029864258859392133,80
travel program refers,0.00029864258859392133,80
visa summer,0.00029864258859392133,80
visa summer work,0.00029864258859392133,80
youth program,0.00029864258859392133,80
youth program jobs,0.00029864258859392133,80
youths jobless program,0.00029864258859392133,80
holders program,0.0002976652004127284,78
visa holders program,0.0002976652004127284,78
inspector general concluded,0.0002950461162457578,78
myrtle,0.0002950461162457578,78
myrtle beach,0.0002950461162457578,78
myrtle beach wmbf,0.0002950461162457578,78
work best strip,0.0002950461162457578,78
immigration studies there,0.00029366237268397687,79
studies there such,0.00029366237268397687,79
